id,ddpsubcategory,shiptypeid,hasitemsonbag,country
7ea154ca24c0f66c41bfe8aa6933446e,WEBSITE,WEBSITE,WEBSITE,WEBSITE
e026927ceab919725a4594fc0dab35a3,Shirts,2,Yes,19
9685d70857a4d0930ab539b3e9c32ca3,"Hats and other headgear, knitted or crocheted, or made-up from lace, felt or other textile fabric, in the piece (but not in strips), whether or not lined or trimmed",2,Yes,19
30dea1e296ede218e40cc57a0b3e6b96,"Trousers, overalls, shorts",2,Yes,19
ddf4c6553719ac9f2e174a4b78df38c5,"Jerseys, pullovers, cardigans, waistcoats and similar articles, knitted or crocheted",2,Yes,19
cba2161ef9703e24983a7bcc1306562c,Shirts,2,Yes,19
dbc201f67df5770afd8a0ee1c645e9c8,Belts,2,Yes,19
80b9725bcd14011e2cf3a4ee0eef3e88,Shirts,2,Yes,19
0f89c42f20a3c12c33d68e1e9e78a2be,"Hats and other headgear, knitted or crocheted, or made-up from lace, felt or other textile fabric, in the piece (but not in strips), whether or not lined or trimmed",2,Yes,19
1eabbfd93f1e38daed0123c3e5f9e57c,"Trousers, overalls, shorts",2,Yes,3
f3c4005aa25305d9f10e59e822addace,"Trunks, suitcases, vanity cases, executive-cases, briefcases, school satchels and similar",2,Yes,3
0d6a3f82de5b18d8ee1d3b41f913d194,"Handbags, whether or not with shoulder strap, including those without handle",4,No,7
071185914ea27b1419db292ea54d75c6,"Handbags, whether or not with shoulder strap, including those without handle",2,No,3
234e35c9180d1c9e545f127cb37b8c35,WEBSITE,WEBSITE,WEBSITE,WEBSITE
541a12442fe96790bf6dd445e55452e4,"Handbags, whether or not with shoulder strap, including those without handle",2,No,3
d87abf35cc772656d367074862428909,"Handbags, whether or not with shoulder strap, including those without handle",2,Yes,1
84b18cb88f9f2fdd77a2b887d975623a,"Of base metal, whether or not plated with precious metal",2,No,3
0132d7c0e3afb7edf5035f8d218ead79,Footwear with outer soles of leather or composition leather,2,No,3
39cd8b707708da2c8ea274dc6e16882c,"Of base metal, whether or not plated with precious metal",2,No,3
991f0146bb5e7fe3cc5380ce3dfabe5a," T-shirts, singlets and other vests",2,Yes,12
17011fd558c5fbd7b5e5b5ccadbab4f0," T-shirts, singlets and other vests",2,No,3
db420e88c9934e8f321afe95a5105adf,Other footwear,2,No,11
cebcd29d3734d8523d3ff112937ca24e,Other footwear with outer soles of leather,2,Yes,1
5c53763f38b4bda2a1f283b86508d6d4,Other footwear with outer soles of leather,2,Yes,1
0c52415bc2a0a833895b8384610034a3,"Jerseys, pullovers, cardigans, waistcoats and similar articles, knitted or crocheted",2,Yes,1
0177eddec63c245f506ef2bc0e09375d,Jackets and blazers,2,No,12
ddb3cd7e5d8e3e27f110c69cec476097,Belts,2,No,95
3c6a5288ffb466c70d776a5968d09637,WEBSITE,WEBSITE,WEBSITE,WEBSITE
4905b81ddbe89e29dbc3170d7240cd9c,"Handbags, whether or not with shoulder strap, including those without handle",2,Yes,19
028440e5b47771796d4ba443d65fad68,WEBSITE,WEBSITE,WEBSITE,WEBSITE
2288200fd1105ba221b2adb4a5080961," T-shirts, singlets and other vests",2,No,1
aa889d23302349f03f52b987ca87b5b0,API,API,API,API
1d9df29def816f8aa41f12909ed83834," T-shirts, singlets and other vests",2,Yes,1
230a79393cf80b059627987d22b1df03,Footwear with outer soles of rubber or plastics,2,No,15
4d526a273110aec620d0a6478e1a2f9f,WEBSITE,WEBSITE,WEBSITE,WEBSITE
b36a64ddc284739b93302f83d0aed0ca,Other footwear,2,Yes,12
02e38e72fc9b4deffe07c1b48ca46480,Footwear with outer soles of rubber or plastics,2,Yes,12
a319f6e658dcbf40886c2a2a98758012,Dresses,4,No,7
885ba199275142ac34d3d82df0db23ff,Dresses,4,No,7
61c50784a9f8ebffd3e457c68191825e,"Jerseys, pullovers, cardigans, waistcoats and similar articles, knitted or crocheted",4,No,7
d57f215a0e98f0f690420a2f74db4a3a,Skirts,4,No,7
1be99f7b1e97238d15fedb890471153f,Footwear with outer soles of rubber or plastics,2,No,12
c6f883fbe071e6c700b11a8b4791b6c7,"Handbags, whether or not with shoulder strap, including those without handle",2,Yes,5
4ab91b58e5629961fd4c7241b64712c7,Footwear with outer soles of rubber or plastics,2,Yes,4
4700e3e6a3d48a48f42962abf5e56d04,Other,1,Yes,1
72cc718aff8a9c2c00b29c311a86f8de,Footwear with outer soles of rubber or plastics,2,No,1
89edfde63cf28d7fa29dfb65b38a6caf,,2,Yes,16
1e2677482998439ed77e51580e7a8efa,"Hats and other headgear, knitted or crocheted, or made-up from lace, felt or other textile fabric, in the piece (but not in strips), whether or not lined or trimmed",2,Yes,16
75b3ca3df34661dde3bec359e75bfa19,Footwear with outer soles of rubber or plastics,2,Yes,16
249bb42fcc2eec7d6735fc8e3b436302,"Hats and other headgear, knitted or crocheted, or made-up from lace, felt or other textile fabric, in the piece (but not in strips), whether or not lined or trimmed",2,Yes,16
6b74262f225efc33668526fcda06641e,"Handbags, whether or not with shoulder strap, including those without handle",2,No,3
33340bfccdf73c83d6d7acb2b9c11af5,"Jerseys, pullovers, cardigans, waistcoats and similar articles, knitted or crocheted",1,No,1
5e7b029af4ee086c280d4fd5c8e3cbde,"Coats: overcoats, raincoat, cape, cloaks and similar articles",2,Yes,12
6ea1aa66c24909a946b467e0032e5af8,"Handbags, whether or not with shoulder strap, including those without handle",2,Yes,3
c503cf58aebeafec02787c94d333b6de,"Jerseys, pullovers, cardigans, waistcoats and similar articles, knitted or crocheted",2,Yes,41
26745db07895490afb056ca638684772,"Jerseys, pullovers, cardigans, waistcoats and similar articles, knitted or crocheted",2,Yes,41
8231976235ae03cb315a898f461731be,WEBSITE,WEBSITE,WEBSITE,WEBSITE
619606d751c1c6276dfc179c7981bce5,"Jerseys, pullovers, cardigans, waistcoats and similar articles, knitted or crocheted",2,Yes,41
757eb593346b59e35c74e040ac6a0246,"Jerseys, pullovers, cardigans, waistcoats and similar articles, knitted or crocheted",2,Yes,41
3638589626a099ecb75e656c53334c71,,2,Yes,19
02cb7d6daaf8d934967f1b9e981ac77c,Other footwear with outer soles of leather,2,No,3
3b8545d095b92c2cfc3285dc4249fcfe,Other footwear,2,No,12
a5940b1b23a3fe10fb037b64e41f6b51,"Handbags, whether or not with shoulder strap, including those without handle",2,No,12
cde26696f75e276fadaa378c0d10fd35,"Coats: overcoats, raincoat, cape, cloak, ski jackets, windcheaters, wind-jackets and similar articles",2,Yes,19
ed63aef3919472ece63404d6267f45e6,Shirts,2,No,16
ab024563711b849c4e196ad407c8516e,"Jerseys, pullovers, cardigans, waistcoats and similar articles, knitted or crocheted",2,No,16
31fb599adc6459ce3c519b4b1d8e0680,"Jerseys, pullovers, cardigans, waistcoats and similar articles, knitted or crocheted",2,No,16
6b51838577534d37c39643ef07fe735c,Dresses,2,Yes,9
3efc71a478ebec01f096f715ac03f25c,WEBSITE,WEBSITE,WEBSITE,WEBSITE
5b006be1d7d171cc2812b49e5718b447,"Coats: overcoats, raincoat, cape, cloak, ski jackets, windcheaters, wind-jackets and similar articles",2,Yes,9
0539db8ed8a2b48c90cfac095f6e9e2e,,2,No,1
f330831532b3a8af4ff3d308347c73c3,Footwear with outer soles of rubber or plastics,2,Yes,19
1ec74962d7bc0bd5d1bac86ee728d6cf,,2,Yes,19
9d7db814dd162e275b91f517bd7eda6a,Jackets and blazers,2,Yes,19
c9fab89571659949d591f5b32432c6c4,Footwear with outer soles of rubber or plastics,2,Yes,4
23d74442f600e64351a684a8743ef09b,WEBSITE,WEBSITE,WEBSITE,WEBSITE
dbe683e464fe083bd16e41d8193ae928,"Handbags, whether or not with shoulder strap, including those without handle",2,No,3
faa2aedfc53d2dc9d2ed0ddeb9216485,Dresses,6,No,7
06d6c78905b87df09c70832fb08b8867,"Shawls, scarves, mufflers, mantillas, veils and similar articles",2,No,16
0478c7172f761d879f337f441e1ef8ae,"Shawls, scarves, mufflers, mantillas, veils and similar articles",2,No,16
4dc63c87782bdc9c13799f8d7dada965,"Handbags, whether or not with shoulder strap, including those without handle",2,No,16
7a50e0264f7a045d37edd140bf453cb7,"Handbags, whether or not with shoulder strap, including those without handle",2,No,12
ea02cd6ba4f6bf7d7fc2044e5ca92d93,Articles of a kind normally carried in the pocket or in the handbag,2,Yes,1
372988d1fe77bc26980bc0372f24505f,"Coats: overcoats, raincoat, cape, cloak, ski jackets, windcheaters, wind-jackets and similar articles",2,Yes,1
abb04e6d443c996c605577c9d37f4403,Shirts,2,Yes,1
b69b55d2ae26bdd6c6bd7a45648bf9f1,Jackets and blazers,2,Yes,1
df9fe4ea3cc498acbe501cf6634c2b1f,"Trousers, overalls, shorts",2,Yes,1
0dfcf2c15cdc62c93fa287903ce7def8," T-shirts, singlets and other vests",2,Yes,1
c156902f5b20b572848be18c11634dfb,WEBSITE,WEBSITE,WEBSITE,WEBSITE
4d8326ea22c1ff6d86070977d8a1f061,WEBSITE,WEBSITE,WEBSITE,WEBSITE
9b4cd431c76954eabbeb84dfab50ec8e,Other footwear,18,Yes,17
437e255dd9f29ee73a053b6ea8871b36,Other footwear,2,Yes,17
0e193989ced64240defe2dba88268fc2,Other,2,No,21
99a2320ba62f0821193c4efb42a502cb,"Jerseys, pullovers, cardigans, waistcoats and similar articles, knitted or crocheted",2,Yes,1
f06c966fe17269445176169e3df82afa,Footwear with outer soles of rubber or plastics,2,No,1
23702f44044d8e75b1e238af8c801d0c,WEBSITE,WEBSITE,WEBSITE,WEBSITE
c8fefa47b7771224fc7b48fed55b7dc0,Articles of a kind normally carried in the pocket or in the handbag,2,Yes,3
fb5e8a6f87ea35e5c12d571e805dc6e4,"Jerseys, pullovers, cardigans, waistcoats and similar articles, knitted or crocheted",2,No,2
8b235b5c4151b7c37d82baa7d8da5a8d,"Jerseys, pullovers, cardigans, waistcoats and similar articles, knitted or crocheted",2,Yes,1
a4b8ab86ad3bdd1ff0725be9e465a1cf,,2,Yes,1
78ca86571e9a4c1cc11c74566ea9a1b2,WEBSITE,WEBSITE,WEBSITE,WEBSITE
5aa2e912f8d36db642e25377fa2b8bcc,Dresses,4,No,7
53926c03dfca8a607e559955faa9e969,Other footwear with outer soles of leather,2,Yes,5
be02018c83171d9d0bfaab2b6e2f3704,"Trunks, suitcases, vanity cases, executive-cases, briefcases, school satchels and similar",2,Yes,5
e60bdb8ee95a621e87a74a5f5fb59990,WEBSITE,WEBSITE,WEBSITE,WEBSITE
c5b9fcc94430844db51ce7e8e6a27f51," T-shirts, singlets and other vests",2,No,16
1597b2f580e51b10d5cfb66594e45a36," T-shirts, singlets and other vests",2,No,16
79c7a8afe35c0143784423f63775943a,"Jerseys, pullovers, cardigans, waistcoats and similar articles, knitted or crocheted",2,No,16
f74f1e671e137b545a33c2a3d456da0c,"Jerseys, pullovers, cardigans, waistcoats and similar articles, knitted or crocheted",2,No,16
