id,ddpsubcategory,shiptypeid,hasitemsonbag,country
20144da3f9ecf332cd20eaf9ac1f4b44,N/D,2,No,19
328d19604c21b15da1076b2e5aa63603,"Jerseys, pullovers, cardigans, waistcoats and similar articles, knitted or crocheted",2,No,19
3c4ea0decf84de49212d86cc1ed81ec2,"Jerseys, pullovers, cardigans, waistcoats and similar articles, knitted or crocheted",2,No,19
f0957e5b464accd8b45c403961df429b,N/D,2,No,19
43dc4fd38d0a6bf224516824578a0105,Skirts,2,No,19
20b1d25366f5201b6bd7984c1cf78b04,Footwear with outer soles of rubber or plastics,3,No,4
798652102472ed0bb5e92251aacb14c5,,2,No,25
b3444eeec02fbea353695ae01e5ccc32,Footwear with outer soles of rubber or plastics,2,No,25
2faa71665a84fa22d808d66ab2dd6b08,Footwear with outer soles of rubber or plastics,2,No,11
9291736a799f76242041867ad9817d72,,2,No,19
d63e5b61951f9fed66fd2ba5f93fa7c5,Footwear with outer soles of leather or composition leather,2,Yes,4
a5214b06fca898fdd70f34bc52341b2d,"Trousers, overalls, shorts",2,Yes,30
4b127aa4c7df2ccbd32f20a1dc5819fc,Footwear with outer soles of rubber or plastics,2,No,2
809317de9254f7fcbbd5f4e0788843e7,Babies' Other garments and clothing accessories,2,Yes,5
799027a606338b5a059e4b4a9aa6224f,,2,Yes,5
ff7402897af39d9ae060e5736212be79,"Babies' Trousers, breeches and shorts, except those imported as parts of sets",2,Yes,5
5fbbac682083f980708b753f5f9dda25,"Hats and other headgear, knitted or crocheted, or made-up from lace, felt or other textile fabric, in the piece (but not in strips), whether or not lined or trimmed",2,Yes,5
8e6ac49cfc652f613945d0122864a0bc,N/D,2,Yes,1
2d3a9122de5b69fd65d7a096e9054aa5,Other footwear with outer soles of leather,2,No,11
d3e0cf9fc15b4ebfabd1f62a5b591401,WEBSITE,WEBSITE,WEBSITE,WEBSITE
0b4cb9d7a99b0694ff6b4e547848e61b,N/D,2,Yes,17
0725bdbe1cf3ccd3c6d523fd377d1e49," T-shirts, singlets and other vests",2,Yes,17
c29eeb6ee5b6433f47608b6c6fcc2c96,"Jerseys, pullovers, cardigans, waistcoats and similar articles, knitted or crocheted",2,Yes,17
0475b9fbc62ca20d06266e90bbc567ff,"Jerseys, pullovers, cardigans, waistcoats and similar articles, knitted or crocheted",3,No,20
db764474f8a2017b8a6f188d99c92258,Jackets and blazers,2,No,1
b627f3daa0ae3da5cb4922fffdcfaaa3,N/D,4,No,7
12626c18d8d33fdfd642f690ffb85a50,Other footwear with outer soles of leather,2,No,11
bf7d57d60e503014c294bceffb679301,Footwear with outer soles of rubber or plastics,3,No,14
f14adfbbd3343cff642dc052f50a07e2,,3,Yes,10
3a5ec3fb0a9fcd867181c8cdc7f78324,Shirts,3,No,9
9731354ca863c3c581887ff0db985cac," T-shirts, singlets and other vests",2,No,1
006a5a195c53db7b1cacaa735c44a5ee,,2,No,1
b8f019d0a68fbc7bb9ac3eea41931505,Other footwear,2,Yes,52
8f3e9daaf1459e458f27e6ac142a6223,"Handbags, whether or not with shoulder strap, including those without handle",2,Yes,5
6602386a04c95d8e5a1699fdc175077e,Other footwear with outer soles of leather,2,No,15
7b9e2fd086bc62727f0b3cdf5df4d3c5," T-shirts, singlets and other vests",2,Yes,15
1fbc91c49fa116a79cb0bceeaf0c9bf8,N/D,2,Yes,15
89917e55cf698a94d0a219abc7da7fbc,Other footwear,2,Yes,15
3574675a9d232b3fb19ee34449fcb96e,Footwear with outer soles of rubber or plastics,2,Yes,15
bd42222e79ce1e4a53e94185b51b2a5a," T-shirts, singlets and other vests",2,Yes,15
86d59b01db43a0f0eb5c402ec389d6a6," T-shirts, singlets and other vests",2,Yes,15
1f16949511751bccdaea2648f11769e6," T-shirts, singlets and other vests",2,Yes,15
ededb77aa92ee371e6ca5b555a8b718c,WEBSITE,WEBSITE,WEBSITE,WEBSITE
c0676bafbd687c8f0d063c97eed80e4f," T-shirts, singlets and other vests",2,Yes,15
3d34a9635a292390e1c7f03117987708,Footwear with outer soles of rubber or plastics,2,Yes,15
1f69f46229dce7ddd98e9df80ba8eec3,,2,Yes,15
c862cf0db2fcbdc66a11327382c240d0,Other footwear with outer soles of leather,2,Yes,15
c5049771dceefab1e19bb4dd47334383," T-shirts, singlets and other vests",2,Yes,15
46005c9a895c4fc02d37f13ff13eabe3,N/D,2,Yes,15
e409d489a5b81f733bacfb7fccdacb57,Footwear with outer soles of rubber or plastics,2,Yes,15
79f2335ab2fbae456b6b2b52ecd8b288,Articles of a kind normally carried in the pocket or in the handbag,2,Yes,15
8e5c71ab592b72931fc8a293ed8039dd,WEBSITE,WEBSITE,WEBSITE,WEBSITE
0a1447d1d53b90cbbd476a9f14363c7c,Footwear with outer soles of rubber or plastics,2,No,5
e016af0097edd1d32eefa57620243cdf,"Trunks, suitcases, vanity cases, executive-cases, briefcases, school satchels and similar",2,Yes,36
777552b773a9efe4bc64cc5d6646c7eb,"Trousers, overalls, shorts",2,Yes,1
b126677e91f5e6af4673572c8590f7df,"Trousers, overalls, shorts",2,Yes,1
45ca75a5b04745b3f08b746b39c5afa3,"Jerseys, pullovers, cardigans, waistcoats and similar articles, knitted or crocheted",3,Yes,11
bf2f94c0eec433e044c2787772eb1165,"Handbags, whether or not with shoulder strap, including those without handle",2,Yes,12
af6e8cf0ba004dd8ed81d672d5fe68ee,N/D,2,No,5
911bac81a7855398514dd760f233ae33,"Other e.g. braces, suspenders, garters and similar articles",3,No,36
da8febe8fee035dcb6bb996e59e7fcf2,"Trousers, overalls, shorts",3,No,29
add4e2748bf9dd29a66da9b4772897e9,Jackets and blazers,2,Yes,19
fee4a43d54163f6d40a1540c712a66fb,Articles of apparel and clothing accessories,2,No,12
c21a9dd2abb6e3fa2f86fe9fad6a3b53,"Jerseys, pullovers, cardigans, waistcoats and similar articles, knitted or crocheted",2,No,12
6ca36ceb5feed79b1cf8a4e341a74a3b,"Jerseys, pullovers, cardigans, waistcoats and similar articles, knitted or crocheted",2,Yes,39
508c318f3ba659aa51219baff5e6c861,"Jerseys, pullovers, cardigans, waistcoats and similar articles, knitted or crocheted",2,Yes,39
131b0c72654462f32f67f06b9f62dcb7,N/D,3,Yes,36
0f49041070dca30b968dc5775834d5a2,"Trunks, suitcases, vanity cases, executive-cases, briefcases, school satchels and similar",3,Yes,4
e1279b0e628fc63c9c19b8a7aebb95b9,N/D,3,No,24
9b52e28bd18879106a0cf881d6eabafc,"Handbags, whether or not with shoulder strap, including those without handle",2,Yes,43
27f5f9280a2fd1bbfad2e9dcfdf79519,Jackets and blazers,2,No,19
7e698b41d74bc920d67fdc5efa460ef8,Footwear with outer soles of rubber or plastics,2,Yes,19
7e8ff403b976a907b64868f82b5e2275,"Trousers, overalls, shorts",3,No,24
570eb950f876273b6965d84da65037b4,WEBSITE,WEBSITE,WEBSITE,WEBSITE
ae2c9fd7f99e3f4518dae452a71839d4,WEBSITE,WEBSITE,WEBSITE,WEBSITE
2d91401e45c885ac3c03c6732c59b129,Dresses,2,Yes,19
1d04eb940c6a815f872227cdde0506ae," T-shirts, singlets and other vests",2,Yes,19
658d797d24784448e2d7d98e63172a6d,"Jerseys, pullovers, cardigans, waistcoats and similar articles, knitted or crocheted",2,Yes,14
5bd6368ba7431bef49220e8b2b896e63,"Other e.g. braces, suspenders, garters and similar articles",7,No,4
cd18b236b2d2a108dc1edaa8bb443363,WEBSITE,WEBSITE,WEBSITE,WEBSITE
625bbf642c4ba7279037917c7502688a,"Jerseys, pullovers, cardigans, waistcoats and similar articles, knitted or crocheted",2,Yes,12
36c99fc4fbb678ba379797ce97776743,Dresses,2,No,1
28a8677cc4fbf74ef197c8f2e94f32c7,"Trousers, overalls, shorts",2,Yes,1
3d0b23ca5010b70a382dc94e904702c5,Articles of a kind normally carried in the pocket or in the handbag,2,No,1
1468b15e2f69ac62ce5aad93124c5a9a,"Trousers, overalls, shorts",2,Yes,5
e3bdb8959c95085fb77743efd068262e,Briefs and panties,2,Yes,5
1d3c9fac9dec12a683dd452c34285931,Brassi?res,2,Yes,5
f6c50031599252bb55032783b9eaee33,"Jerseys, pullovers, cardigans, waistcoats and similar articles, knitted or crocheted",3,No,4
17ddb6924ce76b80b330d1e50d2277f6,API,API,API,API
fa478854a605faec0d6e60817e80fa9d,Other footwear with outer soles of leather,2,Yes,12
953efbc56f94e5145cf9e84394f8113f,"Jerseys, pullovers, cardigans, waistcoats and similar articles, knitted or crocheted",2,Yes,1
dda022a965746491b43f8496d0ed0e54,,2,Yes,12
3111491962c393cbe3d3bc27436e374f,"Jerseys, pullovers, cardigans, waistcoats and similar articles, knitted or crocheted",2,Yes,12
d127e98a3dbf4ce5e9190f719a9c756f,N/D,3,No,9
7e742a0eca08b5a24df48f1c97b0d5e6,Other footwear,2,No,1
bd06ba5f9fc54de4713bbc16b0731492,"Trousers, overalls, shorts",2,Yes,5
9cd818ea56273170b63f339aa6f34bca,"Trousers, overalls, shorts",2,Yes,5
8a750034600b15e93f1668350fa4242c,,2,Yes,5
e133d21c2786efad750c511ce1fe7ddb,Footwear with outer soles of leather or composition leather,2,Yes,19
29ab199890e2008751b85036f39fb7f1,"Jerseys, pullovers, cardigans, waistcoats and similar articles, knitted or crocheted",2,Yes,19
68b5121273de93d8c13735f3cfb5ec87,Footwear with outer soles of rubber or plastics,2,Yes,19
edf6461f76182ed48517b14244d152f9,Articles of a kind normally carried in the pocket or in the handbag,2,Yes,24
3f64e212a7c8475bd589a2dd303c45c9,"Gloves, mittens and mitts",2,Yes,24
9c07be70dc811ca856a2ed8dfa52d5e9,Footwear with outer soles of rubber or plastics,2,Yes,1
4413e813f5aece6e139b4ea5d1ccbab7,WEBSITE,WEBSITE,WEBSITE,WEBSITE
f8e3acf12a196f47c88c367a92569328,Footwear with outer soles of rubber or plastics,2,No,12
1efe0e6042039635148732be93765273," T-shirts, singlets and other vests",2,No,12
3dcfb412e3f563b7718b39acf412198e,"Handbags, whether or not with shoulder strap, including those without handle",2,Yes,19
5f7201a1e1b0cfc973d4d7cabd240734,Other footwear,2,No,5
