id,ddpsubcategory,shiptypeid,hasitemsonbag,country
8b60408e00198cb3d612300e308cf006,"Trousers, overalls, shorts",2,Yes,5
f387d33f0f968f1005e9ef45b66266c6,"Blouses, shirts and shirt-blouses",2,Yes,44
61b7bfee4296ec3ac0e77b6b63366cc5,Dresses,2,Yes,1
f922d8e82e3ba13692a7584ba6e1dc9b,Other footwear,3,No,14
c35b6d3e2bb6769b865306f1ac249a69,Other footwear,3,No,14
d99ebc626eacd538e9078dc83a4f755c,Brassi?res,2,Yes,12
6f62b4b2227a41a387921bc30edc8349,Briefs and panties,2,Yes,12
259f69c9b4749dda595393197c1435a9,Briefs and panties,2,Yes,12
8d8392f2e91ac583de2470252a4bb70c,Other footwear,2,No,17
95a657deb7cc6ae0abe7f0cc5a13d366,,2,Yes,4
d7c6a64542fc144a2c604d8be816e467,"Blouses, shirts and shirt-blouses",2,No,14
6955b00909f6ca193225b774b892a906,"Handbags, whether or not with shoulder strap, including those without handle",3,Yes,14
8b69109fa90f7fff71f6eaad903cfb6a,Other footwear with outer soles of leather,2,Yes,5
500db7bafdc51f72d698715832ab82ed,"Jerseys, pullovers, cardigans, waistcoats and similar articles, knitted or crocheted",2,Yes,12
cfd7306f49d9c5e896e57c4cbf7cd982,"Trousers, overalls, shorts",2,Yes,12
caf67a874f5916ba35020f11868692d4,"Trousers, overalls, shorts",2,Yes,12
5eb5679519f180f2ade207a769d01071,"Jerseys, pullovers, cardigans, waistcoats and similar articles, knitted or crocheted",2,Yes,12
e20a0dc22765022336b59c6a46dc8b41,"Trousers, overalls, shorts",2,Yes,12
685ea52331a9c733c33c49cfb07f7521,"Jerseys, pullovers, cardigans, waistcoats and similar articles, knitted or crocheted",2,Yes,12
bd2e2881e66d736660076c9622bcaa78,"Trousers, overalls, shorts",2,Yes,12
85d3f02ab6f8bc58bd4b48cb4cda635b,"Hats and other headgear, knitted or crocheted, or made-up from lace, felt or other textile fabric, in the piece (but not in strips), whether or not lined or trimmed",2,Yes,14
6ee5c9c32dbb5ccf262a658cf60eeb6b,N/D,3,Yes,14
2c6122dad191aa6f60f0c051b70c3e95,,2,No,1
f9487260e832a1d2d4ac278028852248,"Trousers, overalls, shorts",3,Yes,11
d5d0e38dadebf89d8d00e95b0c4e4e57,Other footwear,2,Yes,11
fc2c01b33289572aa08c1af456cc23d9,Other footwear,3,Yes,11
7d312f45b7e770417c9297b6e2bcbc3f,N/D,2,Yes,17
8434902e92b60e1edcd20555a968faf4,"Trunks, suitcases, vanity cases, executive-cases, briefcases, school satchels and similar",2,No,12
ba691dc7bdbccf4eb9022645429a2343,Footwear with outer soles of leather or composition leather,2,No,19
41a337b12e4fee1f6f5641387cd347d4,"Handbags, whether or not with shoulder strap, including those without handle",3,No,24
550376d6affd1b0e4d79416885cfaa9c,Footwear with outer soles of rubber or plastics,3,No,14
2fc99d107fa97968f91bb126e684bf00,Brassi?res,2,No,2
c2f2c5bea08415228284d7e51461a137,"Handbags, whether or not with shoulder strap, including those without handle",2,Yes,70
853e86429408c4ab944506521222370f,,2,Yes,47
964950f58404a40a5c7913eb6bc9c260,"Trousers, overalls, shorts",5,Yes,7
e0e6b5b954f857da6e0c30a07d0421b3,WEBSITE,WEBSITE,WEBSITE,WEBSITE
bf9d4850f10bf92229eb37027a5ae9cf,Items of leather clothing & accessories,3,Yes,7
a3cd93140764aac94bc04cb5c0520632,,3,Yes,4
62d33641b1a8bec19ec74a429221b050,Other,2,No,16
aa0c2afd845f0a4b3a503730193a5eec,"Jerseys, pullovers, cardigans, waistcoats and similar articles, knitted or crocheted",3,Yes,14
b0068eb2b1c4616a7b8f8c016461d4de,"Handbags, whether or not with shoulder strap, including those without handle",3,No,50
994ac8579da6c924408e3a17f11bf393,Articles of apparel and clothing accessories,3,Yes,9
63c2a571bc6815f024974bfff4fba445,"Jerseys, pullovers, cardigans, waistcoats and similar articles, knitted or crocheted",2,No,11
77783b7a942abdd343b6c104c9435129,"Pantyhose, tights",2,No,11
066cf29e8ff7adecddd9f47d662b59b5,N/D,3,No,20
94eb7a61db980ee054c09559d4e73370,"Trousers, overalls, shorts",2,Yes,16
4c803b5e2b52482ab6764ad926ed83fa,Footwear with outer soles of rubber or plastics,2,No,73
1ebd020166ffe7fea7a1d237d25abcc6,WEBSITE,WEBSITE,WEBSITE,WEBSITE
3fc65cebc2074fc25933d8c8c17346ac,N/D,2,Yes,11
1398c890a753c67cff72e1483bee00ac,"Handbags, whether or not with shoulder strap, including those without handle",2,No,3
0c20281e1eac5e6e8878de7edb118068,"Handbags, whether or not with shoulder strap, including those without handle",3,No,29
45b83473dc5c676367b758f0f7db5724,,2,No,17
02654acb123620988254f6c0cac6e5f2,"Coats: overcoats, raincoat, cape, cloak, ski jackets, windcheaters, wind-jackets and similar articles",2,Yes,12
5f9a422edb3561c939779725f29ef8a0,Footwear with outer soles of rubber or plastics,3,Yes,4
9c8d8b6698dd0dc195d35179f7e27543,Other footwear,3,No,11
72aa2675e3280194821a4b8339cb3979,Other footwear with outer soles of leather,2,No,16
d672b7bef7cda77e95ffda9a52ee95f8,Other footwear,2,No,17
76e58a9d86894825ee0bd5a28d74f45e,,2,No,17
f23fb90262d583ec0d1f8031e434a423,WEBSITE,WEBSITE,WEBSITE,WEBSITE
2a9a3f0a4893d458bdf28515a7254cd5,Other footwear,2,No,14
91ecc45057d0ab1e7b78f97f5bb184ef,Items of leather clothing & accessories,2,No,41
44d4eabee779a0ae5f784ea3a4aac563," T-shirts, singlets and other vests",2,Yes,12
92bd404af056d772bb8f460982a36bf8,"Babies' T-shirts, singlets and similar garments, except those imported as parts of sets",2,Yes,12
9163583b95577c27ab0cef3f60315c28,"Handbags, whether or not with shoulder strap, including those without handle",2,Yes,12
2d09b0551e56f76f2ad93c45480f25ed,"Handbags, whether or not with shoulder strap, including those without handle",2,Yes,12
e76e058f6e327d9b3bd136e2094c9c9e,,2,Yes,5
90e7f6e0600acaa0a3101e1a5315ed32,Dresses,2,Yes,5
46139606f2bec00bc63349bf387ecd11,Other footwear,2,Yes,39
6498f7bb32f68117e4101a74fa55bf18,Articles of apparel and clothing accessories,2,Yes,39
f32dfdee5e7209830f36bccac0b26a93,"Handbags, whether or not with shoulder strap, including those without handle",2,Yes,39
a6cde0c45ed7b6dbb75431fc0de506b9,"Trousers, overalls, shorts",2,No,4
8ee9f986c9b3a0aba18ed4568885d700,"Coats: overcoats, raincoat, cape, cloaks and similar articles",3,No,14
bef91bd3892de6b68db0dd52d92b5370,"Handbags, whether or not with shoulder strap, including those without handle",3,No,4
e9c1c8ce8e2d95d1dabd6985390696f8,"Handbags, whether or not with shoulder strap, including those without handle",2,No,11
6ba923434d3a31a7a1db1baf64fac5b9,"Handbags, whether or not with shoulder strap, including those without handle",3,No,11
e1e7874a7296ecc336bf5e8072d245f7,Other footwear with outer soles of leather,3,No,4
5aadf4499ccd763c6dfcd0985c38a0b3,"Trousers, overalls, shorts",2,No,4
6e25cd984dbde29195c02a1e949c4f92,N/D,2,Yes,1
93ff352b3e3f12cb86589a01fdd7be8a,Footwear with outer soles of leather or composition leather,14,No,9
79fe1b8b20f391b8d420728c96459089,Footwear with outer soles of rubber or plastics,3,No,14
71279cf4218f992e8fc58b5bb7873940,WEBSITE,WEBSITE,WEBSITE,WEBSITE
74c657f8eca2a942c1b5cd5c1e46e03d,,2,Yes,1
f0c86abb43ab90895d481f1f45ddf9b3,"Hats and other headgear, knitted or crocheted, or made-up from lace, felt or other textile fabric, in the piece (but not in strips), whether or not lined or trimmed",2,Yes,1
010f52bd88ecf97ad07708bc1519eec6," T-shirts, singlets and other vests",2,No,15
f32f3fb8595c6ee41adf6555478a0b00,Articles of a kind normally carried in the pocket or in the handbag,3,No,4
4f38d389d3edbf2caa6b6c295e0f0117," T-shirts, singlets and other vests",2,Yes,19
2808a84f91b1ae666466a4cbe2dc3d8c," T-shirts, singlets and other vests",2,Yes,19
8152536a24cef11bc845a0081ebd5af7,,2,Yes,19
8e9dc89e09b0e915a49ea1d969d8beb2,API,API,API,API
2cb2b2f50d91c8d4b86d4c0bd6ed7ea6,Shirts,2,No,12
468aee0270814720e350f4d05f6e7242,"Pantyhose, tights",2,No,12
875f10f903ca270a23a4e354088782af," T-shirts, singlets and other vests",2,No,12
76d0c7cedd1e22e98bc3ffc59898489d,"Jerseys, pullovers, cardigans, waistcoats and similar articles, knitted or crocheted",2,No,3
99ef8301e1719bcacef0ccac50e92787,Other footwear,2,No,12
cbcca5e8f3367540c72214a0afe98657,"Handbags, whether or not with shoulder strap, including those without handle",3,Yes,20
c0e9289c7d7ec2fedc919a69a9f6e7b1," T-shirts, singlets and other vests",3,No,11
f2abe4e77fb963baa952816446212310,Footwear with outer soles of rubber or plastics,2,Yes,4
2a5add22a05821ab567262d97b6805a2,Other footwear with outer soles of leather,2,Yes,1
5682ae7da7132cd463c9b5a827eb9ebc,Footwear with outer soles of rubber or plastics,2,Yes,1
0a38420b7fe56508c555d9d2926cd69d,"Trousers, overalls, shorts",2,Yes,1
0e8810280e077b6580b570c27e688160,Other footwear,3,No,14
6ccbca57effb4d0eda11e03ed817bb28,Dresses,2,,34
e7093313bd18aab07f36fbb18a54fdf7,,2,,34
1e647a0599d8173876cb59bbb039b0b9,WEBSITE,WEBSITE,WEBSITE,WEBSITE
35310fb57b7c7525a961772fda112ba9,Other footwear,2,Yes,12
eb3966fc5472e8f326c1d1485938e3b0,"Blouses, shirts and shirt-blouses",3,No,14
5b7c033d86923a768c2ef1c4d290d5c6," T-shirts, singlets and other vests",2,No,5
b8c5cbb9d66204263399d127e0f8a323,"Blouses, shirts and shirt-blouses",2,No,5
1b00f9b933514f65803b74e2fa19180c,"Trousers, overalls, shorts",9,Yes,9
