id,ddpsubcategory,shiptypeid,hasitemsonbag,country
7c500529f1f9457527696d0fd2807e7a,API,API,API,API
167af187a6a2a5f7b11694311177d4bf,N/D,2,No,3
27e8a5adb53690a21c23204bb1546e10,Other footwear with outer soles of leather,2,No,3
ee69d729f5cc024a5875583d4ee7b7ac,Other footwear with outer soles of leather,2,No,3
b8c4c88a39a89f3201d4b74cc1a9e839,WEBSITE,WEBSITE,WEBSITE,WEBSITE
20ae66585f50ef995c877537dcef4f3c,Other footwear,2,No,3
36ee6b3a800bbf52e076bf4c11f70dcc,Other footwear with outer soles of leather,2,No,3
ffb922135820ceaae480472913b57186,"Handbags, whether or not with shoulder strap, including those without handle",2,Yes,18
9fcbafddf0c941a9c06374d31976e692,N/D,3,No,14
d4a57654d52cb0872af575ae89a60538,,3,No,14
12886a8a18fab0f93bd498d6a1a8e8c3,Footwear with outer soles of rubber or plastics,2,No,5
8a8c1a34e967b729c134b21ba6840d80,"Pantyhose, tights",3,No,24
5bc203af1b860c6bf0577c631214a86a,,2,Yes,1
f4ea0c3da8ba3c8f8ddc83f4ff3f00a1,"Coats: overcoats, raincoat, cape, cloaks and similar articles",2,Yes,1
5f6b93462201020193c8664c600e3faa,WEBSITE,WEBSITE,WEBSITE,WEBSITE
12c976b3f6ac1d7be998d8847bdf57b0,"Handbags, whether or not with shoulder strap, including those without handle",2,No,1
ed2e67601706a04f214674436514988c,Other footwear,2,No,1
a6837b4e16f23743f0a38d747656f1fb,"Coats: overcoats, raincoat, cape, cloaks and similar articles",3,No,11
aca5cf2ef8f6e6b19ba42fd03f7f6fb4,Other footwear with outer soles of leather,2,No,1
cbae59566da162997f342655d8f45b84,"Hats and other headgear, knitted or crocheted, or made-up from lace, felt or other textile fabric, in the piece (but not in strips), whether or not lined or trimmed",3,No,14
f3944b32c84df85f0b3788316feb6c1e,"Trunks, suitcases, vanity cases, executive-cases, briefcases, school satchels and similar",3,No,14
2119539f08d3ef32d76a8e12dc3f00f0,Other footwear with outer soles of leather,3,No,24
59fc1ac4450e6e4a6c4e35bfb3bd8145,"Jerseys, pullovers, cardigans, waistcoats and similar articles, knitted or crocheted",3,No,81
664f0146d45f932f8490f2714d6f2769,"Trousers, overalls, shorts",3,No,81
727ca6ca94d001b39e73766cd939a28e,,3,No,81
07e5c594ad0efcb2ab2278de0510b925,"Trousers, overalls, shorts",3,No,81
ff6d1c1eda2df11d3f1779a4099dd1e1,Footwear with outer soles of rubber or plastics,2,No,12
c05321297d019ea97aba036c3f8a2d92,"Handbags, whether or not with shoulder strap, including those without handle",8,No,1
cfe04c9a233c1edb9c1eaf00ab8bdeb3,WEBSITE,WEBSITE,WEBSITE,WEBSITE
1def1b42b721b15b29ea6b10e8d28bd8,Footwear with outer soles of rubber or plastics,2,Yes,5
25ea70634b0126caee5f4cc2bdc773e6,Other footwear,2,Yes,5
e0842319ea126b8058df9a2ae802a980,Footwear with outer soles of rubber or plastics,2,Yes,5
e9580e4ede6529a13529cc460be01217,"Blouses, shirts and shirt-blouses",3,No,9
aa2bba79a66b7fe7e834af9e0984da14,API,API,API,API
bf27b41436fe8e636f904be88905cccb,"Trousers, overalls, shorts",2,No,1
0a9eb3b66ec90139c2d50dc3e39061d3,"Of base metal, whether or not plated with precious metal",2,No,30
0aadbf4484e7170e01e50528eb62dc60,N/D,2,No,30
962d3a9309769bf8384601f47947bc74," T-shirts, singlets and other vests",2,No,30
a080b1062cb9a0775c31bee9b6ea1267,,2,No,30
6f29cd14e373390c5c7eafdec90a2dc9,Footwear with outer soles of rubber or plastics,2,No,1
01238bc68efe1ab9cf5d2a2a73e13bec,Footwear with outer soles of rubber or plastics,3,No,4
08dd623b25d0838f613b2fedeebed066,WEBSITE,WEBSITE,WEBSITE,WEBSITE
5ff5d4e0e98078d9834f521e0bfd5a31,Other footwear with outer soles of leather,2,No,4
8982bc55f06ee490110ed8efc6a0589e,N/D,3,No,14
8341cde277686c942220c9216a5c2d17,,2,Yes,12
9deec925862cf4f887c917a89ee61603,"Trousers, overalls, shorts",2,Yes,12
3be9e8948e0f40fdf2eb37cc88e0306c,Skirts,3,No,4
38404a6021f548f40d2394dccc524914,"Trousers, overalls, shorts",2,No,4
332d40579bed78708ad948cf8c8ae649,WEBSITE,WEBSITE,WEBSITE,WEBSITE
df524e1be1fa366d2a5ab767027997dd,,2,Yes,14
fae518fa777a4998219bb14cc8c50933,Articles of a kind normally carried in the pocket or in the handbag,2,No,11
0a1ad2e8a88ff498837c01db5bc2ea6f,,2,No,7
8f796847ea25d32bed0bb1aee8bf70eb,"Jerseys, pullovers, cardigans, waistcoats and similar articles, knitted or crocheted",2,No,1
1bdbd645503ffb262641e41dcf564f37,Jackets and blazers,1,No,1
4cf5d094d19bbe8be5354a91172c4c8b,,2,Yes,1
0dfcca77fc131bd36747671483087203,Footwear with outer soles of rubber or plastics,3,Yes,11
7580e20496cb4c8d940261b2474bbfb9,"Handbags, whether or not with shoulder strap, including those without handle",3,No,14
a8a7be09a40b997bcab647f38926c373,WEBSITE,WEBSITE,WEBSITE,WEBSITE
7e70a515f5c8b8beb7ac6f44b02b6e6e,Footwear with outer soles of rubber or plastics,2,No,1
2345997079bc2a39380004b6db74ab7e,"Jerseys, pullovers, cardigans, waistcoats and similar articles, knitted or crocheted",3,Yes,24
d4fad8bfd54ccd28aa0317bda1319437,"Jerseys, pullovers, cardigans, waistcoats and similar articles, knitted or crocheted",3,Yes,24
a4a38492f2c2a7bb3cfeeccd07fe6091,,3,No,13
4cef08694078c9fbdae17d15f081e5eb,"Jerseys, pullovers, cardigans, waistcoats and similar articles, knitted or crocheted",2,No,119
3a74fd348553e94e9a43d1e62ea4107a,Articles of a kind normally carried in the pocket or in the handbag,2,No,1
6a2d0cfa18e505dde26be6c14383663a,N/D,2,No,1
23d98c8c97edd5a8977b1311aeace150,"Trunks, suitcases, vanity cases, executive-cases, briefcases, school satchels and similar",2,No,1
021ddb1ed252fa52c3a642c4892879ff,Footwear with outer soles of rubber or plastics,3,No,29
f43536b1acfcf668db1012e7c0ce09f0,API,API,API,API
3c66657bf0449061cf2b7702187aa3a9,"Jerseys, pullovers, cardigans, waistcoats and similar articles, knitted or crocheted",2,No,29
be8269a8a98ff856487109f5498ac4f7,"Jerseys, pullovers, cardigans, waistcoats and similar articles, knitted or crocheted",2,No,29
6a83aa7bd2eb69e61e689f729c069bc3,"Jerseys, pullovers, cardigans, waistcoats and similar articles, knitted or crocheted",3,No,29
cebdc477e5830372e5844f830f36da2d,Footwear with outer soles of rubber or plastics,3,No,29
f434132b93fa4982e1fd8475b402b6d7,,3,No,29
d1fbe5239c2f1b41eff79872ed50c444,WEBSITE,WEBSITE,WEBSITE,WEBSITE
b70119a35051485338bd29a15cb222d4,Swimwear,2,No,29
e93612868bd3479f4fa1e976831b6eeb,"Shawls, scarves, mufflers, mantillas, veils and similar articles",3,No,29
9de45201509879cff3b846301488c2a7,"Trousers, overalls, shorts",3,No,29
ebcce9c064a41487dc9ab8d6e70c0f06,API,API,API,API
cef06e18905e93442db997501eb9a873,"Trousers, overalls, shorts",9,No,29
72bc4178b0feec2c24e7e1e2200ec4c4," T-shirts, singlets and other vests",2,No,29
f5a08b17e06e56aac5e95f0d3b01ee59,WEBSITE,WEBSITE,WEBSITE,WEBSITE
8ad8a89e7586eeaf7721381bd4a9973f,,3,No,24
18abc0568a2e6ed12c6344bc8d1d9d91,,3,No,30
71096c0c840f0f7e8d799c9a7c558e03,"Jerseys, pullovers, cardigans, waistcoats and similar articles, knitted or crocheted",3,No,12
14e9680202e45bc670f0bc1208036a89,Other footwear,3,Yes,14
bf7e63d4054c66cd754e4ed7eba3764e,"Trousers, overalls, shorts",3,No,11
18772a44f0a5f29560650b676c2da7a6,"Jerseys, pullovers, cardigans, waistcoats and similar articles, knitted or crocheted",3,No,11
3d98c1a4fb725e19581e4747b7351c49,,3,No,11
147f56d0b4180a5a1620cb3a8e9c4992,Jackets and blazers,2,Yes,5
3ca6c7f2eb805b51aff2c9fe8cb51367,Underpants and briefs,2,Yes,5
d7c96c4f4cdbacd1616edf0d175c0ab8," T-shirts, singlets and other vests",2,Yes,5
fe1cf1a352151395c0c566a363b725af,N/D,2,Yes,5
28dc7cc1a8caad07671b5e38ced8a7d5,"Jerseys, pullovers, cardigans, waistcoats and similar articles, knitted or crocheted",2,Yes,5
2884a3d5eefe8c44a1e08bd3d7621cd4,Underpants and briefs,2,Yes,5
59d922bd342c114df27e8de0a9e42a2d,Skirts,1,No,1
52b06f01a530e306bd2e65e5135460a8,API,API,API,API
9d7a05a4f416a5bb1c4af61928331bf5," T-shirts, singlets and other vests",2,Yes,58
3d20d7aada7c0c368c4f345947966a84,Skirts,2,Yes,58
b84768378a1dd940ab0565a2580671ac,Skirts,3,Yes,58
d6552172ddfb503c514c2573c48d4747,API,API,API,API
dcf9852cc94412eb1696d89478da70b4,Skirts,3,Yes,58
fc8f0835679f360bd19d99c0df5aaa03,N/D,2,No,5
bc37ffef5b4a53faaea02bc7f7dfea04,Dresses,2,No,5
b6abf21d2bce4439679f654b79c3f067," T-shirts, singlets and other vests",2,No,5
9bed6f1e355acfb7cb6a134ee526e599,Jackets and blazers,2,No,5
b3d3422bdafaf21065ffbfc700d8016a,Other footwear with outer soles of leather,2,Yes,1
2868855c9f70b8bb23f741bd8deac5ac,Suits,2,Yes,1
fa823cda3f2722787669e26f557e7294,,2,Yes,11
c18e67dcb950b80f3c996173906fe86b,WEBSITE,WEBSITE,WEBSITE,WEBSITE
