id,ddpsubcategory,shiptypeid,hasitemsonbag,country
5446088d2307e70a3ccce897ba68ffdd,Other footwear,2,Yes,1
aa687c520d0b9719d20acd1d7c4e1597,Other footwear with outer soles of leather,2,Yes,1
dd0ec296396a2f28e4b5b98946e1a308,"Jerseys, pullovers, cardigans, waistcoats and similar articles, knitted or crocheted",2,Yes,1
4944164684214edb580c8337196c6292,Footwear with outer soles of rubber or plastics,3,Yes,14
c37aa349d07e712f1b534188dfacc2c0,Other footwear,3,Yes,11
8f77aca61cc3486b1059ef872edd343d," T-shirts, singlets and other vests",2,Yes,40
cbc7d66cd7e8fc34f5ec32ec86cf75ee,,3,Yes,9
11696415112c0f76c2f1756083d88646,"Jerseys, pullovers, cardigans, waistcoats and similar articles, knitted or crocheted",9,No,11
d2cac304485b6be6147fbbe5a6f9d0c2,,2,No,14
8b1880d756a10b8fcc0330ef01bd752f,"Jerseys, pullovers, cardigans, waistcoats and similar articles, knitted or crocheted",3,Yes,11
9f34d33a7d2e83bdb110bcd022c6e7a3,Skirts,3,Yes,11
d59246ed20b74c83e621802937d4824b,Footwear with outer soles of rubber or plastics,2,Yes,116
6fe5ec91182c37c0eb4eecf86e0d97ee,Articles of a kind normally carried in the pocket or in the handbag,2,Yes,7
448844055ea5241ba03e5f0d64b9b426,Sunglasses,2,Yes,7
04381e70964e9c923c616e4c448d7fc7,N/D,2,Yes,5
1116d9ec2a5afbb32e47a21daf35c6d2,Dresses,2,No,5
19352bcd4bafba8ce86fb0f59cd698d8,Nightshirts and pyjamas,3,No,55
00f9f10d71d350eef6e4bd33617d6248,"Shawls, scarves, mufflers, mantillas, veils and similar articles",2,Yes,11
c921af68ee69b4ac12b758cad5d58ae9,Other footwear,9,No,9
c5ee7c6b412264435664c2e76b6080a7,,2,Yes,5
d3135259a42eabeaa98ffc503039ce20,"Jerseys, pullovers, cardigans, waistcoats and similar articles, knitted or crocheted",2,Yes,5
21b23cdb8458aaca04fa6433dfacf177,,2,No,2
4a670f48da597de2cd661c97cf170c30,"Trousers, overalls, shorts",2,Yes,4
916cffce2dd16a6ac6e14955437c526c,Other footwear with outer soles of leather,3,Yes,4
20262a0af74530bb3dd5b12697b9de51,Other footwear with outer soles of leather,2,No,1
f4f5f2d3cf6d76191d32bbbe3776ba84,Other footwear,2,No,14
4175f24a91041c5196e194ffb6621fd3,Footwear with outer soles of rubber or plastics,3,No,14
5d65bc28d5bebb0057894025ab97b213,Other footwear,4,No,7
95aab8ad5aaaf9a1a82264abff8ec608,"Of base metal, whether or not plated with precious metal",2,No,4
b53f5b9e1880f33c42f55bca7510855b,N/D,2,No,1
15fa622522de1a4511f294180dad3a85,Footwear with outer soles of rubber or plastics,2,Yes,5
a6ee258ff63584840717d24aee8e904a,,2,No,9
475262d00c5ff5cff2077fc17b8b7d0f,API,API,API,API
897615ae8ef8ff88f079e3339528554d,,2,No,9
fc3cf953b111aab37fc37c64502b346a,"Jerseys, pullovers, cardigans, waistcoats and similar articles, knitted or crocheted",2,No,9
98d4677169f0d2efd65680a81fe098c4,Footwear with outer soles of rubber or plastics,3,Yes,4
be1979723de37feaa3c80c01c37a0024,"Jerseys, pullovers, cardigans, waistcoats and similar articles, knitted or crocheted",2,Yes,4
762e23ca45f41ee7861194a95979a8ce,Other footwear,3,No,14
73770aa34d923815823db94d18bfef6f,Other footwear,3,Yes,4
1327cd3b605513e312158a61c476029e,Other footwear,3,Yes,4
494afc849a68a7e5095c6ae4e79e066b,"Jerseys, pullovers, cardigans, waistcoats and similar articles, knitted or crocheted",9,Yes,4
067e17b4e98e95986f1ac68cb78eac16,,3,Yes,4
a2a72abe5cb155bbd0d474f298947b49," T-shirts, singlets and other vests",2,Yes,16
a652828022bc76f5acc242297e253c75,"Trousers, overalls, shorts",2,No,25
f77ed9738a96c726fc2d785bec02c761,Jackets and blazers,2,No,3
a65ef045e9bac28c7c3a813a51abc4ab,"Jerseys, pullovers, cardigans, waistcoats and similar articles, knitted or crocheted",2,Yes,4
bcffd37a2706481b1451721eafc568c9,"Jerseys, pullovers, cardigans, waistcoats and similar articles, knitted or crocheted",2,No,9
bd48f9a7eca4b5652d1f788eadb5d2b2,Other footwear,2,Yes,1
13315a5e83ffc1c6a6055cbb6857c922,Footwear with outer soles of rubber or plastics,2,Yes,3
0747e932bec214c8e20dd68fb217ff17,"Jerseys, pullovers, cardigans, waistcoats and similar articles, knitted or crocheted",9,No,4
b25b6b00a0f3ee274f12f9276ad1444a,Footwear with outer soles of rubber or plastics,3,No,20
8102aa49c172d9bb1b9a270db6fa4b87,WEBSITE,WEBSITE,WEBSITE,WEBSITE
8276e97cebf3840600a303e58c9c9e26," T-shirts, singlets and other vests",2,No,4
f50e2205ef4b9294ef2bb69ead65b500,Articles of a kind normally carried in the pocket or in the handbag,2,Yes,2
60bb60d7d1b67a53954cc323dbeec0f2,"Jerseys, pullovers, cardigans, waistcoats and similar articles, knitted or crocheted",1,No,1
ff08da0288f8516b4ddb662bf5d54deb,"Trunks, suitcases, vanity cases, executive-cases, briefcases, school satchels and similar",2,Yes,1
3b107a530c80a6e718334c7f7f20161d," T-shirts, singlets and other vests",3,No,14
9127dc3912b3d94a3f7b54be1184c562,"Jerseys, pullovers, cardigans, waistcoats and similar articles, knitted or crocheted",2,No,9
505107ef7c92cc784625e4120529b83e,,3,Yes,9
ffe1dced86a8a94f87853abbc7df7b0a,"Jerseys, pullovers, cardigans, waistcoats and similar articles, knitted or crocheted",3,No,24
fec36c2638c82219223fcab1f91b20c7,,2,Yes,3
cfe0dbf850c1bfbcf02b988b24b857be,N/D,2,Yes,40
3a8e08be6d778bcc8da105e6954eb6f4," T-shirts, singlets and other vests",2,No,30
a8152a36f2345bf87ff2df465ec7fdab,Skirts,3,No,10
723396964b243658ecfc7c88e968d69f,N/D,3,No,10
983ab401ea8e6308489d0de54ffc6a9d,"Jerseys, pullovers, cardigans, waistcoats and similar articles, knitted or crocheted",2,No,10
92cd8f8cab5d94bdba9c6fd488359502,N/D,3,No,10
47df106e94587cc01b55ebe519cf1ac7,"Handbags, whether or not with shoulder strap, including those without handle",2,Yes,1
68c3d37500604595a58698e2fec6e875,Other footwear with outer soles of leather,2,Yes,1
d58fa5edd01a7c905e03d62cd26d791c,WEBSITE,WEBSITE,WEBSITE,WEBSITE
2468a6d404a6fa3c678b9e9923c61deb,"Blouses, shirts and shirt-blouses",9,Yes,4
ae91c4f6686edf6128e606cead68f32b,API,API,API,API
fad6251d6cb69ebde72c95751188951a,Dresses,2,No,3
b52cafe9d5696c7a31e4283def918571,Other footwear,2,No,5
67e05c67ef46b4baab223558aafc6ca9,Skirts,3,No,15
921dc4ba13f546dfc6bf3b8d7e9623e4,"Coats: overcoats, raincoat, cape, cloaks and similar articles",2,Yes,12
1e59dbfaed087e285133aea3200bb8b6,,9,No,9
68ba55aeffb6242ba0035a8084f58f53,Other footwear,2,No,5
b6341a2a9800fc5efd325df3b2953a12,"Trousers, overalls, shorts",3,Yes,14
a5a6d20c6cf97d5a8abf0874731f1670,"Trousers, overalls, shorts",3,Yes,14
b7988bc08d564f8c5308ece0ba48d3aa,WEBSITE,WEBSITE,WEBSITE,WEBSITE
37c6d0cbdfe14c73b372524bf47dc87d,Footwear with outer soles of rubber or plastics,9,Yes,9
3efc8225e23702bf62aa387b8ce70946,N/D,4,No,7
0208be66b5477aee5ecd7148efad89ae,Shirts,2,No,7
b51eb4b6cf65b93ce40fa8502a976c91,Footwear with outer soles of rubber or plastics,2,No,24
b89d585fb49753e19a04f14923f1b382,Shirts,2,No,24
cf441b4632a262d47475d3eeed50f436,Footwear with outer soles of rubber or plastics,2,No,24
ff56bd71b9472a762d79882ef30e601d,API,API,API,API
1d6c3bbd74c4c25a87e61327a2b9c7a0,"Trousers, overalls, shorts",3,No,4
f4e752400b266b43737ef2d57da0b17b," T-shirts, singlets and other vests",3,No,4
5c296baed012e060311b5c70868211a6,WEBSITE,WEBSITE,WEBSITE,WEBSITE
b5fcb0927ddcbf57bf598067749c235f,,3,No,14
c0937e02a34a75e6015851cd8f73a947,N/D,2,No,1
27fa0490eaea06459176669d186a3fc3,"Trousers, overalls, shorts",2,No,1
beea35640204a0a9a38016d5672c4c65,WEBSITE,WEBSITE,WEBSITE,WEBSITE
fc1d0eb95926eff6d22452423aad432d,WEBSITE,WEBSITE,WEBSITE,WEBSITE
3946c057766c5b889c2cda7c2b606323,"Trousers, overalls, shorts",2,No,9
0c1b1762276617d247b7d468efd1a6da,Articles of a kind normally carried in the pocket or in the handbag,3,No,4
4ae6f458134f8c37a2500216900c3fbb,"Jerseys, pullovers, cardigans, waistcoats and similar articles, knitted or crocheted",2,No,36
4becec909acd666aaa47259b36b9b64e,,3,No,36
9175aca9b14f23149915ba07baac2c50,"Hats and other headgear, knitted or crocheted, or made-up from lace, felt or other textile fabric, in the piece (but not in strips), whether or not lined or trimmed",3,Yes,27
dc0aeb2a35c5b3f7e70ee9fdf70b54fe,"Trousers, overalls, shorts",2,Yes,7
3e720e1dd48b028300e4f23dfac85236,Jackets and blazers,2,No,12
fe627e283623c2f5b8cef8d308d520e3,Shirts,2,Yes,1
492e253bdf0dee4ed3f4661455e570bb,WEBSITE,WEBSITE,WEBSITE,WEBSITE
aa675a3c8255972b4ae5d03a8591a02b,WEBSITE,WEBSITE,WEBSITE,WEBSITE
d327a66b3ddb51f6dc7c0b109d35607b,Other footwear with outer soles of leather,2,Yes,5
b112eb94a71918fe3cc236a3b76d5b0f,Jackets and blazers,2,No,14
cb95470a444baba69c539aa2d718d606,Other footwear,2,No,16
