id,ddpsubcategory,shiptypeid,hasitemsonbag,country
266d8ba71b82d8e82ad8623552c19baf,WEBSITE,WEBSITE,WEBSITE,WEBSITE
65ddccc0132873e134becb3a360f3042,Footwear with outer soles of rubber or plastics,3,No,14
bb245546c2d44d5df7eab8740de66d6e,WEBSITE,WEBSITE,WEBSITE,WEBSITE
a3b921b87cfcde6ee254e094b322e8da,"Trousers, overalls, shorts",2,No,55
de992df3752fb5f300c67572fb9a6250,"Trousers, overalls, shorts",2,No,55
493cd054753be58fa577c008d4ad8909,Skirts,4,Yes,7
1b6add66bc9e57f9a683ab81a5d77eb1,Footwear with outer soles of rubber or plastics,2,Yes,1
d007ae0051092b7e0cfdc42f09df3b8e,"Jerseys, pullovers, cardigans, waistcoats and similar articles, knitted or crocheted",2,Yes,12
e060a50a952d40e33db532e27c4bbcb4,"Jerseys, pullovers, cardigans, waistcoats and similar articles, knitted or crocheted",2,Yes,12
4ea7018019f9a34b6ae88520a75894c0,WEBSITE,WEBSITE,WEBSITE,WEBSITE
f4605ed93283f6372f4338df76c1666f,"Trousers, overalls, shorts",2,No,1
c3053f0d43179a635481ad330a286267,Other footwear,3,No,20
cf0804ac7a63413c1760b0944e2b4aeb,Other footwear with outer soles of leather,2,Yes,5
4c451f4b0815f0ad7637263c45275cc9,"Hats and other headgear, knitted or crocheted, or made-up from lace, felt or other textile fabric, in the piece (but not in strips), whether or not lined or trimmed",2,No,1
007f287771fd71f0cc5375ed61a4cabc,"Handbags, whether or not with shoulder strap, including those without handle",3,No,4
67827bc94f7852a78acc33857972d347,Other footwear,3,No,24
22b0a8d6e9cccb98e464a960bcda0058,"Of other precious metal, whether or not plated or clad with precious metal",2,Yes,77
c88048563e521189837bba0db190ed31,N/D,2,Yes,77
a267ac05f80a87d52229626bcbaabd80,Dresses,2,No,5
c1924eb87cb273036acc4250979e0d54,,2,No,5
75d8f4b78f746312bece6bc90ae29f42,Other footwear with outer soles of leather,2,No,19
d9eb93d0ad8192244cdc2c5ab2984591,WEBSITE,WEBSITE,WEBSITE,WEBSITE
4ff1dcaa3fc0deedabf6c28bf9645a47,,3,No,1
79428e358a488217f45c7ad836f80ed0,"Trousers, overalls, shorts",2,No,5
0d89a797bf7eb50007b9bbbcb3fcce9d,,2,Yes,1
a63946e2d96fa7bcb2088784006f2bca,,2,No,7
af58f5b2558100d765dcf0ae3c57d97e,"Trousers, overalls, shorts",9,Yes,29
e7981a4dc91d0424800720e6a88aea42,Other footwear with outer soles of leather,2,Yes,1
fab4bddc724351ec505144acaf73c07b,Other footwear with outer soles of leather,2,Yes,1
2b1047e7d51ff51caea512a745128899," T-shirts, singlets and other vests",2,Yes,126
4e1648cf92deb8b1eb65fa0af48bdcbd,"Jerseys, pullovers, cardigans, waistcoats and similar articles, knitted or crocheted",2,Yes,126
1155b8e97a09325a70f3a966672bab33,Jackets and blazers,3,No,36
008015c6511c65968fd3fecea0cd3cce,"Shawls, scarves, mufflers, mantillas, veils and similar articles",3,No,36
d4e89857100bf292557362775a6518d0," T-shirts, singlets and other vests",2,No,7
b437bd917787e1ec7c37e4cf9ebec413,N/D,4,No,7
54eef0f8ae333e26c38de10f06c1e1d2,N/D,2,Yes,44
f8ac6b6027b06a69d0065c51c8daf33d,"Trousers, overalls, shorts",2,Yes,51
f7085f2d73e2c4d267c7eae523165042,"Trousers, overalls, shorts",2,Yes,51
35afb71471552fcdb7e40d0d88a61348,"Trousers, overalls, shorts",3,Yes,9
84f6ca76694ac9c1882364bb7ec8067b,API,API,API,API
2696e7b1bd8ab67eafacf901aa565410,"Trousers, overalls, shorts",3,Yes,9
32274a64691cf36e81ccb8e067395509,Footwear with outer soles of rubber or plastics,2,Yes,9
c9fd6778f4d70267da069ef96b63bd45,,2,Yes,9
46edd94e5293c53b27678c21a8e51233,N/D,2,Yes,1
416cbe063cddf0adbad1900722503380,Skirts,2,No,7
98009abdad33632e91a3740e93bb78ab,"Of base metal, whether or not plated with precious metal",9,Yes,4
7fe09baeffe23e6a9f9cf081596a6b7a,"Coats: overcoats, raincoat, cape, cloaks and similar articles",3,No,9
c65c3436e831b51f2e33dc4b77ed6c15,"Other e.g. braces, suspenders, garters and similar articles",2,No,7
38bf803d965e151d0c36e557abd801d0,"Trousers, overalls, shorts",2,Yes,12
ca295cb1b86346863dc6d9a7a31e9dba,N/D,2,Yes,12
bcd72011bf0b71fc9534f50ae3802853,"Blouses, shirts and shirt-blouses",2,Yes,12
0c1bd7bbe5213cf3daaf97e213f88965," T-shirts, singlets and other vests",2,Yes,12
ced5fe9d015929a2874eb05b4df357fb,Jackets and blazers,2,Yes,19
7bf78555f416f215b5233c6f1ec0d549,WEBSITE,WEBSITE,WEBSITE,WEBSITE
af4d201f2a1af36654d8b7dd1346f81d,"Trousers, overalls, shorts",2,Yes,4
ae4e7c408115733ac76f65163c56b564,Shirts,3,Yes,4
440864adabb75a375b3a4cd0dbd59584,Footwear with outer soles of rubber or plastics,2,No,7
fe5fe7a8781bc733d4b5e611e5408b94,Footwear with outer soles of rubber or plastics,2,No,5
90eba825015a3116228d94ee46394e15,Footwear with outer soles of rubber or plastics,2,No,5
db349566cb0e1d7d2863215e9f2b55fb,,3,No,60
c8444339df92df253349ea70c333f0d1,"Trousers, overalls, shorts",2,Yes,12
e3e8909362ca2635bda11cc037591c39,"Trousers, overalls, shorts",2,No,24
83ef649b246f18dae3653bfb069a87a8,"Trousers, overalls, shorts",2,No,24
59200fed5dc1a1db8c557735386b46a6,Other footwear,2,No,12
8b9d3beae055d112387aeb39b6f83ec6,API,API,API,API
b10931b43c27296b59af82a093d7a837,WEBSITE,WEBSITE,WEBSITE,WEBSITE
6591636f6ce50babb61bb547c721fac4,"Trunks, suitcases, vanity cases, executive-cases, briefcases, school satchels and similar",2,Yes,32
55b53d0eaba1aeababa66601667d112a,,2,Yes,1
9e01b7321dba309401657c930ef41fad,Other footwear with outer soles of leather,2,No,1
dfbf8fd49bae565d3884cbbb19963a67,Other footwear with outer soles of leather,2,No,1
65eac0adbe72ac6c686994413988b924,Footwear with outer soles of leather or composition leather,2,No,1
4a321a2ba0f490acbfaa1f49844f79a3,,2,Yes,5
93d12d1aa4b8f95669daf9eff6539e96,API,API,API,API
ccaaf241df89164059c93de27e357a12,WEBSITE,WEBSITE,WEBSITE,WEBSITE
0f83ecab12d37c5e2d8665cfa1026fb4," T-shirts, singlets and other vests",2,Yes,19
5a04dfdbcc5751dbc0318ba05c156c43,"Of base metal, whether or not plated with precious metal",3,No,54
042b83624d400e841045a4ccf5129e7c,"Hats and other headgear, knitted or crocheted, or made-up from lace, felt or other textile fabric, in the piece (but not in strips), whether or not lined or trimmed",3,No,9
c5b03cd6a9e719594f54fac399ed53a1,"Jerseys, pullovers, cardigans, waistcoats and similar articles, knitted or crocheted",2,Yes,5
da7d19cdf67ba9ecbbe2d251c9b94447,Other footwear,2,No,5
b05e8ada574e18b2e2c37e9e5894f48e,"Jerseys, pullovers, cardigans, waistcoats and similar articles, knitted or crocheted",2,No,87
f6419ef06f30e0df6752be49801fe379,Other footwear with outer soles of leather,2,No,84
bebea0accbc6a10cf82210e22153ff70,Dresses,2,No,84
24253a9f1a65b28adec6c7f245778452,API,API,API,API
f8802007f00be1672ba2f2d4262c4d1f,"Hats and other headgear, plaited or made by assembling strips of any material, whether or not lined or trimmed",2,No,1
fa4bc825f00d1e7427443039c831bbe0,Footwear with outer soles of rubber or plastics,3,No,9
7b59dbc7331bf972ca7d70cba41f0e41,WEBSITE,WEBSITE,WEBSITE,WEBSITE
9260370507f375ef6eb5d9d248956b5d,Other footwear,2,No,5
5ba56bcc7389802d3bb85387750149f5," T-shirts, singlets and other vests",2,No,5
70af5131dd025f0774b1c29c72c45ac8,"Jerseys, pullovers, cardigans, waistcoats and similar articles, knitted or crocheted",2,No,5
647b65e7a846d5767685c23547bafe48,"Jerseys, pullovers, cardigans, waistcoats and similar articles, knitted or crocheted",2,No,5
1d04af95ec672d1e41453c74d46c2b72,,2,No,5
ef4d1571447cd6b38200ab3daf66c5f4,Footwear with outer soles of rubber or plastics,2,No,5
d49a82c46d161760eee37adba1d5d961,Dresses,2,Yes,1
a884b622fa20fb2eb98e3066cb4f49a7,Dresses,2,Yes,1
bb97fb0bd9f0593f331c891b82c1994f,Articles of a kind normally carried in the pocket or in the handbag,3,No,9
a3fac227a38a356e6a3473623ededcc8,Footwear with outer soles of rubber or plastics,3,No,4
a05bc7e25b7ac30389640338f7dbf81f,,2,Yes,1
9cae735e7cfe436b74fdfefea2a4afbe,WEBSITE,WEBSITE,WEBSITE,WEBSITE
49933b10f0fb19221863091e6ea498ac,Other footwear with outer soles of leather,2,Yes,39
844373862f3631c4b061cd92c7af1f58,N/D,2,No,16
4900e8aa5d1a666d948fc7faa70a8342,Footwear with outer soles of rubber or plastics,2,No,7
a8ed154e8b22af348dd07ba6eb9ab166,"Jerseys, pullovers, cardigans, waistcoats and similar articles, knitted or crocheted",2,No,1
22a92dc8a44e72ff20df7241f92cc9e6,,2,Yes,1
a4551d1bc21d5661a61d45514090521f," T-shirts, singlets and other vests",3,No,4
505e0e3c9e9e775ef946697bdf6c97df," T-shirts, singlets and other vests",2,No,4
fd431d6eeffd15af20ab5ef0f509c718,API,API,API,API
96ef6ef5bfa3de272bb85d5e78a3cd89,"Carpets and other textile floor coverings, woven, not tufted or flocked, whether or not made-up",2,No,5
c90fa91e9c76fee3f3dfd93b1cfda707,"Trousers, overalls, shorts",2,No,5
c744f64edf0923982e3168f5f97b5d21,Footwear with outer soles of rubber or plastics,2,No,5
