id,ddpsubcategory,shiptypeid,hasitemsonbag,country
0d31423cc7d1f427d99c30a6d4d9acbd,Footwear with outer soles of rubber or plastics,2,No,4
3879a3d381474655747cc2410d21d35b,WEBSITE,WEBSITE,WEBSITE,WEBSITE
f8958e084177d0f1cc42aa403209b8f6,"Jerseys, pullovers, cardigans, waistcoats and similar articles, knitted or crocheted",3,No,14
6bbccaea870b694294f5335aaf40fc1f,"Handbags, whether or not with shoulder strap, including those without handle",2,No,5
805493d2f41eed4279943a1e9b6a1f5a,N/D,6,No,1
f64ba194b0b83b2e1f8cf42ebb60a307,"Handbags, whether or not with shoulder strap, including those without handle",2,No,5
16e89b5686adf67339bec5f71636a007,Footwear with outer soles of rubber or plastics,3,No,24
d383fe40da935eb6a3cad0046558600b,Dresses,2,Yes,19
3700f81e99e91417c744c2ca59ba1631,"Jerseys, pullovers, cardigans, waistcoats and similar articles, knitted or crocheted",2,Yes,19
7001066178efbaf0a25f8bbfd3d3d69c,"Jerseys, pullovers, cardigans, waistcoats and similar articles, knitted or crocheted",2,Yes,19
0725d29b0dac72b3a2238651b6d8cc0d,"Jerseys, pullovers, cardigans, waistcoats and similar articles, knitted or crocheted",2,Yes,19
ae76f4582c48cadbbded6a96796776b1,"Jerseys, pullovers, cardigans, waistcoats and similar articles, knitted or crocheted",2,Yes,19
ba50c9727cbafb384cd38e6965508880," T-shirts, singlets and other vests",2,No,9
e5a9e8578e87704ea732342fa0b235fc," T-shirts, singlets and other vests",3,No,9
d807c68a8e4c3f603d5e2749c824e844," T-shirts, singlets and other vests",3,No,9
e31f24d088ca0c3424672da4d6449020,"Pantyhose, tights",3,No,14
bef3fcba494f53c8a7bd33951732e981,Footwear with outer soles of leather or composition leather,2,No,5
3ebd7e04b439362353fdcbad0c26f1cd,Footwear with outer soles of leather or composition leather,2,No,5
f03bf92a2fad33b3841b41fea40d7e6a,Footwear with outer soles of rubber or plastics,2,No,1
32d98b94eadc232ed4d532e1961b4e8c,Footwear with outer soles of rubber or plastics,2,No,1
005a1ad7d8a091625157510433e5e362,"Of base metal, whether or not plated with precious metal",2,Yes,7
48d4e45d77e2f5f5f35334b82d3517f3,Other footwear with outer soles of leather,2,No,20
ece582249ff8ba23825667d1141cf19f,"Coats: overcoats, raincoat, cape, cloaks and similar articles",2,Yes,5
59158d9e1b3fa7ce45284c2a639bdbc2,Footwear with outer soles of rubber or plastics,1,No,1
01bdde8275df713dc428c5ee982f5475,Other footwear,3,Yes,9
a5350d3b3fea82729ccf5215bd874064,"Trousers, overalls, shorts",2,No,5
aa429cddab454aa6d3e8efb439873af6,,3,Yes,4
5e1e90caaafef642c20909b2f1d103a3,N/D,4,Yes,7
638ebd3d336f9b95db8f0fdd2c6b9311," T-shirts, singlets and other vests",3,No,24
68a0027b0458fb84dd31ee6234b3110f,"Jerseys, pullovers, cardigans, waistcoats and similar articles, knitted or crocheted",3,Yes,14
b058da616bde379f1e76cb78fad07e2c,,2,No,5
a44a72788de622e05b2804cd20af7cff,Footwear with outer soles of rubber or plastics,2,Yes,33
173a4270b5727f1807bb3df11cb0e0ea,Footwear with outer soles of rubber or plastics,2,No,12
28b9b8d4ae454f712692d67d13b18968,Footwear with outer soles of rubber or plastics,2,No,12
758419dddcb910f625d611b48bb07faf," T-shirts, singlets and other vests",2,No,4
6d8199ab9f8193cc4484c95c3749b53f,"Jerseys, pullovers, cardigans, waistcoats and similar articles, knitted or crocheted",3,No,85
3b9c9c32fad57f4ba54a047306132b5a,"Jerseys, pullovers, cardigans, waistcoats and similar articles, knitted or crocheted",2,No,85
78931d497e31f893db9edc3e3bae1caa,Shirts,2,No,85
07c69a68a19d26d85dfdec059d0eca85,"Jerseys, pullovers, cardigans, waistcoats and similar articles, knitted or crocheted",3,No,85
0b962706bc3473f38b2946db7b137deb," T-shirts, singlets and other vests",2,No,85
43c5781850574ba4339f8880a493ab5b,Shirts,3,No,85
e8a89dae9d30b3bc5cd70b0cb0dd0faf,"Jerseys, pullovers, cardigans, waistcoats and similar articles, knitted or crocheted",3,No,85
b0ab6c642f16c70106ce97512103aafb," T-shirts, singlets and other vests",3,No,4
51bd3f7a2712c2857842f9d62b2a1f42,"Jerseys, pullovers, cardigans, waistcoats and similar articles, knitted or crocheted",2,Yes,12
0d597b3ad61ab544afea673d6c5f2bb5,"Of base metal, whether or not plated with precious metal",2,Yes,12
2a4088daeedee6e6aff9ceaf8a929291,API,API,API,API
06be608445e01caa1280f9439e257db2,"Jerseys, pullovers, cardigans, waistcoats and similar articles, knitted or crocheted",2,No,106
b1988a90b75d3456b6e83e8df56c9a13,N/D,2,No,106
efa8ad2691b47ce2d14313cf96f019ef," T-shirts, singlets and other vests",2,No,9
339cda7ff443db3f4309c93aec0b10eb,"Trousers, overalls, shorts",2,Yes,5
640482da3952b9fbd494599def8ba492,Footwear with outer soles of rubber or plastics,2,Yes,5
cb32479e2c8a9edb2643e6087c34f275,,2,Yes,5
919677769ba80fb2f849924854862c4d,"Trousers, overalls, shorts",2,Yes,5
9a91501931f6edcea2ea2e1c5f82a805,"Babies' Sweaters, pullovers, sweatshirts, waistcoats (vests) and similar articles, except those imported as parts of sets",2,Yes,5
24fee8f29b6405af93d6adb9f7e5af67,API,API,API,API
982c6235ab98db65cfbe632ca38ecbe0,Other footwear with outer soles of leather,2,No,3
4d1d3a9d7d4fab8a67206d9c861221db,Other footwear with outer soles of leather,2,No,3
e5092e21f3aafa92b44488d79e5cb1b9,"Jerseys, pullovers, cardigans, waistcoats and similar articles, knitted or crocheted",2,No,16
04b3296ce0e2281bcb3139aff66f1fb8,"Hats and other headgear, knitted or crocheted, or made-up from lace, felt or other textile fabric, in the piece (but not in strips), whether or not lined or trimmed",2,Yes,4
3f23a76163c08da4d9b5eab8db4d1a6e,"Handbags, whether or not with shoulder strap, including those without handle",2,Yes,4
78b7c0af29725a680415bb2b7e768178,Briefs and panties,2,No,5
b72283f915bed78d1396b4e5b990298b,"Trousers, overalls, shorts",2,No,5
3706871dd432cb1dc853f052830780cf,Briefs and panties,2,No,5
509a9be081c7e6ec845816f402e3b522,"Blouses, shirts and shirt-blouses",2,No,5
6fcd38cb4e58eb1c52db80adb9f9e9f2,,3,No,14
6f54abbc638e405aa067c92161e9c4c8," T-shirts, singlets and other vests",3,No,14
fe7d49e47514be85c659e5f463803349,"Hats and other headgear, knitted or crocheted, or made-up from lace, felt or other textile fabric, in the piece (but not in strips), whether or not lined or trimmed",2,No,42
7e77fa932715c214d2a3d52c7d43141d,"Jerseys, pullovers, cardigans, waistcoats and similar articles, knitted or crocheted",2,No,42
39d97d6a8df5dee6d0c58759968bf5d7,"Shawls, scarves, mufflers, mantillas, veils and similar articles",2,No,42
9aef0a96c48bea46818e3a56b2725d75,"Jerseys, pullovers, cardigans, waistcoats and similar articles, knitted or crocheted",2,No,42
7c5a8c70213e6b37d32282c3c54b77ba,WEBSITE,WEBSITE,WEBSITE,WEBSITE
d24dad208ed8f8d777eb0ad54931f901,Articles of a kind normally carried in the pocket or in the handbag,3,No,9
d493506b37fd3451265a3b3afc28b300,Footwear with outer soles of rubber or plastics,2,Yes,5
6c7fde9fddaca19ff29e7a4cc58bd2bc,Footwear with outer soles of rubber or plastics,2,Yes,5
59ce556a3e01fe024862d489e9d42ab9,WEBSITE,WEBSITE,WEBSITE,WEBSITE
fdd16d0d8c654cb312cf1dc8dae3815b,Skirts,3,No,60
a93cb3faf8817f3a9e21532b99409d16,"Coats: overcoats, raincoat, cape, cloak, ski jackets, windcheaters, wind-jackets and similar articles",2,No,5
035035b2116e9e9ab8ad5738dd3164b1,"Coats: overcoats, raincoat, cape, cloak, ski jackets, windcheaters, wind-jackets and similar articles",2,No,1
18308a53f78775500b81b21488e9c859,"Trousers, overalls, shorts",2,Yes,1
9688949534e267e8f9462c0c54089d52,"Blouses, shirts and shirt-blouses",2,No,5
f978daf14a9163fa7322d087f5eb3117,,2,No,5
6805ab42e4c3cd61ab0d21fe918da9ad,Other footwear with outer soles of leather,3,No,9
b638c2a4713501212abbb33b21cbc2fa,WEBSITE,WEBSITE,WEBSITE,WEBSITE
f35ca96805cd974dce18936d2833c55a,Swimwear,2,Yes,5
c82f5faefd9b667047f052d865604834,Footwear with outer soles of rubber or plastics,3,Yes,14
4aa5d74ec954da27700870597bd6fe3b,Footwear with outer soles of rubber or plastics,2,Yes,1
2aecbf9fea556362dc45ded7ddb82f59,"Blouses, shirts and shirt-blouses",2,No,5
c7cbdce06cccdaf6a1b57e35da81e403,Other footwear with outer soles of leather,2,No,5
3affcffc3fb74b72f5e24805e6a3c608,"Jerseys, pullovers, cardigans, waistcoats and similar articles, knitted or crocheted",2,No,4
f6bf203fef9cab7b5892e93d60b24b74,"Jerseys, pullovers, cardigans, waistcoats and similar articles, knitted or crocheted",3,No,54
b51d9cc79c413cdb512823b25749e5af,Items of leather clothing & accessories,3,No,54
677ff5f13ed72ab9580c7a61af6f1645,"Blouses, shirts and shirt-blouses",3,No,54
ac7aff9d6982de2c4c10285678ba054f,,3,Yes,9
ed8aa90944ebd651bf32bd0b7e429fd4,WEBSITE,WEBSITE,WEBSITE,WEBSITE
ffd57947958d6be2b300d2afc1d0f11a," T-shirts, singlets and other vests",2,No,12
91ba783a876ce931492898199b1cb81c,"Trunks, suitcases, vanity cases, executive-cases, briefcases, school satchels and similar",2,No,12
c137f796399722460d5c15c8561bc4c1,Shirts,2,No,5
5e151dec42935fafa747e92971225b91,,2,No,5
fcafb2073837ee7426b31b552d9184de,Footwear with outer soles of rubber or plastics,2,Yes,2
4c10b8c3dfd392f23747b1177e583b9a,"Trousers, overalls, shorts",2,Yes,14
7af5a0d0ac0749f4d244047e8617c5a0," T-shirts, singlets and other vests",2,Yes,5
7a91ca26e1603f4b898e722dbdfab743,"Trousers, overalls, shorts",2,Yes,5
e85ca0aaadf4147744baeec574d48215," T-shirts, singlets and other vests",2,Yes,5
7abc3ac84bfa7e2f61962e3d163a49ad,WEBSITE,WEBSITE,WEBSITE,WEBSITE
a095c96046b521a091e044f31c7eb1df,"Handbags, whether or not with shoulder strap, including those without handle",2,Yes,46
29581f0281e1f071bc345fce3014ca28,Other footwear with outer soles of leather,2,No,5
9bde1889caafaac1dba27a575202e9b2,"Shawls, scarves, mufflers, mantillas, veils and similar articles",2,No,5
885f4f4c0d711db988d6c6b1687f043f,Other footwear with outer soles of leather,9,Yes,4
2ed8226869fef535781ac8dd9cf44978,"Handbags, whether or not with shoulder strap, including those without handle",2,No,4
