id,ddpsubcategory,shiptypeid,hasitemsonbag,country
a57946db53cb831606cb5d7bd4719e6b,Other footwear with outer soles of leather,2,Yes,1
db8b73f0cfadd0faa8c2121af6f28fb3," T-shirts, singlets and other vests",2,No,61
8637a3cb38a8e15a88b107262ace416f,Articles of a kind normally carried in the pocket or in the handbag,3,No,4
8689654d35a1e2b205938576b6fb1d5b,Other footwear with outer soles of leather,3,No,14
0d821a6ebb6d1b1036f2620161885836,API,API,API,API
413d9331db6f2b89a8ef3b92092944f1,,2,No,5
13fa975adb065e0ded063837a92ea15f,Other footwear with outer soles of leather,3,No,14
f035ddbbb8134c3583451a771d4d21e3,Dresses,2,Yes,14
96a48845c68fee9023d1e3eccb56cf0d,Nightshirts and pyjamas,2,Yes,5
049b675dc4376445e87c5df145a395dd,Nightdresses and Pyjamas,2,Yes,5
ee45de9c06b3a4f3a41971aa4842ea04,Nightdresses and Pyjamas,2,Yes,5
83b18018355219f7f150cc7a7c7bf55c,Nightdresses and Pyjamas,2,Yes,5
2416b91070cc5290bee8e89b0083c440,Nightshirts and pyjamas,2,Yes,5
9bd6eade5395e69cfaf16035a00b0b24,"Jerseys, pullovers, cardigans, waistcoats and similar articles, knitted or crocheted",2,No,1
5b2084a18692b75a32500141b2c2b26c,"Handbags, whether or not with shoulder strap, including those without handle",3,No,4
d14317c59dabc40b0e1e7fb33411d174,N/D,3,No,7
77eaeebad6cbe52909c5b3db3274bd10,"Trousers, overalls, shorts",2,Yes,3
464b113cb138a2b05aafd1d136977103,"Trousers, overalls, shorts",2,Yes,18
8c30d18ed79449d7185fcd7a125e0486,"Trousers, overalls, shorts",2,Yes,18
d345ee24302ea7e1974387e43cbc9ffc,Other footwear with outer soles of leather,2,No,1
9bb3b0e32662c5477782e92c01b430e7,"Jerseys, pullovers, cardigans, waistcoats and similar articles, knitted or crocheted",2,No,16
5de8bdd29a22215d4b1bfaf869046fdf,Jackets and blazers,2,No,16
3f27dc6d4f4583f6b84fa2fe0766a946,"Pantyhose, tights",2,No,16
e06332dee33bec6c2ba4c98601053229,,2,No,16
a2bc2df64668d64c7a25624135408778,Articles of a kind normally carried in the pocket or in the handbag,2,No,3
af1d9df2c5dfdc7e68a2f8226cfdfc01,Other footwear,2,No,5
224d7a5fb3fb82e3185b8e0f05f5ac16,"Hats and other headgear, knitted or crocheted, or made-up from lace, felt or other textile fabric, in the piece (but not in strips), whether or not lined or trimmed",3,No,4
37516991f9895dc9e518f8283461b1b5,"Hats and other headgear, knitted or crocheted, or made-up from lace, felt or other textile fabric, in the piece (but not in strips), whether or not lined or trimmed",3,No,4
61201712ecc4a9308e8900eeee093273,"Hats and other headgear, knitted or crocheted, or made-up from lace, felt or other textile fabric, in the piece (but not in strips), whether or not lined or trimmed",3,No,4
720548e50a0dceb007306f3598181a55,N/D,3,No,4
57d7a0c5000b7bb808be6b5ffe12425e,WEBSITE,WEBSITE,WEBSITE,WEBSITE
76e1b33baff5c2af7595f9188cad29ec,"Coats: overcoats, raincoat, cape, cloak, ski jackets, windcheaters, wind-jackets and similar articles",2,Yes,75
c8a0ea6a0a601eb0d3969726293f56a8,Footwear with outer soles of rubber or plastics,2,No,50
2487374e44541d3fde4cf09ef4af02f3," T-shirts, singlets and other vests",3,No,4
dd6b928671f70036cb21aa4e58468e74,WEBSITE,WEBSITE,WEBSITE,WEBSITE
ee4ac38aba40fd10727c24a956a16add,"Coats: overcoats, raincoat, cape, cloak, ski jackets, windcheaters, wind-jackets and similar articles",2,No,3
97792dde352d20aebd0008196bd64d94,"Blouses, shirts and shirt-blouses",2,No,3
781be27edf9b39b73a988c46e4174289,WEBSITE,WEBSITE,WEBSITE,WEBSITE
727fb261f705d69d3fdf209698b0d414,Footwear with outer soles of rubber or plastics,2,No,19
b3dbd817c1a2b883dc3d9cca2b0faede,Footwear with outer soles of rubber or plastics,3,No,13
d6176f5af81516c1942138922940878f,"Jerseys, pullovers, cardigans, waistcoats and similar articles, knitted or crocheted",3,No,13
4ecfb48de98e5c5e4fbc1de31c184ee6," T-shirts, singlets and other vests",2,No,4
13a1c1151bc5f7cb834c577a1ee4a306," T-shirts, singlets and other vests",2,No,4
4e438b4eb349f0cc7e31290f81c02574,,2,No,3
0598a8a44642112b180d9e38de2d26af,"Coats: overcoats, raincoat, cape, cloak, ski jackets, windcheaters, wind-jackets and similar articles",14,No,9
1c866d66e4c9c97a74f169919a1acbe6,"Hats and other headgear, knitted or crocheted, or made-up from lace, felt or other textile fabric, in the piece (but not in strips), whether or not lined or trimmed",2,No,42
dd265ef31dc2cf590941e3eeaee69cfa,,2,No,19
6586c3e068e454c24653f9f40c017bf4," T-shirts, singlets and other vests",2,No,4
2732be7499a90fe0f25411da91dc7b79,"Jerseys, pullovers, cardigans, waistcoats and similar articles, knitted or crocheted",2,No,4
f73c26f813c461575996ce963d8820a2,"Trousers, overalls, shorts",2,No,4
6f48a750a83a0da4bed398db089bae90,"Jerseys, pullovers, cardigans, waistcoats and similar articles, knitted or crocheted",2,No,4
1b2080fdbf971d0e84e0c11ab70378f8,Other footwear,2,No,4
e28cababa9ed148f78f49836c891dd7e,Other footwear with outer soles of leather,4,No,7
8210fed256f9480c5e59b702a99c467e,Jackets and blazers,2,Yes,12
a87d99fed945f67214a1bcf9d94b4f21,Other footwear,2,Yes,14
4de8d5c4a9074b3dc5d58954653ce679,Articles of a kind normally carried in the pocket or in the handbag,3,No,9
ae494beb7abee2339f89cb78b613ced3,,3,Yes,4
a001b43ce919391bce368250da8f4615,"Jerseys, pullovers, cardigans, waistcoats and similar articles, knitted or crocheted",3,Yes,4
e128b879bb9bc94f0b7b3e9e25d73192,"Handbags, whether or not with shoulder strap, including those without handle",2,No,1
2427c74b21bca99cbd0785934ceea280,Jackets and blazers,3,No,14
c4620df0f7a9da863458ed919b2e26d7," T-shirts, singlets and other vests",2,Yes,7
bb4973ed9f411343ca51786bb98297db," T-shirts, singlets and other vests",2,Yes,7
0aea648b4ba2a888f3a383a29662511e,"Handbags, whether or not with shoulder strap, including those without handle",8,Yes,1
a5b48fc7024c5323e7ca7b750bcb0e75,N/D,2,Yes,5
d80b837f31f72ddfddc18d1541bda389,Other footwear with outer soles of leather,2,No,5
6867c756802d082813853b9d82ac38dc,"Trousers, overalls, shorts",2,No,5
a7457e0b273602d3e56415aab19fd0e0,N/D,2,No,5
87c928c63929eb871a7ab65cbcc56b30,Footwear with outer soles of rubber or plastics,2,No,3
f3061e5234ce6951761dde156958a514,"Blouses, shirts and shirt-blouses",2,No,3
44462a79e9ec451591d888548fdc7bb8,"Coats: overcoats, raincoat, cape, cloak, ski jackets, windcheaters, wind-jackets and similar articles",2,No,5
d6e55020419d3345825dcfdd2bf086bd,"Coats: overcoats, raincoat, cape, cloaks and similar articles",2,Yes,1
95e50850e6e63ba0fa28a3c1c510dbe0,"Shawls, scarves, mufflers, mantillas, veils and similar articles",2,No,20
6a2755b077afcfb1582dd2f97c8e81d0,Footwear with outer soles of rubber or plastics,2,No,61
ca9f347dc7e762b3946077f6a8806065," T-shirts, singlets and other vests",3,No,4
2c1464fa2d2fae0c08068baee81c9699,"Coats: overcoats, raincoat, cape, cloaks and similar articles",2,Yes,12
44a6bf246d2811310764135b5fccb94e,"Trousers, overalls, shorts",2,Yes,15
2af3b68f81b6ed1f71d07d161649cd4f,WEBSITE,WEBSITE,WEBSITE,WEBSITE
07aed3f8ebd6b65750d47af2695e9830,"Trousers, overalls, shorts",2,Yes,15
22fef13dd9b331279b634b974ce8a4d0,"Jerseys, pullovers, cardigans, waistcoats and similar articles, knitted or crocheted",2,No,12
04e9ee920a00776ffb1792d13af56363,Belts,2,No,61
ada8b19a6544fadd1e3cf82d2e669a91,"Jerseys, pullovers, cardigans, waistcoats and similar articles, knitted or crocheted",2,No,10
f7e4c5dc1ebef074b16f620bc6da8f86,Footwear with outer soles of rubber or plastics,3,No,10
0ca6268a8f3bbc4e7a916abc1f8d67b4,"Blouses, shirts and shirt-blouses",2,No,3
3c9552b2ab35509b986e817a34b162ec,Other footwear with outer soles of leather,2,Yes,1
fb1d74ca8e7560f03a61712a51c4a38d,Footwear with outer soles of rubber or plastics,2,No,7
4394879c3d5d0cda1e7822b9863feadc,WEBSITE,WEBSITE,WEBSITE,WEBSITE
59df748c14db50871b0b8c9ebf78aad5,Other footwear with outer soles of leather,2,No,47
d1f538bd825d901b92adf0424771a3a9,"Blouses, shirts and shirt-blouses",2,No,47
bac3e0b7613157f30bcee2b08857d62e,Other footwear with outer soles of leather,2,No,47
a9fa2dd497561c2995be4176e8f25689,"Hats and other headgear, knitted or crocheted, or made-up from lace, felt or other textile fabric, in the piece (but not in strips), whether or not lined or trimmed",3,No,55
a730aca5fd296406092c9b2057318a8a,"Jerseys, pullovers, cardigans, waistcoats and similar articles, knitted or crocheted",3,Yes,11
13a9b629d2b758db47027cca87952800,"Trousers, overalls, shorts",2,No,16
25087b7e8ee370fc02780dd3387c0ed9,"Jerseys, pullovers, cardigans, waistcoats and similar articles, knitted or crocheted",2,No,14
a5056dfdee41453dd9b4fe3bd8eb2818,Dresses,4,No,7
125931604f4f43271ac94c34c76efdae,"Blouses, shirts and shirt-blouses",4,No,7
16437e8fcd6172abeb325d2f5456044a,"Blouses, shirts and shirt-blouses",4,No,7
c0162d96595738bcd983a1d5e2d589bc,"Jerseys, pullovers, cardigans, waistcoats and similar articles, knitted or crocheted",2,No,1
7083d4a5a421de8e4bc60f612f42ca51,"Trousers, overalls, shorts",2,Yes,19
28d5ea6ac3b0c4c9e8526809ea3ed752,"Trousers, overalls, shorts",2,Yes,19
3cc9d9bb6c7ba48a750d9e341efcc46a,"Trousers, overalls, shorts",2,Yes,19
2bec47973271292f612ceda2d416be0d,Footwear with outer soles of rubber or plastics,2,No,7
9416dcdf6de6857d09ccd78a97a0a53e," T-shirts, singlets and other vests",2,Yes,19
9f475bf579fc607bb0d15c396e57a105,"Trousers, overalls, shorts",2,Yes,16
be816453f432a586c1f985cbcf8cce74,,2,Yes,3
88e606914446f6552aeda51025680fa3,"Trousers, overalls, shorts",3,Yes,14
af088863b1c304e2fc2f4b5be619b57d,Footwear with outer soles of rubber or plastics,2,Yes,5
857b4e97b54b1c0f9f9d32286624ad0e,"Footwear with outer soles of leather, and uppers which consist of leather straps across the instep and around the big toe",2,Yes,5
0869e0923167c25e5f262923b82f32b8,"Jerseys, pullovers, cardigans, waistcoats and similar articles, knitted or crocheted",2,Yes,5
37dd1c92a35be612b0f1fb72f6ca86ea,,2,Yes,1
