id,ddpsubcategory,shiptypeid,hasitemsonbag,country
ee2ba1607628fd1416f6551ec738d009,"Babies' Trousers, breeches and shorts, except those imported as parts of sets",2,Yes,5
c85a438920faa7cd22c00d290924a60f,WEBSITE,WEBSITE,WEBSITE,WEBSITE
0c75becad673534a2d78ae6632678ab9,"Trousers, overalls, shorts",2,No,19
c1aeda0fd91b65479c5d53fffc7a7471,Of precious metal whether or not plated or clad with precious metal,3,No,4
2732aa373394c9e396d4a4c3cd0537ca,WEBSITE,WEBSITE,WEBSITE,WEBSITE
d5897034f245de32360682ab4fbcb1ce,Other footwear,2,No,55
6061f5f7797754656133bf6ae25e3c0b,Other footwear,2,Yes,7
5470bd08807af470b2bf306aacdb22f2,"Blouses, shirts and shirt-blouses",4,Yes,7
738c2f15eaeacb7ee906e8b724104bd5,N/D,4,Yes,7
ef68574f1af7de0f251bbe01934f3704,Dresses,2,No,1
1207f266a6766312d2539e3b75f565ef,Dresses,2,No,1
2b18b091c9b27131fa19b03c2774e1a6,Dresses,2,No,1
9bc1178716e8c8570c40ab2bd9350cc8,Dresses,2,No,1
2aeba10361a4cd4ad21a82cec540ad0b,Dresses,2,No,1
4ae59aa57ed0f776ea9ed0ff78596e12,Dresses,2,No,1
d52d9986a27fc559a9be37c7dff0874c,Dresses,2,No,1
fd904ad95abbd12fd95820cfadea1977,Footwear with outer soles of rubber or plastics,2,No,4
cdb213f0757b38157af4aa7d9be26f76," T-shirts, singlets and other vests",2,No,5
6862a004d9b84d9a335b86c32b75f180,Footwear with outer soles of rubber or plastics,3,No,4
86191d1ea9d6ff1ac4cc89c0b9721a4f,Other footwear,2,No,1
d80f6fb9afc333043da5f7f89d0e3b7b,Items of leather clothing & accessories,2,Yes,12
e4ed9c7f36e33c18911ce3c0e1c4b7f8,,2,Yes,40
4176fa7cd6434537d2e33a22ef0aa6d4,N/D,2,No,30
81e4e0c36ececcb9cee2994a2d4eceb5,,3,Yes,14
d28af99850623e350ca2dabbc1bfd90d,WEBSITE,WEBSITE,WEBSITE,WEBSITE
39bdceba34b3d92c9a195d975e7d974c,"Trousers, overalls, shorts",3,No,1
e4758ee69c27f191c8a6cdc534a1c17f,N/D,4,No,7
0bf675a8daafad726d440b9407263268,Other footwear with outer soles of leather,10,No,1
d39b92191eb13c44ec4690ac915a9f59,Other footwear,2,Yes,4
799f42d296c0d0ec035d2e6235723848,Footwear with outer soles of rubber or plastics,2,No,2
01e1498fccbad149c6fbae0c93edd9a8,"Shawls, scarves, mufflers, mantillas, veils and similar articles",2,No,1
81bd04df03a03c0404184057ccd5a529,Footwear with outer soles of rubber or plastics,2,Yes,7
9ae7464728feea7aa76bb0f5e74f1c4e,"Trousers, overalls, shorts",2,No,11
7f40655f42d36262af9f8e04c0bc1410,Other footwear with outer soles of leather,2,No,5
4e1ae8e6b4f4acfc6a55946dbfe83862,Other footwear,2,Yes,12
fc3075fd8f4660edf5cb8f1c54ac5454,"Trousers, overalls, shorts",3,Yes,14
0a96595a52e38ba209d36b34b1dddc9d,"Jerseys, pullovers, cardigans, waistcoats and similar articles, knitted or crocheted",3,Yes,14
785f40e4ff5bb7852433d9764847c499," T-shirts, singlets and other vests",2,No,1
8d7f5df4f7c3077ca098ce79a1a2d9c6,Footwear with outer soles of rubber or plastics,2,No,1
d641e6a9970bbd37c4f143165f455d02,Footwear with outer soles of rubber or plastics,3,Yes,36
4d437e45baeef3b3e2697775e1736a19,"Coats: overcoats, raincoat, cape, cloak, ski jackets, windcheaters, wind-jackets and similar articles",2,No,1
92e02dd29bcfab7acee515f8ee889d0c,Jackets and blazers,3,No,4
fac40619c582bc54fdab2b8eb83df054,WEBSITE,WEBSITE,WEBSITE,WEBSITE
4c9d6c4adbea75657739db19b7dcf4a0,Jackets and blazers,2,No,4
daa59ad5fb0ae9b4791bfe09670adb16,N/D,4,Yes,7
cdb1a34aba521d662f37b16768129665,Swimwear,2,Yes,5
78973baa8fc750ef14102a1cf4f39c1d,Swimwear,2,Yes,5
76060d325a126b2f90a198c7d4737cde,"Blouses, shirts and shirt-blouses",2,No,1
229deafc66c652a4d3eac561dae48a56," T-shirts, singlets and other vests",2,No,5
fe14ddea7a4a69947c494715e7e0c658,WEBSITE,WEBSITE,WEBSITE,WEBSITE
40fe38d47abf0dc03f74fdb7fd06bc59,"Shawls, scarves, mufflers, mantillas, veils and similar articles",3,No,4
899db2c2b55595bf3ecb5988512869fa,"Coats: overcoats, raincoat, cape, cloaks and similar articles",2,Yes,19
6f30ed70d9cdb4bcc10afa06d359d79d,"Trousers, overalls, shorts",2,Yes,19
efd0363fb68a481703bde88ccf4c37dc,"Trousers, overalls, shorts",3,No,4
6a5472a08ebe69e6508b125f7063b8b4,Shirts,3,No,4
375f03fe572c78365ec30c3bf586bd3d,Other footwear with outer soles of leather,4,No,7
fa8ec03dc9502c5d11ff032b3847d1c7,"Jerseys, pullovers, cardigans, waistcoats and similar articles, knitted or crocheted",2,Yes,19
a29b05f6fae37856750b370de4fe3b4d," T-shirts, singlets and other vests",2,Yes,19
0e7738240110031d64f9cbd30ae667f8," T-shirts, singlets and other vests",2,Yes,19
0714b6bbf6e51fa1c43f3aae2a135430,Articles of apparel and clothing accessories,2,Yes,12
9db1aa588516218ebbe5f5fc9f58ed3d,Footwear with outer soles of rubber or plastics,2,No,5
3596feb0d9023bab0f2a47ca80d7d4df,Footwear with outer soles of rubber or plastics,2,No,5
3f75f1ed6859d83900f0389ce25f290c,Footwear with outer soles of rubber or plastics,2,No,5
3ebf12f38db9ef6009d1df04d41a573b,Footwear with outer soles of rubber or plastics,2,No,5
543e4eae24ac80865dcdaaeedfd9a7c8,"Handbags, whether or not with shoulder strap, including those without handle",3,Yes,36
e274c9c76002c8cfdd23176105de89b7,API,API,API,API
082204a8eda4ceec1010715bd0d4a2cd,"Jerseys, pullovers, cardigans, waistcoats and similar articles, knitted or crocheted",3,Yes,9
76cf5f3efbbebb8fe2de053e65b1f26d," T-shirts, singlets and other vests",2,No,7
cafcf89b584b2bb60d878b71a1d1f874,,2,Yes,12
e2b7b76bdbc2fde6bf5c91b4fd6b08b3,"Trousers, overalls, shorts",2,Yes,12
069d2af491159fb79fdd4971688a446b,"Jerseys, pullovers, cardigans, waistcoats and similar articles, knitted or crocheted",2,No,4
69b2bd31716fa6663bac626db6a02c61,Other footwear with outer soles of leather,2,No,4
4bf8099dcf225ece20d28fc95d950301,"Handbags, whether or not with shoulder strap, including those without handle",2,Yes,4
8aad58a2cb458c90e124795894a80e19,"Handbags, whether or not with shoulder strap, including those without handle",2,No,4
9c480fb43a849d609a181e030a6024ad,,3,Yes,11
045b22762cef0d4fd82d97725fe764da,"Jerseys, pullovers, cardigans, waistcoats and similar articles, knitted or crocheted",3,Yes,11
1ae816429e3eb9b80089bd7b60f4a975,"Handbags, whether or not with shoulder strap, including those without handle",2,No,3
58e61ea8cd7bbc662ec450ae8863a0a6,WEBSITE,WEBSITE,WEBSITE,WEBSITE
fb94130ca212602e16c7378cb95b9455,Sunglasses,2,Yes,42
62e27e36f56ed30c93d0740748836d06,Sunglasses,2,Yes,42
cfcd83d977652143eb694f5576618fc6,"Coats: overcoats, raincoat, cape, cloaks and similar articles",3,Yes,62
2aedecacbcced1cff86b16047fc75601,Articles of a kind normally carried in the pocket or in the handbag,2,No,1
b51aac82f3fd5dfda8a22245b056e27d,Footwear with outer soles of rubber or plastics,4,Yes,7
6f441d4906abd98791d106d47e7a6d2c,"Shawls, scarves, mufflers, mantillas, veils and similar articles",2,Yes,69
e9a0bb6500efff7b67dc6d0bf7142a9e,"Shawls, scarves, mufflers, mantillas, veils and similar articles",2,Yes,69
36822983a17916da097394878489d77c,Swimwear,11,No,3
5aa258b8d2971cf4b80f7f2aff20b3d7,Footwear with outer soles of rubber or plastics,9,No,4
6c598d34def806305d7d90a0db127240,,2,Yes,5
c05ef9f2b36d9e72ab39a7c53a626450,Footwear with outer soles of leather or composition leather,2,Yes,5
e12804288d54fdbe3c263f7eb9d53ba0,"Shawls, scarves, mufflers, mantillas, veils and similar articles",2,No,40
001245e2d5783b2fdab4bfe732c0be55,Other footwear with outer soles of leather,2,No,19
c58c11fe88e84b51888e2286c9f6f73f,N/D,2,Yes,64
950c8acf4411290f9c4afa82479f1489,"Trousers, overalls, shorts",2,No,64
0b11cade2401caaa4e35981aba8ce598,WEBSITE,WEBSITE,WEBSITE,WEBSITE
c0d78789cf69528e372fcd8cc4bbae29,Articles of a kind normally carried in the pocket or in the handbag,2,No,1
ef697a65efeb9a9e99204d37e78344a6,"Hats and other headgear, knitted or crocheted, or made-up from lace, felt or other textile fabric, in the piece (but not in strips), whether or not lined or trimmed",2,No,17
0a6fc211326e9398d1833ad95547f96f,Footwear with outer soles of rubber or plastics,2,No,48
315be69f840ee6a5cb3004348d5a8ba8,Footwear with outer soles of rubber or plastics,2,No,48
8447b420ea8e7ad83005624b679161cb,Swimwear,2,No,5
0a9bad1533d78b1d0377edaa6355a8f3," T-shirts, singlets and other vests",2,No,5
ee9733f4ca169e4d06c7e42e1add77d8,"Jerseys, pullovers, cardigans, waistcoats and similar articles, knitted or crocheted",2,No,5
55a65ed5a0e829f0606c8389bd02e7e8,Dresses,2,No,5
b2e82d59cef5f283cda8358f77424d42,,2,No,4
e4a676ff6d4f76531471d231d5b9e293,N/D,2,Yes,5
8b7f95c77fca9f53a2a0d127f77464a6,WEBSITE,WEBSITE,WEBSITE,WEBSITE
c9b80b1bb88d1e8885c517ab01b0f644,"Headbands, ponytail holders and similar articles",2,No,61
887a8d468620e37ce071bf539eea2b7a,,2,No,61
bec6a74984116b4b72e612c2155cd48f,Articles of a kind normally carried in the pocket or in the handbag,3,No,9
890444fbbda7f36d95cb7f9f68599f47,Footwear with outer soles of rubber or plastics,2,No,7
