id,ddpsubcategory,shiptypeid,hasitemsonbag,country
8f6106c5bc50dd621f96ab4ce4862588,,2,No,30
8b865933faa846970f05fc5c62ab1436,"Jerseys, pullovers, cardigans, waistcoats and similar articles, knitted or crocheted",2,No,30
52c719afcd48f4cca20cdd621be179d6,,2,No,30
845573d9b27ee29b8d2cffac75a3ee17,"Trousers, overalls, shorts",2,No,7
d1d7985dce021e3b24976b2a6cc5a44b,Other footwear,3,Yes,1
d6d66bbc22be8e706f551cb626034ac4,"Trousers, overalls, shorts",3,Yes,1
621ee2c3a553362f1b38c4a70a7dfa12,Footwear with outer soles of rubber or plastics,3,Yes,1
77157f752ea3d6353b8bc069f5e68c9b,Jackets and blazers,3,Yes,20
0ca941b2a38e53adf2dd32fb7d8dffbf,"Jerseys, pullovers, cardigans, waistcoats and similar articles, knitted or crocheted",2,Yes,1
da6451b341b4cbab48a578fd9e9786f1,Other footwear with outer soles of leather,3,No,50
b5bca32f0357f2122d65ec9cfe9861ce," T-shirts, singlets and other vests",2,Yes,7
6f1be91e62c4d06a6c014fa54253b216," T-shirts, singlets and other vests",2,Yes,7
ac4828a1edf0ae69c7f8bec5ced7f45e,,3,No,38
708ca3017a33cf594171fbc64e861fa0,"Jerseys, pullovers, cardigans, waistcoats and similar articles, knitted or crocheted",3,No,38
5924061c4e5fb5feeeb7538bb6d6e4f5,"Hats and other headgear, knitted or crocheted, or made-up from lace, felt or other textile fabric, in the piece (but not in strips), whether or not lined or trimmed",3,No,38
492ef6b696d5a41894e5620e21e3a2ab,Footwear with outer soles of rubber or plastics,7,No,38
c7c277b4d2d7b3f7d9776a05e44f4fbe," T-shirts, singlets and other vests",2,No,7
47980f0d4d5881b7103b1944184642c0,Dresses,2,No,30
852c42c338a524e8e9d5736c73c64830,Footwear with outer soles of rubber or plastics,2,No,16
ec4b7945e2f8d0fdd4cd75e2587b087d,N/D,3,No,9
3b52807a5b0182fa6328924476dd11de," T-shirts, singlets and other vests",3,No,9
779f6160978e03cbd9754eb77872b2a9," T-shirts, singlets and other vests",3,No,9
82ccdaf3655f5753ccd1be3641682361,Footwear with outer soles of rubber or plastics,2,Yes,1
c2e57da3fcd75ffc79d642747aeb2280,"Ties, bow ties and cravats",4,Yes,7
01848523f2aaec7da87a19598c382a22,"Footwear with outer soles of leather, and uppers which consist of leather straps across the instep and around the big toe",2,Yes,12
c827c4d8a1a1e147cec0c9673ed4e405,Swimwear,2,No,9
16f5b03eea430dd095d326aa237bf1ca," T-shirts, singlets and other vests",3,No,11
513ddd81a0e51ddf746ac426c01af99a,Other footwear,2,No,4
8bfd8b3f52b5b3f81119eef726edc7c7,WEBSITE,WEBSITE,WEBSITE,WEBSITE
881fd86fef73b2dd4b3c28b1e940402d,Other footwear with outer soles of leather,2,No,1
0ee4057e793d34fd5203fa7ce8f3260d,"Jerseys, pullovers, cardigans, waistcoats and similar articles, knitted or crocheted",2,No,4
501da24bc8241b54c1a4ef93993cc4bf,Footwear with outer soles of leather or composition leather,3,No,11
fb3639bb41d7152068c780bca4d18c68,Dresses,4,No,7
9e0790051246f5d9533eefbdbdab1562,"Trunks, suitcases, vanity cases, executive-cases, briefcases, school satchels and similar",2,Yes,5
0c45cb6f29fc51ccb25f77ae8859d90e,WEBSITE,WEBSITE,WEBSITE,WEBSITE
5c42297a2e2586598ba2f0492ea8b7e4,Footwear with outer soles of rubber or plastics,3,No,14
2fe91fd677d02b8afc6dc4d9e6197ac9,"Pantyhose, tights",2,Yes,7
5c78d2f30325a4506b02c869b91cca9c,Other footwear,2,Yes,7
bb27a4f37b158b9cf0aed24f03149e0d," T-shirts, singlets and other vests",2,No,4
e6814287a498a2424476a02da4ce9f2f," T-shirts, singlets and other vests",2,No,11
aba5a92443422870342bb8d7a647afee,Footwear with outer soles of rubber or plastics,2,No,14
8129decd4e6124ea915ecd93fc1ce006,Footwear with outer soles of rubber or plastics,2,No,14
8db077c44a70b9a3cfad03b5f3994c83,,2,Yes,17
db660c0f843262794879af2ee9b434f7,"Jerseys, pullovers, cardigans, waistcoats and similar articles, knitted or crocheted",2,Yes,17
f5a6e88e8b758d4161acb9d1f9c401e4,WEBSITE,WEBSITE,WEBSITE,WEBSITE
097e59cc39f3414f7b30e2c321af644e,"Trousers, overalls, shorts",2,Yes,17
9ac7aef686c5e8de17eb0eea54950474,Footwear with outer soles of rubber or plastics,2,No,5
5f479bbb9328363d1515c4745f110825,,2,No,5
4097dc6b094e72cc2e3baf5e63f9993c,WEBSITE,WEBSITE,WEBSITE,WEBSITE
b8bca1a694d6ab669116e972dd3e78cb,Footwear with outer soles of rubber or plastics,3,No,4
9048596262825498b809a407d14fd241,Other footwear with outer soles of leather,2,Yes,51
dc72272d66994c0f2e81e1fb55c434a4,"Jerseys, pullovers, cardigans, waistcoats and similar articles, knitted or crocheted",3,No,27
e741ada526015e4d34281e50a6d422b2,"Jerseys, pullovers, cardigans, waistcoats and similar articles, knitted or crocheted",2,Yes,60
d4cf1055eec9114af41a285a38b37d2d," T-shirts, singlets and other vests",2,No,7
21deb313601b7c09173a1c6c2f736743," T-shirts, singlets and other vests",2,Yes,19
a6f413a75686867ef5010ac90b5ceef9,WEBSITE,WEBSITE,WEBSITE,WEBSITE
b189d0f61518288d595c35b7c804f4b0,N/D,2,No,5
6d0c9b66a2cc60171d39f83e0c56e540," T-shirts, singlets and other vests",2,No,14
882e15f4b892623cff081229a90e474b,Other footwear with outer soles of leather,1,Yes,1
d98cec6ee5226914f3c13e4afc2e96f7," T-shirts, singlets and other vests",2,Yes,46
44ae6e48a1193aafcdb2ad15baeebb1c,WEBSITE,WEBSITE,WEBSITE,WEBSITE
e221d87624c69561ca5df9167b8f8a1e,Dresses,4,Yes,7
061199b18ab24c3f081604e6ea7b9ae8,Other footwear with outer soles of leather,2,No,14
2d3b593bec2fb7bb6f1042a40ee7ef34,"Handbags, whether or not with shoulder strap, including those without handle",2,Yes,1
c3d1db6320d084fc7e6b692d36719654,"Trousers, overalls, shorts",2,Yes,5
24513ab61edb2654930901465a930196,"Of base metal, whether or not plated with precious metal",2,No,1
c0b4f5e9bc8d1504b6a8a393865b2a9b,Items of leather clothing & accessories,2,Yes,12
511fca31f12af43929b8e0205bb31511,Jackets and blazers,2,Yes,28
f5db03622a414cb2a2fe990d36828000," T-shirts, singlets and other vests",3,No,24
df59843f5d0c65c22528d99f53934a30," T-shirts, singlets and other vests",3,No,24
84649778c0b78458eca5c4fde95d7fe3," T-shirts, singlets and other vests",3,No,24
fb253c1684966761d25a926fe7143b79,Footwear with outer soles of rubber or plastics,3,Yes,24
83e9d26fac18b7f4835c97c81c1b8f16,Footwear with outer soles of rubber or plastics,2,No,7
37056f16333e14a63d7c724ae3e757ee,Other footwear,2,No,14
1a8b3b85eae9f151bcdf9faf1eb968a2,Footwear with outer soles of rubber or plastics,2,No,29
7143229512d0fc02d5facb7aaeb7b662,Jackets and blazers,3,No,4
3c65fd005beadbb671e2055b5b25e358,,2,Yes,19
a3ea1c5ef44cdc12ec8f69f11f43f660,"Gloves, mittens and mitts",1,No,1
205966b2bf455a6cb4206db6238790b3,"Gloves, mittens and mitts",1,No,1
c3d187ec2efe3e518eb9ee1928d26810,"Gloves, mittens and mitts",1,No,1
6343c716c1613663e7e7a6c1622cad4b,"Trousers, overalls, shorts",2,Yes,1
b6d99390defc1c91848557fd16b95d6a,Other footwear,2,No,1
18f330046906052560af5e576c9fe6f8,N/D,4,No,7
06ed736e68067403e745c29cabd81e2d,Sunglasses,5,No,9
d7a154efee188f11657a4524e3af8a2c,Jackets and blazers,2,No,1
eea11602501c63d0ea34fb2e9571b209,N/D,4,Yes,7
0046eb359596f909ece886443ac0b329,Articles of a kind normally carried in the pocket or in the handbag,2,Yes,4
9d4156abf26ca787211e41686bc7fa5b,WEBSITE,WEBSITE,WEBSITE,WEBSITE
25cec487403367d56dbfdcb50bc66c90,N/D,4,No,7
222089f6b8bbdf2c9ed6012103fb7661,N/D,4,No,7
e32b9b1a11fec73f0eb8298bbe0076e9,N/D,4,No,7
dcfa67a678236ae033fb7c640944e2d7,"Of base metal, whether or not plated with precious metal",2,No,4
ae12c6120d79bf0b9da804b3782bb467,Dresses,2,No,4
91e03701d1240172425e78d0d96c7f6a,"Handbags, whether or not with shoulder strap, including those without handle",4,No,7
67fbc01d6bb6c4d875308ddbd42605a6,"Coats: overcoats, raincoat, cape, cloaks and similar articles",2,No,1
953aef065314c303b4d845e80421d261,WEBSITE,WEBSITE,WEBSITE,WEBSITE
445899ca3cbe3702c8b684bb343cb666,Footwear with outer soles of rubber or plastics,3,No,14
fec8c2e1f8cdb7a4c81cb5b362725b7a,WEBSITE,WEBSITE,WEBSITE,WEBSITE
04c0720d9e97716c613e00c0ab524de4,Other footwear,2,No,71
6c2b948e5f78b088691d2354ffb362a9," T-shirts, singlets and other vests",2,No,71
78607a260c62cd312b15514b0a4caa80,Other footwear,2,No,71
c57306a3f42db8d9b3feeeed1072585b,,2,No,1
dbf941f2d7d98f4cb6c50fdef7494cb7,"Trousers, overalls, shorts",2,No,1
df5f0da2f21fa098eb6e2ee7ae33f454," T-shirts, singlets and other vests",8,No,1
892b2db1d61b593a5e17794f04b761dc," T-shirts, singlets and other vests",2,No,1
e24946b3aa7730fad567e33f9fe7a497,API,API,API,API
45dc5e4a053eb8617ca83cdcadaa7092,Articles of a kind normally carried in the pocket or in the handbag,2,Yes,4
e1deda54cec81547671b790c477cc7ff,"Coats: overcoats, raincoat, cape, cloak, ski jackets, windcheaters, wind-jackets and similar articles",2,Yes,4
aec42e7a61ae473cc6663afa7f4cb80c,Jackets and blazers,2,Yes,4
