id,ddpsubcategory,shiptypeid,hasitemsonbag,country
4eb673aa240a909f674e90803c071656,WEBSITE,WEBSITE,WEBSITE,WEBSITE
6ed2b68d81517c07df7021d48fac54e9,"Trousers, overalls, shorts",3,Yes,36
05c4942b3653b1a96099a4ad3ae37ee3,,2,No,1
e4ebdf3bbf347fc3e7e952bc323d62ed," T-shirts, singlets and other vests",2,No,1
4537c15656e80aaff68df8431c72885c,"Trousers, overalls, shorts",2,Yes,12
aeb7fe7756d53848e2ab295ba420199d,Footwear with outer soles of rubber or plastics,2,Yes,12
41a8813d6c6e41e65b83074ee6ae9864,Other footwear with outer soles of leather,2,Yes,12
390e61bc56f1b1edfa11920e7c434119,N/D,2,Yes,11
82c359328cfb42ebdb99c7699bce8ba2,WEBSITE,WEBSITE,WEBSITE,WEBSITE
d67f843aa1cb3d3fb559083c09baa30d,"Jerseys, pullovers, cardigans, waistcoats and similar articles, knitted or crocheted",2,No,1
c0c71e155c341602d295150aeddda347,"Trousers, overalls, shorts",3,Yes,24
1911df4225d02f2f5396f8e0275a8895,WEBSITE,WEBSITE,WEBSITE,WEBSITE
86d253ecc0ad42016c6ae3e6b32f6dff,N/D,2,No,4
b84004c02b4639770a8151c104d4f0db,N/D,9,Yes,10
6996b3795e4c80a01ef72e01c4ee8d28,,3,Yes,10
ff339328782c86bd352f9d7bcdb2ccbd," T-shirts, singlets and other vests",2,Yes,48
30f6c2781b010ae1f94c624d15c1fc8e,"Of base metal, whether or not plated with precious metal",3,No,9
fbb77280b7d2c9d7b8b589ed2875c9bd,Footwear with outer soles of rubber or plastics,1,Yes,24
2267653c55247e994ffd334f33b18ca5,Footwear with outer soles of rubber or plastics,2,Yes,24
7e78a47b56e2053ae63d706e04bfdab2,API,API,API,API
d8c5e3db43ae6a5311ca970c3cf34f2b,Footwear with outer soles of rubber or plastics,2,No,25
3f05946b5239b6b7d10aa75d1203357d,Footwear with outer soles of rubber or plastics,2,Yes,1
3121dd035183aa8474faf9b1318319e7,Other footwear,2,No,16
7bc2b6ac5de930a2b211488f80d47630,Shirts,3,No,9
9974e632460e864b80a14943e2bfd301,N/D,2,No,4
3ef12fb060794af92f4c7475172b3676,Footwear with outer soles of rubber or plastics,2,Yes,24
23ecbf3a2eaa61aeafd564f26c8c1b2f,"Jerseys, pullovers, cardigans, waistcoats and similar articles, knitted or crocheted",1,No,1
239ab3a756a973b9ceb68fbf5e0b556a,"Jerseys, pullovers, cardigans, waistcoats and similar articles, knitted or crocheted",2,No,1
4d8da22b4aa44aa696909c6937ed7def,"Jerseys, pullovers, cardigans, waistcoats and similar articles, knitted or crocheted",2,No,1
68a3a38da83f808a8f7701ac11f51df0,Dresses,2,No,39
da77a36c77ae0e490724a1dfe7923352," T-shirts, singlets and other vests",2,No,7
b1e487ba56173a1d8d68d2d4821c6269,"Hats and other headgear, knitted or crocheted, or made-up from lace, felt or other textile fabric, in the piece (but not in strips), whether or not lined or trimmed",2,No,7
4b64c77d42179cb4d37d342045ddd836,Footwear with outer soles of rubber or plastics,2,No,5
a0a18f5b8c4d13ea6fe764a968dfd6f0,API,API,API,API
e9e6d1ae35817e860080f894d3844a92," T-shirts, singlets and other vests",2,Yes,4
9f4a0a37e62e884dd90a9e8c256c0722,,2,Yes,4
c6d174062a70a908e8d981e35670a853,WEBSITE,WEBSITE,WEBSITE,WEBSITE
fe96a2179425a979d1427a2e863a1f42," T-shirts, singlets and other vests",2,Yes,4
1c52048e9ce52de3a89d0b037d333d8b,"Jerseys, pullovers, cardigans, waistcoats and similar articles, knitted or crocheted",2,Yes,4
bf14357628acc81e74c7f9ebdc08fdb1,"Jerseys, pullovers, cardigans, waistcoats and similar articles, knitted or crocheted",2,Yes,4
cbf80df28f807e85b5c73765ee69d942," T-shirts, singlets and other vests",2,Yes,4
62c29fbf3d4e7aef7b074f6c4d726d1a," T-shirts, singlets and other vests",2,Yes,4
f81dfdcce515087bc3ef4d042239fb60,Footwear with outer soles of rubber or plastics,2,Yes,1
53aacd219248d7cf0239505007f68799,"Trousers, overalls, shorts",2,Yes,1
4421c892979622bc63605f1e870fa19c,Other footwear with outer soles of leather,3,Yes,24
27269a260a130d5917a0879016280304,"Handbags, whether or not with shoulder strap, including those without handle",2,Yes,5
55844d127aecdccc4b43cbc130cc2dcd,WEBSITE,WEBSITE,WEBSITE,WEBSITE
146de403616376c681d90c65bef9abbd,Dresses,3,No,9
23ad21f9b0f39f36f69f178451dd73df,"Handbags, whether or not with shoulder strap, including those without handle",2,No,5
5b157e4a094ec745e634b21cae5981ce,WEBSITE,WEBSITE,WEBSITE,WEBSITE
ea35ecb10a874c19787c8c73942f7ad5,,2,No,1
344f0a9ced0c0956361a59b29b66d6f2,N/D,4,No,7
4dc2c207fd84ca72a16de07cd0cc856b,N/D,4,No,7
a27ef583e968ac35bddc8ad389315b47,N/D,4,No,7
ede8aa3e0b4bee86d5fcf8fc9b0bcb01,N/D,4,No,7
4e7073d3b04e630a878f967f72d459c6,Footwear with outer soles of rubber or plastics,2,No,40
a9fc21ef2caa043762ab45a686214fc5,"Jerseys, pullovers, cardigans, waistcoats and similar articles, knitted or crocheted",2,No,1
6751db7f05c043258ef35ebded061153,WEBSITE,WEBSITE,WEBSITE,WEBSITE
0872ad397326a9febd51d3b022d6b533,Footwear with outer soles of rubber or plastics,2,Yes,5
e776256337dc890d67981a33f3439dcf,"Blouses, shirts and shirt-blouses",4,No,7
d3c3212149d0da3db76cb0036abdc24d,"Trousers, overalls, shorts",4,No,7
2b6f25a0cabe96ad6f0b4a383efbd3fa,"Trousers, overalls, shorts",2,No,1
6dc6dad22195dda1ab01c764c9c3ccaa,"Coats: overcoats, raincoat, cape, cloak, ski jackets, windcheaters, wind-jackets and similar articles",3,No,14
468d84412121579712043359350f768d,Footwear with outer soles of rubber or plastics,2,No,4
e083cdbc951748ec7c60fa7ae9628118,Footwear with outer soles of rubber or plastics,2,No,14
13bf28bb2c453a3c891287470bbbafe3," T-shirts, singlets and other vests",3,No,10
b1681cc409085c777688672da03c41ce," T-shirts, singlets and other vests",2,Yes,1
229e1bacd0214d43b0e952e09502719c,Footwear with outer soles of rubber or plastics,2,No,1
1ab0a7cac0d9a27c984e629ab590838f,"Of base metal, whether or not plated with precious metal",3,No,9
1f919d9f3c348efab5e0fa7e9b94fb3c,N/D,4,Yes,7
165f05fddf1d00d9a94d619a6c6396fa,N/D,4,Yes,7
e4c830e463978c6b18b54e85e38e2fa4,N/D,4,Yes,7
5f1f1f4e959479e4f53b516e26141b53,Footwear with outer soles of rubber or plastics,2,No,3
3fa720554b206b0ba577b229b092b176,"Blouses, shirts and shirt-blouses",2,No,1
0b0b863da61a2da5949df2cafebe797a,"Jerseys, pullovers, cardigans, waistcoats and similar articles, knitted or crocheted",9,No,1
36b9ddf52bae24f382e80ac86dec8da1,Footwear with outer soles of rubber or plastics,5,No,14
405c53241d37d9008a11d2c6da095226,Footwear with outer soles of rubber or plastics,3,No,9
f9a9b26b6f4026881f8fb1166728668c,Footwear with outer soles of rubber or plastics,3,No,11
050804f310af23158bd934ac4ca06af3,Footwear with outer soles of rubber or plastics,2,No,1
fc009c678811e5abd8e0191893d65e33,"Trousers, overalls, shorts",2,No,1
316a1cf226ede44d6dc4ab6c43c1c5eb,"Jerseys, pullovers, cardigans, waistcoats and similar articles, knitted or crocheted",1,No,1
a4bacc7deddeb2184ce6623a0558c83c,"Blouses, shirts and shirt-blouses",2,No,9
9a696a9a12afc6f23847396a3d774cff,Footwear with outer soles of rubber or plastics,2,No,5
8c0605cb092f4ba4a80d1e3959e54da3,"Jerseys, pullovers, cardigans, waistcoats and similar articles, knitted or crocheted",1,Yes,1
b5d2eb2c35558652d4f924cf0b7c64e6,Other footwear,2,Yes,1
95482c912f400b875380fe92e8d788fe,N/D,4,No,7
b74e1ec572dea242b0ff14419e8d39c5,WEBSITE,WEBSITE,WEBSITE,WEBSITE
98b70840ecee8d38b26f94f875246e08,WEBSITE,WEBSITE,WEBSITE,WEBSITE
86b8c4e66d61fa525c43adb865e41e7e,Other footwear with outer soles of leather,2,Yes,1
0dae7e09b93001c9e062cf05b98e683c,WEBSITE,WEBSITE,WEBSITE,WEBSITE
836203e8d6b0398f817702ac596f8938,Dresses,4,No,7
8aae89cd71a4986796fc27560d7b313e,"Trousers, overalls, shorts",2,No,5
c5567996b6773f8a07c430c33be0cd29,"Handbags, whether or not with shoulder strap, including those without handle",2,No,1
4ca729e39627cf59fbc4478a9a1d7385,Swimwear,4,No,7
1d48e792799b5faacdfe079e9c364551,Jackets and blazers,2,Yes,1
bf9ac4dab681e24250e3e791ee4c62de,Other footwear with outer soles of leather,9,No,103
c6183b4541a5861ea8890e5ab62fc4fc," T-shirts, singlets and other vests",6,No,42
0806e0d5a35133b853524cf2b2ac9dbd,"Hats and other headgear, knitted or crocheted, or made-up from lace, felt or other textile fabric, in the piece (but not in strips), whether or not lined or trimmed",2,No,14
5be6757e832a6c4cc03f3ed2c5c961ae,"Headbands, ponytail holders and similar articles",2,Yes,19
426c7b585188bc8d5a602d6332d82bde,"Coats: overcoats, raincoat, cape, cloak, ski jackets, windcheaters, wind-jackets and similar articles",2,Yes,5
34f5f1f8ee9dcacf673f582f409e77d4,"Trousers, overalls, shorts",3,Yes,14
20c39f5a11444f19f651fd423bfa31f8,Other footwear,2,Yes,25
10b6fcd279a39a9a7fd73f3a03342e57,Other footwear with outer soles of leather,3,No,11
dd6e61fff0da1eac4334189e3d5e740b,"Jerseys, pullovers, cardigans, waistcoats and similar articles, knitted or crocheted",3,No,4
c1af7b77c188b648b817b61eeed4e652,Swimwear,2,Yes,19
bab5ca0a3fb6b45b0d74dc5cd9790d5a,API,API,API,API
f27871347afa838483691ac44dcb2fae,WEBSITE,WEBSITE,WEBSITE,WEBSITE
3fdc92b6f3fd18d6a4bb4bf019923f4f,Swimwear,2,Yes,19
cfcd358b019623519fcef08ce2617ec8,Swimwear,2,Yes,19
