id,ddpsubcategory,shiptypeid,hasitemsonbag,country
a46db66e8f1a2db350801fa39d47b537,"Jerseys, pullovers, cardigans, waistcoats and similar articles, knitted or crocheted",3,No,4
e1dd4db63f58d5249f6c046e568174ff,"Jerseys, pullovers, cardigans, waistcoats and similar articles, knitted or crocheted",2,Yes,12
aa8a72e268aa03f84d86fa22e58a0835,"Coats: overcoats, raincoat, cape, cloak, ski jackets, windcheaters, wind-jackets and similar articles",2,Yes,12
87c393cf2a2aac61ec99635a2356060a,Jackets and blazers,2,Yes,5
ad1583cc5f9099c87aa41e48de5f3e21,API,API,API,API
37e2d366ad6ab5b08bb1367eb0e8d75d,Skirts,3,No,9
f0142ee89dd85fbc759855d527d14c96,"Handbags, whether or not with shoulder strap, including those without handle",3,No,4
0b7dffe95e52225ac92340235625b810,"Coats: overcoats, raincoat, cape, cloaks and similar articles",2,No,5
3f3a4ad5626e9607dcbb85570ff74eef,Dresses,1,Yes,1
64ad9bd91addba3b8669c0af3e1ee964,"Trousers, overalls, shorts",2,Yes,41
8fd8ecc8e61dcae5efda5fda5638f099," T-shirts, singlets and other vests",3,No,14
81eb319fe3694f1a09343dc0ff2e430e,"Jerseys, pullovers, cardigans, waistcoats and similar articles, knitted or crocheted",3,No,4
b7fe00b89ba3b09673c02a84bc066a49,"Of base metal, whether or not plated with precious metal",2,Yes,9
3edce265b34025660b267f9bb6baf90c,WEBSITE,WEBSITE,WEBSITE,WEBSITE
0e3419d2813d24a4bee3dfa3b530f245,Jackets and blazers,2,No,19
e318ca248e8ef0fed61b67a7f1365f43,N/D,14,No,29
2a102d54f318ab13767501c88da999e9,"Coats: overcoats, raincoat, cape, cloaks and similar articles",2,Yes,12
a90ab77f4bafbc3c038970e17aff3323,Dresses,4,Yes,7
eb6a71964fb2d96b66aa95d087e4ced9,Suits,3,No,55
c2f52688bc6df7b7c6308e334876c974,N/D,4,No,7
10a6fe26430c32fa430e566fa1fca608," T-shirts, singlets and other vests",2,No,1
2c6979e98c0f3f0a7c5f60d67c3b47f8,Articles of a kind normally carried in the pocket or in the handbag,2,Yes,5
ae31110090d3012f642caa101ca26f4d,"Babies' Blouses and Shirts, except those imported as parts of sets",2,No,3
cb390b40182f7ea9e1c36100aefb62e4,Footwear with outer soles of rubber or plastics,2,No,3
1def72c108b78873f4ed7c6f0c3aaabe,Other footwear,2,No,1
25ac32f585399dbe395d382932d30af4,Footwear with outer soles of rubber or plastics,3,No,61
0e97659529f7654428615903f591fca8,"Handbags, whether or not with shoulder strap, including those without handle",2,No,12
86a8c39963f5fadc02abbd496600f6eb,"Handbags, whether or not with shoulder strap, including those without handle",2,No,5
9e2f2ba3c0ace5e678b2789009d70aed,,2,No,7
abc42a1cf9ed9f22dd8b56777f364a4c,Footwear with outer soles of rubber or plastics,3,No,9
7e23e80f64b1fe7b82f3d8e785ec1907,Footwear with outer soles of rubber or plastics,2,Yes,57
d551093f5d8af724e17929c91eb90d63,,2,No,7
f3aefa2b694f56d92c21ef5ffb745ff4,Footwear with outer soles of leather or composition leather,3,No,24
2c08877af1dfe43fab74479e899bae01,,2,No,4
5fc92621277721ddbc0e1246d39d041d,"Jerseys, pullovers, cardigans, waistcoats and similar articles, knitted or crocheted",3,No,14
dca868a89357d203a4e394564f16217a,Footwear with outer soles of rubber or plastics,3,Yes,11
ad427b2cdc4fa9d272eb09348a9fbc92,,2,No,5
ff1bec8f4d3a56c24b80a52c3845d8dc,Articles of a kind normally carried in the pocket or in the handbag,2,No,5
3751fc2149a26e4f668685132a24a74a,"Trousers, overalls, shorts",2,No,5
79a766a25a65f3cb6d7fd5a321cf3190,"Jerseys, pullovers, cardigans, waistcoats and similar articles, knitted or crocheted",2,No,9
8af4ae86a83768656caa16925a71e315,"Jerseys, pullovers, cardigans, waistcoats and similar articles, knitted or crocheted",2,Yes,14
c04ebad0ec19b6e72b6d7598296c52c0,"Jerseys, pullovers, cardigans, waistcoats and similar articles, knitted or crocheted",3,Yes,14
2fc4fa1768c96425cba479ad5c6f025f,Dresses,2,No,11
70f8c03340cdec2f1390648a33eb0514,,2,No,4
e7142a7d4af010afa576625b65198dcc,,2,No,4
f285b5e0d7610ff19ae2e4d507a10428,"Handbags, whether or not with shoulder strap, including those without handle",2,No,3
54d0cb92322996b525d2bd7a1e176aea,Other footwear,2,No,7
0863c2031db9e5afba508344e8b2efdf,,2,No,7
8a0a5e91ccf294fc773eab2f34658b08,Dresses,2,Yes,15
f05beb8b4c82891eaa2be87c7e61e326,"Jerseys, pullovers, cardigans, waistcoats and similar articles, knitted or crocheted",2,Yes,1
9efaec21f4d422c71ca56d854b2253ab,"Jerseys, pullovers, cardigans, waistcoats and similar articles, knitted or crocheted",3,No,20
010c150d8f2c932bfff750805483de5b,Footwear with outer soles of rubber or plastics,3,No,20
57be8b95ef8ecd636edcc1c34b095226,,2,No,4
236432710eb82c24f82bfba9fc0c00cc,"Blouses, shirts and shirt-blouses",2,No,4
509ef07a92320d63a7d030e24ff70f4e,API,API,API,API
b738d45842f57939ecdaffd75240dfaf,Footwear with outer soles of rubber or plastics,2,No,3
f7e8de42cef0c0b48198a379f8f4bce7," T-shirts, singlets and other vests",2,No,3
6e44a8314d0f7db7a976e090f944a5cc,Other footwear,2,No,3
00364277ca56477eb2083f8982d74fac," T-shirts, singlets and other vests",2,No,3
06f74abb71b6a45f018d936781f16dbd,Footwear with outer soles of rubber or plastics,2,No,7
8efb633eccd6e67e0e5e5edcb4093724," T-shirts, singlets and other vests",2,Yes,3
e6f0e243871e853255621e6d8664895d,"Jerseys, pullovers, cardigans, waistcoats and similar articles, knitted or crocheted",2,Yes,3
afec320b35dac897325659180d528c36,"Trousers, overalls, shorts",2,No,1
1936fd26689a87c992f102957d522817,N/D,2,No,1
12d10760ae1f9f95683ef4249b3af041,"Jerseys, pullovers, cardigans, waistcoats and similar articles, knitted or crocheted",3,No,9
82eed4e5e5da0b4a5267ebb1179e662b,,2,No,1
a3aa1bf6225a8ce666810210568e2286,"Pantyhose, tights",2,No,9
54ce9bbcd1e58b5c3b433ee7c5d10a10,Footwear with outer soles of rubber or plastics,2,No,3
ccee45bb78797dcd87ec57fb99b56a81,"Jerseys, pullovers, cardigans, waistcoats and similar articles, knitted or crocheted",2,No,31
87e6bf6a941c8d4245bafde549648da3,Other footwear with outer soles of leather,2,No,16
367cbbd195682b3cffe8723162e52368,"Jerseys, pullovers, cardigans, waistcoats and similar articles, knitted or crocheted",3,Yes,36
9c4c127d12227ab2814c299b4bdab869,,3,Yes,36
43854acb0d206ada69eb64b4777a3720," T-shirts, singlets and other vests",3,Yes,36
7aa2259bfc38cf1a59e99741a50c9a4b," T-shirts, singlets and other vests",2,No,103
d0c09be25c295bceefd5cfa07d36a081," T-shirts, singlets and other vests",2,No,103
97835b35ca4d808d2f93cfbed616cf1a,"Trousers, overalls, shorts",3,No,11
076e41e6b294d65387824a258e38406d,"Trunks, suitcases, vanity cases, executive-cases, briefcases, school satchels and similar",2,Yes,12
9d8d4ebff9915a78df6fe5bb4a56b1e5,Belts,2,Yes,12
61756dde20d70f14f98d81c835090db0,Footwear with outer soles of rubber or plastics,2,Yes,12
bfe14ffd74a4f6898c3a99761029228a,Footwear with outer soles of rubber or plastics,2,Yes,12
369e8cbf6c6ec9a106843976040d66eb,Dresses,2,No,51
ffdad6d483855847855e766a18f31610,"Jerseys, pullovers, cardigans, waistcoats and similar articles, knitted or crocheted",2,No,5
f315729668bce00323bd09df4e686666,"Jerseys, pullovers, cardigans, waistcoats and similar articles, knitted or crocheted",2,No,5
8988c8f6478046a3ad2ec0a24e738004,"Jerseys, pullovers, cardigans, waistcoats and similar articles, knitted or crocheted",2,No,5
abd220b26db09965d906f41ee52ebdc9,"Jerseys, pullovers, cardigans, waistcoats and similar articles, knitted or crocheted",2,No,5
e1882e873d52c2e1be448ce5f49e6693,N/D,2,No,5
08ff09fd25b58cb78b36e6ca1b5a4ae6,"Jerseys, pullovers, cardigans, waistcoats and similar articles, knitted or crocheted",2,No,5
1e39f9eca5fffcc4d60e6cd7a96e50c8,N/D,3,No,14
186fe963fe17ec1c71df847e9c1904a1,"Handbags, whether or not with shoulder strap, including those without handle",2,Yes,3
8beb21c1764146298fbe21ab6b2370e5,"Coats: overcoats, raincoat, cape, cloaks and similar articles",3,Yes,54
bb71a2f27fa6183d80deb6153d5d2e25,"Jerseys, pullovers, cardigans, waistcoats and similar articles, knitted or crocheted",2,No,12
c0129ce2d8f6f4d2119f04926b609cd4,"Jerseys, pullovers, cardigans, waistcoats and similar articles, knitted or crocheted",3,No,11
f7b348ce4730f9635aa0ffa0ec56ded5,"Hats and other headgear, knitted or crocheted, or made-up from lace, felt or other textile fabric, in the piece (but not in strips), whether or not lined or trimmed",2,No,3
e5ce0b78d1714cad528fae0ff8d6dc69,"Blouses, shirts and shirt-blouses",3,Yes,11
3f39225a070bdca0a7b1a125e474f66c,,2,No,18
ab6749c46112cb6c19a5de1d596f07b5,WEBSITE,WEBSITE,WEBSITE,WEBSITE
7bd222eef752d0c47fc55f139b40d9f2,"Trousers, overalls, shorts",2,No,58
64d1e60cade97f3f701aa5348c320a74,N/D,3,Yes,4
214373054a19300d6789c53b421a8558,"Trousers, overalls, shorts",3,Yes,63
e84980beb2bdc5f46d1a623dd8782e8b,"Trousers, overalls, shorts",3,Yes,63
d7f3e2aa5da12d984010619f5340c35c,Footwear with outer soles of rubber or plastics,2,Yes,29
8d7b5217a83a54ce3d40fa54d846d928,N/D,9,Yes,29
df7cc568ca57f4648adadaae86841406,Jackets and blazers,2,Yes,19
7ce8e5ee7e6168c85b1050c52420c8a5,N/D,2,Yes,3
37cd1d375f9c4383700fc044609a0ec6,"Coats: overcoats, raincoat, cape, cloaks and similar articles",2,Yes,3
a8dabed4be7beefc6353cbaa64d10b44,Footwear with outer soles of rubber or plastics,2,No,3
5002ba88d3eb17902def26acfc3c13b1,Articles of a kind normally carried in the pocket or in the handbag,2,Yes,16
4d520f5df0587d29759fd86b703eebc4,Jackets and blazers,2,Yes,4
43c98edbc90cf3e8d91de5d17a80a598," T-shirts, singlets and other vests",2,No,11
