id,ddpsubcategory,shiptypeid,hasitemsonbag,country
7098d99fa570c1bf3bde85af3f8277e3,"Trousers, overalls, shorts",2,No,1
9e38a846a70996c1725219d564dd9d06," T-shirts, singlets and other vests",9,No,20
5600afd63bc1183240cbb34932ccaf2c,"Jerseys, pullovers, cardigans, waistcoats and similar articles, knitted or crocheted",2,No,19
c66ad7fd9826523ce904315c6bb7d752,Articles of a kind normally carried in the pocket or in the handbag,2,No,5
391ecc7e47391e527add5f08068c997a,"Shawls, scarves, mufflers, mantillas, veils and similar articles",2,No,5
17711b398bf6e0d76090cde48984e89f,Articles of a kind normally carried in the pocket or in the handbag,2,No,5
462e67317e0e04ab609524cb731f8da6,Other footwear,2,Yes,16
3edb77c388de7465b771963a1427d4e1,WEBSITE,WEBSITE,WEBSITE,WEBSITE
86f6d17d098c4bdc38faecedf71093eb,WEBSITE,WEBSITE,WEBSITE,WEBSITE
7775c65ec92bb7d4061a6a42f0a77839,"Trousers, overalls, shorts",2,Yes,3
a8db7a311ff17c459b73308286f7e291,"Handbags, whether or not with shoulder strap, including those without handle",2,No,3
58f59e6beee75cd96d29b5e6b8f34001," T-shirts, singlets and other vests",2,No,46
e9109b72c2539774db3c683f65fbd3d4," T-shirts, singlets and other vests",2,No,46
82dffac495ebfe1a87386fc5da2792fc,WEBSITE,WEBSITE,WEBSITE,WEBSITE
4f3c04ae1057a3f0f0b28fb50d04ebcc,WEBSITE,WEBSITE,WEBSITE,WEBSITE
249bcef148d3ac6bed1f1a5f805a06da,Dresses,3,Yes,61
0932b4cb995a689aa81a7c5b2a1f3951," T-shirts, singlets and other vests",2,Yes,19
fc7c52be4665a15a2d8c7500d5e812b1,"Hats and other headgear, knitted or crocheted, or made-up from lace, felt or other textile fabric, in the piece (but not in strips), whether or not lined or trimmed",2,Yes,3
9140b807e6d459a39534314706d0a8c8,Other footwear,2,Yes,3
b47f443eb591e5887573061146ecfc83,"Trousers, overalls, shorts",2,Yes,12
62887fe6219016cc98f5d44818acc71b,N/D,2,Yes,1
630df1770bb0b87f5b2e4c1c5db1e423,API,API,API,API
c6eb05ca1be6daec7204ae56dc5d059c,"Hats and other headgear, knitted or crocheted, or made-up from lace, felt or other textile fabric, in the piece (but not in strips), whether or not lined or trimmed",2,Yes,1
082729967bf9702911c3970d2c1a719a,N/D,2,Yes,1
6b16b4cc895b4fb4119066a00b196bfd," T-shirts, singlets and other vests",2,Yes,1
2ea94a6ab2968293f153dffe3ca5a15a,Items of leather clothing & accessories,2,Yes,1
98053f14d8af088e48cad67e1347f37d,"Pantyhose, tights",2,Yes,1
6c28ac74694468ca2ac01c1c1d0546ec,Articles of apparel and clothing accessories,2,Yes,1
af5ec70ede80c4a826e996ddfbc5152c,"Hats and other headgear, knitted or crocheted, or made-up from lace, felt or other textile fabric, in the piece (but not in strips), whether or not lined or trimmed",2,Yes,1
ff04bd4e46e7eff31776d0d5664e33b3,API,API,API,API
5c4ff76db10d7596e602139b612e6f3b,"Hats and other headgear, plaited or made by assembling strips of any material, whether or not lined or trimmed",2,Yes,1
b3c110c069510a1f05e29ee568c39d13,"Pantyhose, tights",2,Yes,1
31f4d15db831a3e4a3141ad0f6629722,N/D,2,Yes,1
2dfa9121b459312eb5c71e117f2d5e82,Belts,2,Yes,1
ef2fcc1c0d7ba6d78ac75c9d9acf526a,"Hats and other headgear, knitted or crocheted, or made-up from lace, felt or other textile fabric, in the piece (but not in strips), whether or not lined or trimmed",2,Yes,1
70158b6915179b7ac96cc6ff87198a02,Belts,2,Yes,1
fc454c8ba8a709708babbabfff940f58,Belts,1,Yes,1
cd93c8ff968482cb600ac9ca50a4405a,"Hats and other headgear, knitted or crocheted, or made-up from lace, felt or other textile fabric, in the piece (but not in strips), whether or not lined or trimmed",2,Yes,1
e08e9e8066a472ca908e46d19f214a8d," T-shirts, singlets and other vests",3,No,9
7f12b6d4c5961c89c50b2f9be9d3ebbb,"Trunks, suitcases, vanity cases, executive-cases, briefcases, school satchels and similar",2,No,19
09650ea100599f6fd05f8efa64abc29f,,2,Yes,45
cc1624cf5806a9287b2d54a28349b802,N/D,2,No,43
8ed966c465639eb5e7ef7e48587817ba,,2,Yes,15
e2207d9dce78e50c588b9e97b45dfedb,"Jerseys, pullovers, cardigans, waistcoats and similar articles, knitted or crocheted",2,Yes,15
6e5a807d19f8811916e1479755db74b9," T-shirts, singlets and other vests",2,Yes,15
ef7f9f867ac7bb69b711f6e965d62035,,2,Yes,15
8e6c1b7eb40fd6bc13ef6d977f5607a7,"Trousers, overalls, shorts",2,Yes,12
b6ed5dc0aea910e78e321d2a5497d011,N/D,2,Yes,12
07c5ea59df3322b8608f712b3a505d0e,Items of leather clothing & accessories,2,No,16
7913ff2370568fdf0ae64f4cf2a78bd4,Dresses,2,Yes,12
777065c9ba402f28ade9cc4e3d1635e6,"Of base metal, whether or not plated with precious metal",3,No,4
23282cf9dff9c2b755a42abc20e6e1f4,Footwear with outer soles of rubber or plastics,2,No,46
721832a24c80d253d20b488f3bff6673,"Trousers, overalls, shorts",2,No,12
a8ed5b945be8869cd0334b78aa5ce2d1,"Blouses, shirts and shirt-blouses",2,No,12
e9fe8417aa22e119a03cd53c8b679e59,"Of base metal, whether or not plated with precious metal",2,No,1
9587736bf19f2365320e536a8095df5c,Swimwear,4,Yes,7
4925842eff1065bd230ed7f12be3e387,Swimwear,4,Yes,7
4f26f0e805e301de868021c6e0bf395f,Footwear with outer soles of rubber or plastics,2,Yes,16
a378ece96a9b76bfb1ca3ac4631acb31,"Jerseys, pullovers, cardigans, waistcoats and similar articles, knitted or crocheted",2,Yes,1
329675bdb2b4ec4c609e2df12a24247c,"Handbags, whether or not with shoulder strap, including those without handle",2,No,5
8c82a14e10a7f647358e4e6ee26d9d7f,"Handbags, whether or not with shoulder strap, including those without handle",2,No,5
028a1ac6516864ebe65ce5fb705a27b4," T-shirts, singlets and other vests",2,No,1
d8e906eea88f5689ec3623bde7766cf5,Other footwear with outer soles of leather,2,No,2
3762694b8b3eca26d7f78275c9432d98,Belts,2,Yes,14
ad3fb8472f9f6c6c6da3268c1f71dc91,"Jerseys, pullovers, cardigans, waistcoats and similar articles, knitted or crocheted",2,No,1
beafa41dac68202e5cd6c346cc1b7802,Other footwear with outer soles of leather,2,Yes,2
7bde1f25864ce137a5d91401ef1f4559,Skirts,13,Yes,2
64ad993cd9c4d87a753440455f15974a,WEBSITE,WEBSITE,WEBSITE,WEBSITE
aa6f1735d5d0c0fef740d61095930902,Articles of a kind normally carried in the pocket or in the handbag,3,No,14
8081e62a3a700049efce51928d218a03,Dresses,2,No,46
27f0f6f863600e43c17be49ff0d8b76b,"Trousers, overalls, shorts",2,Yes,19
8abcdaa18667dd455cfbc68dd0ea8020,"Trousers, overalls, shorts",2,Yes,19
01bebb2d7ba153849b57477e476841c8,"Trousers, overalls, shorts",2,Yes,19
bd9c7e621de82f5676d69b97947bb32c,"Jerseys, pullovers, cardigans, waistcoats and similar articles, knitted or crocheted",2,Yes,19
c9e19500b1bc62f560120c230172554e,Sunglasses,2,Yes,3
48af894a6ab6bcb943d1d631b1d4d8cb,Other footwear,2,Yes,3
26bd5da8b2ed39834d6dbabe0a20566c,Sunglasses,2,Yes,3
7dac7810b48c18d1dbb0297d7c765e81,"Blouses, shirts and shirt-blouses",2,No,3
b1dd1fa65220eddbc11c0a52a6ef9bf2,WEBSITE,WEBSITE,WEBSITE,WEBSITE
4c976163ade1f8dd3a691e0501e5fab3,WEBSITE,WEBSITE,WEBSITE,WEBSITE
2b15e126456f0fd021a3b0afc8130dcd,WEBSITE,WEBSITE,WEBSITE,WEBSITE
9d93ade0e442b4fee51613d4507d713c,Swimwear,2,No,4
d5a5a02452c56f75909abb886a47b874,Swimwear,2,No,4
46257d4a8c5ad4302253dcf075eaeb3d,"Trousers, overalls, shorts",2,No,4
c03d33b27510974ab2f0d9d22801ebb1,Other footwear with outer soles of leather,2,No,4
089537e5083cd07506f39308df2457d2,WEBSITE,WEBSITE,WEBSITE,WEBSITE
dcfe9ebdfd98bb0cf07c72a6f583df56,"Babies' Dresses or skirts, except those imported as parts of sets",2,No,3
05aad3f293feb80cb1dd18c14fd59529,Babies' Hats and other headgear,2,No,3
c47ad6c078c14c087adf96470c8afa96,"Trousers, overalls, shorts",2,Yes,1
346713d833ef2e8645e901caf6ef839d,N/D,2,Yes,1
07d381ded546eca6102b09475eeabbd5,"Jerseys, pullovers, cardigans, waistcoats and similar articles, knitted or crocheted",2,Yes,1
f94cb50240d8ffbd6d0fc6a261a3933f,"Trousers, overalls, shorts",2,Yes,1
fbf22c4e7b7d8b018a2113c5210d974b,Other footwear,2,No,17
1a73d8e8db156b8f1fc734d14e3ca42c,"Jerseys, pullovers, cardigans, waistcoats and similar articles, knitted or crocheted",2,Yes,71
f813977b36e19a9724340a9e41e31fab," T-shirts, singlets and other vests",2,Yes,1
6c633871a24ea98bc7df7ba54248907a," T-shirts, singlets and other vests",2,Yes,1
b3f76380ceaf2ccbf7e8e76b8d402734,"Hats and other headgear, knitted or crocheted, or made-up from lace, felt or other textile fabric, in the piece (but not in strips), whether or not lined or trimmed",2,No,1
bf1af624c99e7288419c8bd824966e57,"Hats and other headgear, knitted or crocheted, or made-up from lace, felt or other textile fabric, in the piece (but not in strips), whether or not lined or trimmed",2,No,1
922d630638375c084554887f4c014d58,API,API,API,API
9f99a44a31d12c65059f93a97b97071f,Jackets and blazers,2,Yes,1
73d7a27bfea280229d545876b5134080,"Jerseys, pullovers, cardigans, waistcoats and similar articles, knitted or crocheted",2,No,1
23f9a76915664c52b676eca39f822bf0,"Handbags, whether or not with shoulder strap, including those without handle",2,No,19
b5d325694ab0a9130d0f8f9c1a133fa8,Jackets and blazers,3,Yes,56
7eceaa056c181289025bb928e8131a4d,N/D,2,Yes,17
cd1a5c698a2589b110b4f2b5c01229ce,"Trousers, overalls, shorts",2,No,1
4107751a27d6ded4c54b55647fcaab5d,Footwear with outer soles of rubber or plastics,2,No,1
8c40ec31396c31c6b848281157fed660,Footwear with outer soles of rubber or plastics,2,Yes,4
a34e809fc6321f34ea42394077aef8e6,Other footwear with outer soles of leather,2,No,5
f221b57f3209c014df4b7410bfca0455,WEBSITE,WEBSITE,WEBSITE,WEBSITE
