id,ddpsubcategory,shiptypeid,hasitemsonbag,country
cea84080b0a5d607cf369be7ae93c669,Items of leather clothing & accessories,2,Yes,2
0514b75a196ed728f2a6eee02c3b2404,WEBSITE,WEBSITE,WEBSITE,WEBSITE
54ac6eef4c267f9cbc038400a9f53cb9,,2,Yes,16
f1d1b642800c9e4f920c8b7d703413bc,"Trousers, overalls, shorts",2,Yes,16
f235a88ab7d252c34174216e0eb78788,Footwear with outer soles of rubber or plastics,9,No,13
290185974effa71bb6fe0bf36ae10b6c,"Coats: overcoats, raincoat, cape, cloak, ski jackets, windcheaters, wind-jackets and similar articles",3,Yes,11
245b54817840429630fab4f4a6896642,Footwear with outer soles of rubber or plastics,3,Yes,39
7f76ab4c308f708ba586928a25deb1c3,"Trousers, overalls, shorts",2,No,16
592848461c61bf05982607e117bd5e77,Footwear with outer soles of rubber or plastics,2,Yes,9
ce897200d1e228862aa24aa41c71effb,,2,Yes,50
c90c53e2ba900ff4c9313e244967e8e0,"Trousers, overalls, shorts",2,No,5
e072ac4beaa95bd3c6c2e98c0426af57,"Trousers, overalls, shorts",2,No,5
79c06765186ad42bbab70a337607b3f2,Footwear with outer soles of rubber or plastics,3,No,29
1277a29a898623b6175a28be74cc0f56," T-shirts, singlets and other vests",2,No,11
9310aac5e0a19222863b7a790472086c,"Handbags, whether or not with shoulder strap, including those without handle",2,No,14
ddff667c7a360a29d34e7199b3abfd51,"Hats and other headgear, knitted or crocheted, or made-up from lace, felt or other textile fabric, in the piece (but not in strips), whether or not lined or trimmed",14,No,4
1b008416bb72af1fdb6185de0270f59a,Footwear with outer soles of rubber or plastics,2,Yes,39
d69615a2f86aedf1ce4bb576fb4242d2,Dresses,2,No,9
203e88507f946d3515a542ba01daa58a,Shirts,2,No,89
da72272b54a5469dedf80df1e391b7e5,Other footwear,2,No,7
5b379e9aa69ff875decc39b46a9e2b29," T-shirts, singlets and other vests",2,No,4
0d1d37df1a9aa4ef8decb987336cfd15," T-shirts, singlets and other vests",2,No,4
a7f0ac6c0002c7eab482cf54ec512300,Skirts,1,Yes,1
b2f8e0ede1e8375d6a3d9b15d45d96a7,Dresses,2,No,4
94fae20bfdd4e76d8dde94d41a89fa1c,"Handbags, whether or not with shoulder strap, including those without handle",3,No,11
8b595b26a1903771190196932d5fc7c9,Footwear with outer soles of rubber or plastics,2,Yes,11
092bf878003718afd1f18cb860c67228,API,API,API,API
6b70b921e2ea5769ee301db8faa6bc78,,2,No,15
cf522abaa3d8b7558e99c75049675371," T-shirts, singlets and other vests",3,No,24
a2217c35c422b4577f6053985d079d4b,"Coats: overcoats, raincoat, cape, cloak, ski jackets, windcheaters, wind-jackets and similar articles",2,Yes,12
4350201fec77ce595415e3789f33ed21,"Jerseys, pullovers, cardigans, waistcoats and similar articles, knitted or crocheted",2,Yes,12
e744c4e79a4b7041177c60c07d6cb3c4,"Jerseys, pullovers, cardigans, waistcoats and similar articles, knitted or crocheted",2,No,1
0dcde93dad63be81f4892b1c4c2eb9f9,WEBSITE,WEBSITE,WEBSITE,WEBSITE
627360eb8aa0da45ff04a514dab40e54,WEBSITE,WEBSITE,WEBSITE,WEBSITE
621985ea537aa942905a2b3cdd19bc33,"Trousers, overalls, shorts",4,Yes,7
ca8a61d228b3bef3d76d06d9f8b73ba4,"Other e.g. braces, suspenders, garters and similar articles",2,No,5
b8214f1c013eb5501eca1f7827bbb864,"Handbags, whether or not with shoulder strap, including those without handle",2,Yes,1
3e6901065dc4c0015f523d771dc7b301," T-shirts, singlets and other vests",2,No,14
ee569089cd9398363cc13a359d2661a1,,2,No,11
38a6aa5b9e811d316ee326eb30f7cc33,Dresses,3,No,11
ee890cb643d5a262d9ef93521268be34,WEBSITE,WEBSITE,WEBSITE,WEBSITE
e1289055053762dbff1f9c8a2768000d,Jackets and blazers,3,No,11
569fa82bed5833557d2e0b2dcf3b404c,"Jerseys, pullovers, cardigans, waistcoats and similar articles, knitted or crocheted",3,No,9
57df0c28d1050148678c753aec7b48b5,"Gloves, mittens and mitts",2,No,4
8012896c2c163e137a62ea643415c61b,Footwear with outer soles of rubber or plastics,2,No,4
f931c8e3c16bb1a9a2a84a064eaf1a0e,Footwear with outer soles of leather or composition leather,2,Yes,118
03a71de5abf150ae678338432a14e323,API,API,API,API
3d0ef8ac1feb3e586f7d2eb09b6e920c,"Jerseys, pullovers, cardigans, waistcoats and similar articles, knitted or crocheted",2,Yes,14
15a633965d1d880e994c2228cd4be156,Footwear with outer soles of rubber or plastics,2,No,1
cd3582e9ca3dbfc5b7b7e42e9f768f30,Belts,2,Yes,19
9a451d5da4a1e6f25a5074ca0c451979,Belts,2,Yes,19
a327b236feb6e5ed40de91b68805a048,"Trousers, overalls, shorts",2,Yes,19
ea7e378fe75f21d432a90ffba7af5f62,,2,Yes,19
b682aa5b90d1e6f3bfe547bd728eea85,"Coats: overcoats, raincoat, cape, cloak, ski jackets, windcheaters, wind-jackets and similar articles",2,No,4
91afe0aa3bd368a118c8dc2ac2283988,"Handbags, whether or not with shoulder strap, including those without handle",2,No,2
c2551025099352dfeab347c6b4044936,"Trousers, overalls, shorts",2,Yes,5
af33d93722740f431932c705978487a2," T-shirts, singlets and other vests",2,Yes,5
831bbe4f2f233dc391cd2214ebf93bb1,Other footwear,3,No,54
0ca6f58f4773567d44686c405617335a,WEBSITE,WEBSITE,WEBSITE,WEBSITE
7fdc9eb94aaa314bcd4f3b708cf29c0d,,3,No,1
2c9524fe108991fa40cc4bbcaa035620,"Jerseys, pullovers, cardigans, waistcoats and similar articles, knitted or crocheted",3,No,1
301ab1bf83f6270eed63b425f322ac36,"Coats: overcoats, raincoat, cape, cloak, ski jackets, windcheaters, wind-jackets and similar articles",2,Yes,16
41abcd13fd282d8e31db00314b270ebf,Articles of a kind normally carried in the pocket or in the handbag,2,Yes,16
d9061a825747d7b472f0ae417c676293,"Coats: overcoats, raincoat, cape, cloak, ski jackets, windcheaters, wind-jackets and similar articles",2,Yes,16
2c74d21ab85668f6c7adb4dd12be42e4,"Blouses, shirts and shirt-blouses",2,Yes,16
e11db0fd914fde6e2411323ebc57edcd,,2,No,12
37ccab01f1d924f52fa8ef009dfab06a,Suits,2,Yes,9
72af183916d7d824437f3532f135a226,Footwear with outer soles of rubber or plastics,2,No,5
4981bd2bb446aee0ae1f546b3c639224,Other footwear,2,Yes,12
40109e16b3e09422dceb40e1d56fa3e1,Dresses,1,No,1
36630638569f0ab1d65c242c9569c060,Belts,3,Yes,85
988f0f2ced85812c4c8516b597d6dd37,Other footwear,3,No,9
4be67be74087074442d3f19731754a51,Other footwear,3,No,9
f265432ba096483195268b98978feba0,,3,No,9
318130e81a4889944c0e7635a18e7f7a,Footwear with outer soles of rubber or plastics,2,No,14
9b934a6e80a05698e4cbf9579488bdad,Other footwear,2,No,20
69b81a09deb2893e4ac9aadb12c9ed24,Footwear with outer soles of rubber or plastics,1,Yes,1
aa1a90aa30c51ae34ccc423d867e7aff,,2,Yes,5
840afa1c9b05edddf790fec4fc003dc7,Footwear with outer soles of rubber or plastics,3,No,11
e9204031632e48cd96e0375a0b9d4207,"Shawls, scarves, mufflers, mantillas, veils and similar articles",2,No,14
c2b8902e2602a3b1b6ec3601e4852be2,"Shawls, scarves, mufflers, mantillas, veils and similar articles",2,No,11
dea45249a5c83b11b2f3b044fda3dbe8,"Shawls, scarves, mufflers, mantillas, veils and similar articles",2,No,11
7a5033f3e94ab16f5d9a11bb99611a34,"Handbags, whether or not with shoulder strap, including those without handle",1,No,1
7b1821c10adf643693971220fb6510a7,"Coats: overcoats, raincoat, cape, cloak, ski jackets, windcheaters, wind-jackets and similar articles",2,Yes,1
c2ca608a01742be0563cf8fcc9ff0032,Footwear with outer soles of rubber or plastics,2,No,11
1c59b4c7f8534d028f4aad5fe5735681,"Blouses, shirts and shirt-blouses",2,Yes,12
ab2135e8a58a106ec709117f83348474,API,API,API,API
7c3d2fb61f71de843bc4073dec4ada8f,"Other e.g. braces, suspenders, garters and similar articles",2,No,4
44eca2d0d407a91397707648d9ee6e0c,"Trousers, overalls, shorts",2,Yes,1
2f6d8ad6ff77e4263210f86cba598c1a,"Blouses, shirts and shirt-blouses",2,Yes,1
7b61d469d585f4a58d60e42ff598a73a," T-shirts, singlets and other vests",2,No,3
860ec99d81d641c676450f04f83c387a," T-shirts, singlets and other vests",4,No,7
c330c5899c68e79909dc7e6a240c14cd,"Blouses, shirts and shirt-blouses",4,No,7
b29581c5d89e5e5cae3022bb97fd6177,"Trousers, overalls, shorts",4,No,7
1f6401403ef1162d7431f3daa07e7254,WEBSITE,WEBSITE,WEBSITE,WEBSITE
6755b6104ef80fa4aac3b2b200e58142,Other footwear with outer soles of leather,2,No,9
4ca71508c8af8adf32f733a582f8640c,"Jerseys, pullovers, cardigans, waistcoats and similar articles, knitted or crocheted",3,No,9
de16c06003b4323cd2312dccdfd598a7,"Trousers, overalls, shorts",3,Yes,4
41a9b892faa836773f228ad56baf4e66,Other footwear,2,Yes,1
8ea1cf9818634457f74c6b51238e81c1,WEBSITE,WEBSITE,WEBSITE,WEBSITE
4bfdc617ea44babed1ab34bd37fbd93d,"Handbags, whether or not with shoulder strap, including those without handle",2,No,7
e0f302705a4eb92ea8adc8ae324c82e2," T-shirts, singlets and other vests",1,Yes,1
b7f5fcf55fad5141f1b3b0a0aad5fbc5,Other footwear with outer soles of leather,2,Yes,45
8e89cb5f3eee4595c4b55bb8a526c402,Other footwear,8,No,1
3ecbab11c9bb07111e64c39ac9e1d331,"Handbags, whether or not with shoulder strap, including those without handle",2,Yes,7
a1116485f42f9bac2356cd68768c4449,"Shawls, scarves, mufflers, mantillas, veils and similar articles",3,No,4
43db47f4d7f25b3ed20af63e900e84bd,"Jerseys, pullovers, cardigans, waistcoats and similar articles, knitted or crocheted",3,No,36
48cf4d23d38d4bc6649ed77756001015,Other footwear,3,No,60
cbcd0b30118a97608d8625d7f7543069,Articles of apparel and clothing accessories,2,No,1
