id,ddpsubcategory,shiptypeid,hasitemsonbag,country
0ad6e5e34da4b35ab4b3b31ee4b48a33,"Trousers, overalls, shorts",3,Yes,4
dded492bff74010ef5a80093e9374aae,"Blouses, shirts and shirt-blouses",2,Yes,4
a9b532a85370804e3b8f2e8d11a384ef,"Trousers, overalls, shorts",2,Yes,4
0785fb2b0c847e17dc3f491dd093e48a,N/D,3,Yes,4
f04f67147df6bb43ad229a8f4f310de4,"Blouses, shirts and shirt-blouses",2,Yes,4
6b33b4945f5af63eef7e88d0d4773c76,"Blouses, shirts and shirt-blouses",2,Yes,4
b617b98a01969350631781e77cbb2f8f,"Blouses, shirts and shirt-blouses",3,Yes,4
a148beb815f8424acef968373b225781,,3,Yes,4
35dad612c253befda08c4a486b7b0065,"Trousers, overalls, shorts",2,Yes,4
6ad9d56f28ee98df7044f68c90c1ed81,"Trousers, overalls, shorts",3,Yes,4
a1843a1e77ab49576fd28f55e775bb01,WEBSITE,WEBSITE,WEBSITE,WEBSITE
5fbdb01722e5ea8cd93cb6225fd4ca2e,"Blouses, shirts and shirt-blouses",3,Yes,4
4c85a745de0eb3ccaac4b55da1b63bdf,WEBSITE,WEBSITE,WEBSITE,WEBSITE
b26773d9cdb6d88c345cd8a0b51649b3,"Trousers, overalls, shorts",3,Yes,4
5bb2703b01f32cf5738e85d4f34cfeff,"Trousers, overalls, shorts",3,Yes,4
1f0aac0eda43a249aaea14caa527a573,WEBSITE,WEBSITE,WEBSITE,WEBSITE
6d77c77793387bda8558d74d25f6fbdb,"Trousers, overalls, shorts",3,Yes,4
8086c0dbc2feffb327ed347e4d4c16ec,"Blouses, shirts and shirt-blouses",3,Yes,4
07f30d6afe9ed692cbc98f7c7d9a44b5,"Trousers, overalls, shorts",3,Yes,4
47a69a88350e3712ef81b427ac215e0b,"Trousers, overalls, shorts",3,Yes,4
e4b8b8899906581f5fd74cdb39814298,"Trousers, overalls, shorts",2,Yes,4
e7c205fb0f57f47ece076686c380adfc,"Blouses, shirts and shirt-blouses",9,Yes,4
fc88ec39d1e91adaef7f165b8f529144,N/D,3,Yes,4
4f26b79ec3e6a71c171eb07ab9970560,,2,No,30
b43824789070ba01689a743f76938f30,"Trousers, overalls, shorts",2,No,30
c568492ab117cc0ca1ae5a016099bd0b,WEBSITE,WEBSITE,WEBSITE,WEBSITE
a93c178f5175ba7a89be9a244ba29af2,Footwear with outer soles of rubber or plastics,3,No,25
a8b5624a6dce25a50a0b71397d1ac443,,3,No,25
f3e9c1d07878c58dd5f7504f2d7f62f2,"Jerseys, pullovers, cardigans, waistcoats and similar articles, knitted or crocheted",2,No,5
b56c02c464d0b4b81bae237a89e5f3fe,Footwear with outer soles of rubber or plastics,3,No,4
483637e564e9232064c54ecacf65f891,Dresses,2,Yes,97
aed394f04631ad2297e5b7748b9ec3ce,Jackets and blazers,2,Yes,50
f9444e28dbc56b690a18b4f5db116ad8,"Blouses, shirts and shirt-blouses",2,Yes,50
429b7c9f423291ce47370b156d3f7052,N/D,2,Yes,50
f4fc80effaba673e211530d0ba8fecd1,"Jerseys, pullovers, cardigans, waistcoats and similar articles, knitted or crocheted",3,Yes,4
4c98f611c029951f41d805560169509e,"Headbands, ponytail holders and similar articles",2,Yes,31
eda42c07a3472f4a08e450297d25f1e6,"Trousers, overalls, shorts",2,No,27
a3201828569b7909bd6cae731a08cc27,"Jerseys, pullovers, cardigans, waistcoats and similar articles, knitted or crocheted",1,No,1
80afac427f063720c0e97e9cc2ccce1c," T-shirts, singlets and other vests",2,No,5
0914a6e435552ec7483c5ded18e6d704,WEBSITE,WEBSITE,WEBSITE,WEBSITE
8cc4bdbfd6c9d4cef5dfb294f026bc59,Footwear with outer soles of rubber or plastics,5,Yes,1
5aa99fd08cf519348516f5ab43aa8ebf,"Trousers, overalls, shorts",3,Yes,1
1bf1ded7252c7628d34d63ac52ff0cf9,Footwear with outer soles of rubber or plastics,3,No,50
0e0f0728ce5f170dcc1c125e2c4f896a,"Handbags, whether or not with shoulder strap, including those without handle",4,Yes,7
7bb2e88969a6ef50663aa700499dced2,"Handbags, whether or not with shoulder strap, including those without handle",2,No,5
6fae9ea5e2aa24643852171c974e7fed,Footwear with outer soles of rubber or plastics,2,No,40
d61f785a6863f6035c7e34b85d7bf790," T-shirts, singlets and other vests",3,No,9
28eeaaefe307210d4b152d916cb662a0,"Jerseys, pullovers, cardigans, waistcoats and similar articles, knitted or crocheted",3,No,9
d6ee0372a3717884d489fde178e84d78,,2,No,1
601789ee65885377c18959f0ffc68b9f,"Jerseys, pullovers, cardigans, waistcoats and similar articles, knitted or crocheted",2,Yes,1
20f294799cccce52fc98e5f315846843,N/D,6,No,1
39688877516036f86d52efc29e967c76," T-shirts, singlets and other vests",3,No,36
3d98d0015ccf8253dd43cec8abdc7476,Other footwear with outer soles of leather,3,No,36
6926e3cb7a91ce0536b99695325483e4,Footwear with outer soles of rubber or plastics,3,Yes,29
9b8ac608e9d133cd29833f0eabbc960f,WEBSITE,WEBSITE,WEBSITE,WEBSITE
a6a36a8054984464a967764887b405c0,Articles of a kind normally carried in the pocket or in the handbag,9,Yes,5
78780a423398d58cab08dedde945b9df,"Handbags, whether or not with shoulder strap, including those without handle",2,Yes,3
e134d6313c6f46dd0822cf81f0a8e1b1,"Coats: overcoats, raincoat, cape, cloaks and similar articles",2,No,9
71163fc9dd94177cfe28ed434e69c0d2,Jackets and blazers,3,No,5
721d1d94804405fa7d2d9b1a766685c3," T-shirts, singlets and other vests",2,No,7
26ebbbd177bc06cd3a3ff079618ee801,Footwear with outer soles of rubber or plastics,2,No,1
e61d411c4dd08ffd70813c6a030ee303,"Coats: overcoats, raincoat, cape, cloaks and similar articles",3,No,9
1652a0b8730e4cd4fec952262d1bed73,Other footwear,3,No,9
be4fb2700897448050c505d59fb4480c,"Trousers, overalls, shorts",2,Yes,1
b84465a4e89403f5e538c2a77fa55b84,"Coats: overcoats, raincoat, cape, cloak, ski jackets, windcheaters, wind-jackets and similar articles",3,No,4
0772553c7acd3e395f6b35b6c14e9a70,"Jerseys, pullovers, cardigans, waistcoats and similar articles, knitted or crocheted",2,Yes,1
03e96a2e70d2bd5d3a6a3532b3a842ea,"Jerseys, pullovers, cardigans, waistcoats and similar articles, knitted or crocheted",2,No,1
a517a7c403e9395d49dc5ea305453db0,"Of base metal, whether or not plated with precious metal",2,No,1
3bb6233d3987a12a50c4790aebe640b4,Other footwear with outer soles of leather,2,Yes,12
4014e201cc73e3a315183e094bc5ae34," T-shirts, singlets and other vests",2,Yes,12
ec28497bc349520e110fc47da000e087," T-shirts, singlets and other vests",2,Yes,12
64ee542ef69b1d9a4bfa9e9e03bc5578," T-shirts, singlets and other vests",2,Yes,12
227ea495709b5bbdb50b26125f45a0dd,Other footwear,2,Yes,90
c4c8ddd351faa11d054bc88b3b342bf0,"Trousers, overalls, shorts",3,No,4
c25ce469411596f4d8c49ebb316dffd1,Other footwear with outer soles of leather,2,No,1
0d09d11e43a3cd35659ad928dfe9786c,WEBSITE,WEBSITE,WEBSITE,WEBSITE
cc3796a85075f5170c7ac8228b48bad1,,3,No,54
904e1e9666108a5eecc34e4f6461b321,Dresses,3,No,29
5a0fd7c631d7ee1d19afcc6307e208fa,API,API,API,API
3568833fef3047b864f9dbe3e03d5070," T-shirts, singlets and other vests",2,Yes,1
b1d85b0458a8d5899aa143f64a360b7d,Footwear with outer soles of rubber or plastics,2,No,4
6569ce9fdb478b87e78b35cbbc7c99af,Jackets and blazers,2,No,9
d07e29525943b74395fb0ffd770fe68d,"Trousers, overalls, shorts",2,No,1
2f75fe2b622f8f9dfed223c9412a0034,"Handbags, whether or not with shoulder strap, including those without handle",1,No,1
6eedff1a8133447535cbba2e8e3a0824,Dresses,2,Yes,12
2ea3641841b789a76267962c20a83720,"Jerseys, pullovers, cardigans, waistcoats and similar articles, knitted or crocheted",2,No,4
c7eb712e2031d3240143d7bc02014cc6,WEBSITE,WEBSITE,WEBSITE,WEBSITE
6113ef0e8fdd109a170d353099a63164,"Hats and other headgear, knitted or crocheted, or made-up from lace, felt or other textile fabric, in the piece (but not in strips), whether or not lined or trimmed",6,No,1
fc015d07597910768448d3d16178cdd5,"Jerseys, pullovers, cardigans, waistcoats and similar articles, knitted or crocheted",2,Yes,1
c97a55cc737d35be55e76789f342439c,WEBSITE,WEBSITE,WEBSITE,WEBSITE
9ba1b6ef15677983e6d25593bb5b312a,Articles of a kind normally carried in the pocket or in the handbag,2,Yes,1
a1245a92edb5dcf7f836557bb2a7c75d,N/D,4,Yes,7
0516955e34eb4091c168439608b5aa9d,N/D,4,Yes,7
6baa270f7146fdbdfdcf6edd8c1684af," T-shirts, singlets and other vests",3,No,36
00a1b6a8fb315bc71d0f3162a0c22a1b,Footwear with outer soles of rubber or plastics,2,Yes,7
b70795605a2bc976a2678aa2fd67927d,"Handbags, whether or not with shoulder strap, including those without handle",2,No,7
07cedec09c3d50f57e05ab0300950907,"Blouses, shirts and shirt-blouses",4,No,7
eaaecdb1cbd4c1b88af3125a7d3635b4,N/D,4,No,7
918b73853337f718a52db8daedd8832e,"Handbags, whether or not with shoulder strap, including those without handle",2,No,7
cbf7b1adaa6ccd7685f7487b4f6e8e11,"Handbags, whether or not with shoulder strap, including those without handle",2,No,24
485503aa8de593369e96e59927c97cde,Footwear with outer soles of rubber or plastics,2,No,5
48414083098bde68fd6925d2e37b5b9c,Other footwear with outer soles of leather,3,No,4
0732e1a06fec41e6fb006b514781fc7f,"Babies' Trousers, breeches and shorts, except those imported as parts of sets",2,Yes,7
6e65ee81edaaebfba3677b10b5a2f970,Footwear with outer soles of leather or composition leather,2,No,1
e12c25117628fcfeeca583568123e58a,WEBSITE,WEBSITE,WEBSITE,WEBSITE
9e1a5c4f3b694702c0622d6f6e87b5c0,"Jerseys, pullovers, cardigans, waistcoats and similar articles, knitted or crocheted",2,Yes,4
8e51ea185788c723cde8797ff9491941,Footwear with outer soles of rubber or plastics,2,Yes,5
4a14f5caec5c9d336ea280b074ba18ed,"Jerseys, pullovers, cardigans, waistcoats and similar articles, knitted or crocheted",2,Yes,5
5b47bb34af7cc86d8390ea228bda8e3d,"Trousers, overalls, shorts",2,No,4
