id,ddpsubcategory,shiptypeid,hasitemsonbag,country
ad8fe58c9f188fe444acc29ecb62af32,Dresses,2,Yes,29
2dc1e4c70071da35ded45f2ad914c4c1,Footwear with outer soles of rubber or plastics,2,No,14
d3632d79dcd458c0ca92369fd0f9cc46,Other footwear,7,No,24
71beaa71fa6f39c37574ee82789c3a55,Footwear with outer soles of rubber or plastics,2,No,5
8604ea8ecf71f6f9fb27f5c99625783a,WEBSITE,WEBSITE,WEBSITE,WEBSITE
b4e840e33c79f177d3fc74eddf2ab1e2,API,API,API,API
761e86c6a12133404236d1f927be1707,Jackets and blazers,2,No,85
2e8add2f035f5b2410189a13f3d89fc8,Jackets and blazers,2,No,60
84f0cd6af12fcef827a286c2ac638f41,"Jerseys, pullovers, cardigans, waistcoats and similar articles, knitted or crocheted",3,No,60
02e806e61b8c3c9e0a7c7cab168466bf,Jackets and blazers,2,No,1
7e2e57adf9a2f50ec3df092e6e109261,"Jerseys, pullovers, cardigans, waistcoats and similar articles, knitted or crocheted",2,No,1
25b081a708bc6374c1e0bc47a1fd36e2,,2,No,1
963ecfb5d6c57eb362e8902e40af353f,"Handbags, whether or not with shoulder strap, including those without handle",2,No,1
4f9d78fabd6740e054a82cf609fe5fd9,Dresses,2,No,5
294a5f981008073e7c2b954b6eb2baec," T-shirts, singlets and other vests",3,No,9
89f4626c2eafe67b71a2ab8d3ce489b2,Candles,2,No,1
503bf9063252ad0a5857d45cb0c5d205,Footwear with outer soles of rubber or plastics,2,Yes,63
d74c074dcf7919c6b6c665755cfca40f," T-shirts, singlets and other vests",2,Yes,63
ee7a1821bdda6176ca765d0d0a226f2e,,2,Yes,4
2c7ada2f8752d41883ac47ad126be341,,2,Yes,1
785f1ead05db50fa001e10976ecce2f7,Footwear with outer soles of rubber or plastics,2,No,24
45825dca152229db478ff9b4b56e2ab4,Dresses,2,No,5
80613218743a37298b053c1f9717e932,Other footwear,3,No,24
ded9559a400ab140aa6bb4c7eb63e282,"Handbags, whether or not with shoulder strap, including those without handle",3,No,9
981517255c34582cb290d56f8eab71d7,N/D,2,Yes,42
c8fbd8d10ca006e33db68513d8cdb2c4,Babies' Outerwear,2,No,19
3aab6628d35df9bb8c4a7a0ef32335c5,WEBSITE,WEBSITE,WEBSITE,WEBSITE
00e105597abdeb6a1780ce166b2bed51,"Coats: overcoats, raincoat, cape, cloak, ski jackets, windcheaters, wind-jackets and similar articles",2,Yes,19
7ca061babdf390598bb98a015382fe46,WEBSITE,WEBSITE,WEBSITE,WEBSITE
7c5718c90534d3ff8acdcf9676a2eef2,"Trousers, overalls, shorts",2,No,1
11f6db7ad54fe72ebe95f25f894932ac,"Handbags, whether or not with shoulder strap, including those without handle",3,Yes,4
71acc49da3de148b259eac11e950476a,Other footwear,3,No,81
ccc46663feecd758de5897d1d4b72bcf,API,API,API,API
346f1fa827dcde0575a5d7968bc3b24a,Belts,2,No,5
7ee61c99440b443095fec7dff64f7aaa,Other footwear with outer soles of leather,2,No,5
9c59f5dc71fb57414c6a2cacbb069d5c,Jackets and blazers,2,Yes,19
a113a65669e3aa15504c96dd7cb70ebe,"Other e.g. braces, suspenders, garters and similar articles",2,No,7
91048e14a5a100dac8719cbadaa5eada,"Other e.g. braces, suspenders, garters and similar articles",2,No,1
aa64b02ab83281ae7d151a03988ee9c3,Footwear with outer soles of rubber or plastics,2,No,9
e15b56676076ee8dc8b26f2713d9e47a,"Other e.g. braces, suspenders, garters and similar articles",3,No,24
84776c2925098301d69d9ae3c3644b49,"Jerseys, pullovers, cardigans, waistcoats and similar articles, knitted or crocheted",3,No,4
9243e340aed560718f388141ba57b574,,2,No,1
15eee01dfaf67c6cf72f15b6a08b1760,"Jerseys, pullovers, cardigans, waistcoats and similar articles, knitted or crocheted",2,No,1
194dee36fef5269d155d84c4307a68c3," T-shirts, singlets and other vests",3,No,9
d08f88ba834b6de059d37f1bc0e305a2," T-shirts, singlets and other vests",3,No,9
cb323ce074a63aa1f1132d3848379e8e,WEBSITE,WEBSITE,WEBSITE,WEBSITE
ff24d967e573b042013fb3d527edecf1,Swimwear,8,Yes,1
f8b263e5e1389dfecc956c68e4d39adf,N/D,1,Yes,1
c0c8a01099513fd6a809cbad9a569bb2,,2,No,19
15e5db356c5aeff506923e3484c729fe,Other footwear with outer soles of leather,2,Yes,16
b214c60a51bb16356bcf44e395d2f4d7,,2,No,67
d104e27152a7668920cfc6068488bdaa,"Jerseys, pullovers, cardigans, waistcoats and similar articles, knitted or crocheted",3,No,11
e94ca69da2c7a37a117272dec7ff9ea0,Footwear with outer soles of rubber or plastics,2,Yes,1
45b39ebc8d7ee13e7623c66d8bccf7ef,"Trousers, overalls, shorts",2,Yes,1
a811bac8f0bca3855c3b70b5a468f54b,WEBSITE,WEBSITE,WEBSITE,WEBSITE
2120cdb1768d44ff47fdfb3f84d36e08,Other footwear,2,No,13
d5a1cbefc9849ec9182f53b1bb1952be,WEBSITE,WEBSITE,WEBSITE,WEBSITE
c5689299028af38fefe2ba3a83c11a67,WEBSITE,WEBSITE,WEBSITE,WEBSITE
6a3fd58fae7fb3742c5b24a2a3a0b329," T-shirts, singlets and other vests",2,No,1
15ef3c644cb437e120cd49a0b1107caa,"Blouses, shirts and shirt-blouses",5,No,9
45609f3a6f3fffe1f58596a58bf8073d,"Trunks, suitcases, vanity cases, executive-cases, briefcases, school satchels and similar",2,No,15
82a8cd922c62a3f43725c452388c4570,WEBSITE,WEBSITE,WEBSITE,WEBSITE
0bfbcbd34681674e57d783da522f9da7,Other footwear,2,No,30
30b88f5786b4d1d6152e9aef47ff9778,API,API,API,API
a20190984b4798269d0778bf0916aa08,Footwear with outer soles of rubber or plastics,3,No,14
c473ae50b4a779a6ec978de77a8da5da,Footwear with outer soles of rubber or plastics,2,No,46
4b802dc234c1f988a189bde28c70a0fa,"Trousers, overalls, shorts",2,Yes,1
f72c7a047ca912c553b7a1f96a6387ed,Other footwear,2,No,1
fc5812b6586ee1c80ab3b688f83b0370,Dresses,2,Yes,19
270d541c4a8f7143221047c2c804c873,Dresses,2,Yes,19
72390d2003f3fec3ec4fdf24275df542," T-shirts, singlets and other vests",2,Yes,1
704c0ec6b0ae9c4d0f0a4cf4cb0b3c40," T-shirts, singlets and other vests",2,Yes,1
f308ebec9e922392a187d9e2bd08a236," T-shirts, singlets and other vests",2,Yes,1
742eccb9105a1ebbd7139a406f8f4044,,2,No,58
15088d6914a7ea40a3fed04cbf879e7d,Footwear with outer soles of rubber or plastics,2,No,58
8f3cb7f19108e5fb3321b88bc84bb3e0,"Trousers, overalls, shorts",2,Yes,4
e38d2d97029190b0d8de074eea9d91b2," T-shirts, singlets and other vests",2,Yes,4
558b1dc75175bd817eed93ba48e293b0,"Jerseys, pullovers, cardigans, waistcoats and similar articles, knitted or crocheted",2,No,4
33fd7b360b06148783a1146676ffc982,"Jerseys, pullovers, cardigans, waistcoats and similar articles, knitted or crocheted",3,No,29
936109a97eb461b15012ee24299599da,Other footwear,2,No,5
257331b7aea957ffe84a2d93779ac950,Footwear with outer soles of rubber or plastics,2,No,5
c016a63a73af2ce51ae5e1f40927b588,Dresses,2,No,13
6c6c9d35821ec9e688b167aa7a0addf5,Footwear with outer soles of rubber or plastics,2,Yes,46
ba44a64fd0a9a31916b5454a5c1cb353,"Trousers, overalls, shorts",2,No,1
e03b0542285c0716669f3eea4e14b57e,WEBSITE,WEBSITE,WEBSITE,WEBSITE
4a12261108a1717f235e091bdd7d029d,Articles of a kind normally carried in the pocket or in the handbag,2,No,1
2e3529b9b389f11155b4c31342ef0277,,3,No,4
3b50103add151244d0d9a435e4fd0a40,WEBSITE,WEBSITE,WEBSITE,WEBSITE
4a6deee85111eb31941f55f94388a039,Other footwear with outer soles of leather,2,Yes,39
3ef3fcf0d2b2b90ad19b8b7c6179fc84,,3,No,9
1f8b857b585ec24f2fad2ec44076670c,Other footwear,2,No,41
1228072f7e9abaf28147e7afd4b33274,"Trousers, overalls, shorts",2,No,5
d4aa411c9d7dcdeb7b4751e2f5a53e43,"Jerseys, pullovers, cardigans, waistcoats and similar articles, knitted or crocheted",2,No,12
7f516d4f4390a2e835c563a723b83e3c,"Blouses, shirts and shirt-blouses",2,No,12
ba2e3d5b307b071b38ee09a8538ce38c,"Blouses, shirts and shirt-blouses",2,No,12
a25f6ec20a79cde6bdacefe58e6ab250,"Trousers, overalls, shorts",2,No,12
a43308ae6d7f5b8d5ab0daff5b832a96,Jackets and blazers,2,No,12
7d95d0f4500eb8cba7b6955a13e15b2a," T-shirts, singlets and other vests",2,No,12
2e093b0bdaf6bbac008da3292005bd7a,Footwear with outer soles of rubber or plastics,2,Yes,41
2475ea65fc86605af01c12e8b9dfbb41,WEBSITE,WEBSITE,WEBSITE,WEBSITE
be7f7cf55a74c6821211e85b978da28e,"Hats and other headgear, knitted or crocheted, or made-up from lace, felt or other textile fabric, in the piece (but not in strips), whether or not lined or trimmed",2,Yes,19
00b0bb0649ad7097e896726844e6b24f,"Jerseys, pullovers, cardigans, waistcoats and similar articles, knitted or crocheted",2,Yes,19
c6c4da18bcd35486926cd60316b410cb,,2,Yes,19
131e3421326257534dd068560a82225e,Footwear with outer soles of rubber or plastics,2,No,114
937570f9d0507ddb4b5ad22368912488,,2,No,40
27a8164b324a48df5a5da787354b102e,Other footwear,2,No,40
eb913f2d2c13dadff7710c0a71176efd," T-shirts, singlets and other vests",3,No,25
fd8b14d90b493c6bcb9a5401b8c4c0be," T-shirts, singlets and other vests",2,No,25
64df3fe81e795803a9ddb88f4339429b," T-shirts, singlets and other vests",2,No,25
