id,ddpsubcategory,shiptypeid,hasitemsonbag,country
589b6513efa98bb34c402dcde86ab19c,"Blouses, shirts and shirt-blouses",4,No,7
95e6c839711c64a9a2c7d2599c935b67,N/D,4,No,7
f06c1c66020744657def45e75cb4fdf4,Sunglasses,4,No,7
8468640a18844a6adcbd5e5e8670792d,"Blouses, shirts and shirt-blouses",4,No,7
3b55ab419c121d57da6003a54e3f1f53,"Blouses, shirts and shirt-blouses",4,No,7
bfb72588fc2483229e4a9f49e32e1630,N/D,2,No,7
79fd1fc3bb623c39c17141e8bd3bbb59,Footwear with outer soles of rubber or plastics,4,No,7
7f497dfd074d42c0d1067095c3de8846,N/D,2,No,7
76ce3469c9caed2422a53e13e64cb2cb,"Blouses, shirts and shirt-blouses",2,Yes,5
90a01aef94e1218324510b9d291bca30,WEBSITE,WEBSITE,WEBSITE,WEBSITE
909f6f3fca4faf64cdfe4cfde43a7d26,,2,No,1
d1c15a059375dd5c2d058c6fd0112baf,Footwear with outer soles of rubber or plastics,2,No,1
4164c53c76a7ab671fc68e755b63dab7,Footwear with outer soles of rubber or plastics,2,No,1
f9c075996408b3e2ab05c939e548f551,Footwear with outer soles of rubber or plastics,2,No,1
de7e3ba2c2e47cb848e2ec1e667c5fb9,Footwear with outer soles of rubber or plastics,2,No,1
656d56ebdb7c2dd093ff99ceff49f861,N/D,2,No,1
17404f5729d1a652c70da37bed86521b,"Jerseys, pullovers, cardigans, waistcoats and similar articles, knitted or crocheted",3,Yes,4
639ef232dcd34a822f583da9f5fae3f7,"Blouses, shirts and shirt-blouses",2,Yes,1
b1def7d6f61215c818292a4235d110d9,Dresses,2,Yes,1
b6a0a4631d51e229819a3fc03007af61,Dresses,1,Yes,1
aaa494800edce3fe7d4c7f2cd490fc55,"Blouses, shirts and shirt-blouses",3,No,9
64d9eb528c471a712dc1e703e4d13cee,"Blouses, shirts and shirt-blouses",2,No,7
9e0e4450846928fdd9c65ac3285f6f1d,Sunglasses,9,No,4
b1eee8c9c0a15440c9397e6dca0507d4,N/D,6,No,1
c0bcaee367d5fe31ef54243e8883e2d6,"Trousers, overalls, shorts",3,No,10
e8d12db7fd36bd024eb72438415633f1,Babies' Sets,2,No,1
6da84867a04898fc51776546ea1623e5,"Jerseys, pullovers, cardigans, waistcoats and similar articles, knitted or crocheted",2,No,5
c545368fe0c4bb23a888299ea209dafc,Footwear with outer soles of rubber or plastics,2,No,19
b0268cf810892e28a16679290748921d,Footwear with outer soles of rubber or plastics,2,No,39
a2e400da6b02d717680026ae19ac8b12,N/D,2,No,1
e98c0b736b2f43c396122a0bbafcd594,Dresses,2,Yes,1
bd9fa760b9c0b34f1455166be00f8bcd,Footwear with outer soles of rubber or plastics,2,Yes,5
74ad1e0a01b2a59ac8d74b9162e1d4ef,WEBSITE,WEBSITE,WEBSITE,WEBSITE
b6324955aab7829d114d25c941f39bec,Shirts,2,No,4
02a947ff83fd04efb3b04501fd54b8ac,"Jerseys, pullovers, cardigans, waistcoats and similar articles, knitted or crocheted",10,Yes,1
ec4281a855457b7ea05e0739795aa9a0,"Blouses, shirts and shirt-blouses",4,Yes,7
92063fb8dff31fa5c4b735ae5ffc9d52,"Coats: overcoats, raincoat, cape, cloak, ski jackets, windcheaters, wind-jackets and similar articles",2,Yes,1
1622f80e7560343c8ef77a80853c0a25,"Jerseys, pullovers, cardigans, waistcoats and similar articles, knitted or crocheted",2,Yes,1
843f2c4cc90870510da5d589c8d4a469,"Jerseys, pullovers, cardigans, waistcoats and similar articles, knitted or crocheted",2,Yes,1
1bb2d5a9a77ce86f137d054a4694cb19,"Other e.g. braces, suspenders, garters and similar articles",2,No,7
f70524783196ea82a5c4b16867d722c2,Other footwear with outer soles of leather,2,Yes,12
d2ca1a94d90792011924d17302a299c6,Other footwear with outer soles of leather,2,No,1
611503494f1ee483add57baa6db0d47a,Other footwear,2,No,19
ee3e390d477f8f089705aa054850aedc,"Jerseys, pullovers, cardigans, waistcoats and similar articles, knitted or crocheted",2,No,4
b6cf17d2e8fd4feb769b19eded9cb00e,,2,No,7
b3941591d66e7b58c416a94df1cd3bbf,,2,No,1
193be7338b12f7ba897950ec31459a01,API,API,API,API
033ec42fe6e4c137aa0b9c67a28edf4d," T-shirts, singlets and other vests",2,No,5
f04243c43d3f7f26d88f75542b2c2dea,"Jerseys, pullovers, cardigans, waistcoats and similar articles, knitted or crocheted",2,Yes,3
469decb0d7af2586e55d8be5da0e5fe8,Shirts,2,Yes,3
a90f2ff27e150ac60a7394c3544c8d07,"Jerseys, pullovers, cardigans, waistcoats and similar articles, knitted or crocheted",2,No,1
a4d5ee38c17af1de80370b8ea083207b,,2,Yes,12
fc50a4442d887f6e81bdaae02bbf5bb0,,2,Yes,12
f4d63b6c6a891c70dc2a77a8a3e0e8d2,"Handbags, whether or not with shoulder strap, including those without handle",2,Yes,7
2d98776b9916cbe798231ad8684ec3a8,"Other e.g. braces, suspenders, garters and similar articles",2,No,7
7fa2cff0902834e295bfa41254584ab5,WEBSITE,WEBSITE,WEBSITE,WEBSITE
2d278a248ab09459d125eaa985030eb3," T-shirts, singlets and other vests",4,Yes,7
14f158fa777710136d576fcfd2016ee5,Footwear with outer soles of rubber or plastics,2,No,17
47dc00019880a70f31e46145fc0c8e8b,N/D,4,No,7
6fb6dde1153a79aa06689e7f268860f3,Shirts,2,Yes,20
90e470b577a7a610e648363f2e2e42a0,"Trunks, suitcases, vanity cases, executive-cases, briefcases, school satchels and similar",3,No,54
afc38a3741f38847de4df2e602657701,Footwear with outer soles of rubber or plastics,2,No,1
eb21846bf60241dbb5709b79c8afc01a,"Trunks, suitcases, vanity cases, executive-cases, briefcases, school satchels and similar",2,Yes,12
ef937013b46684638a16cdcd24a43521,N/D,4,Yes,7
4dd72860c364bed6ab347c8bc39cffb8,WEBSITE,WEBSITE,WEBSITE,WEBSITE
b196c34dcc2cf06680021cbdc287464a,"Trousers, overalls, shorts",3,No,50
01ab8d0a75b1ee6661c164d1840adbfb,"Other e.g. braces, suspenders, garters and similar articles",2,No,93
6cad82b6c7102008b769705c4c9831d6,"Trousers, overalls, shorts",2,No,11
1c87298c6f75fb6930db40edb939b670,API,API,API,API
5fd461fd708885c0bc6052cb100f2db2,"Of base metal, whether or not plated with precious metal",3,No,14
7a2f900b450cfcd0c835e4fad294aae2," T-shirts, singlets and other vests",2,No,8
e9627e42e221d7ee467be7d897d87886,,3,No,8
ae9c8e157b6740cda896dbec62856707,"Jerseys, pullovers, cardigans, waistcoats and similar articles, knitted or crocheted",1,Yes,1
0538679e17fe054fcb2f8840b97afd36,,14,No,24
fb30d7e0e7ddeb7e63ced52cc6cabb28,Footwear with outer soles of rubber or plastics,3,No,4
f621622a28fa4e48c4b068f0f40ba190,Other accessories,7,Yes,24
31a66a0577aafda10c6a84ca63c409f6,Footwear with outer soles of rubber or plastics,3,No,11
8d46331f3da375185b37121694d4776c,"Jerseys, pullovers, cardigans, waistcoats and similar articles, knitted or crocheted",2,No,19
a0417f0242294560be768ef1873f0e35,WEBSITE,WEBSITE,WEBSITE,WEBSITE
ed072b95aa73d2dcad64fa3c74c9c073,"Handbags, whether or not with shoulder strap, including those without handle",2,Yes,7
789dd68174211b717ff4b16d33bf0f27,Articles of a kind normally carried in the pocket or in the handbag,14,No,14
253a99d1ce31e1659ca5de53241de7d1,Items of leather clothing & accessories,2,No,49
8db920943b48dcbd74943428c32c0a1a,Other footwear with outer soles of leather,2,No,5
ea3d02898ca9aadb26db851fd778ef50,"Pantyhose, tights",2,No,4
cc7e9de8100c64350100485953472a9f,"Coats: overcoats, raincoat, cape, cloak, ski jackets, windcheaters, wind-jackets and similar articles",2,Yes,89
19e6188f303f8624aa7c3cdce79c8cef,Footwear with outer soles of rubber or plastics,3,No,4
d0454e6fd5e35c2652e3174114334967,Other footwear,2,No,1
bfefd07f633b198d08b1d05f71f07a1b,,3,No,50
666181b780f4b36834c773a8be9e38be,"Pantyhose, tights",2,No,5
bffc55818df8bfa1d13711a109dcf0cd,Footwear with outer soles of rubber or plastics,2,No,5
eb23f50b6a396e1cb0bf38796313f93b,Jackets and blazers,2,Yes,5
25deb882827cce9f332c1123d4152b4d,"Jerseys, pullovers, cardigans, waistcoats and similar articles, knitted or crocheted",2,No,12
8e4f11348f5a2d8bfde521ab02521ccc,Footwear with outer soles of rubber or plastics,2,No,1
b0461902c4b45466130e875388b2ad00,"Coats: overcoats, raincoat, cape, cloak, ski jackets, windcheaters, wind-jackets and similar articles",2,No,2
de55d24bf8a0eca6eeac78470b7ecb9d,"Jerseys, pullovers, cardigans, waistcoats and similar articles, knitted or crocheted",2,Yes,16
1e5e6ac9b968c336500520a357c07493,Skirts,2,Yes,16
12e746fdfbe7571db94ab78183a919e1,"Trousers, overalls, shorts",2,Yes,16
b632c7d2e021cea28d18303ed71736c9," T-shirts, singlets and other vests",2,No,1
72a6ec8bd9731e255124d1d3863cb162,Shirts,2,No,1
b52b307b64eb08e73bd9c3ac4cd315a1,"Handbags, whether or not with shoulder strap, including those without handle",3,Yes,4
dfb6290c638105e471fa7dd9ad7ea4cc,Other,2,No,15
088f25a4452a5b3cd50e3c160da629f3,,2,No,15
b83ee835328f392329bc4ff0966fe0a3,Footwear with outer soles of rubber or plastics,2,Yes,12
c3f5d063928b34cbc002ba460bbf453c," T-shirts, singlets and other vests",2,Yes,1
19a3a63cea6aeb0801f1e248efbe6926,"Handbags, whether or not with shoulder strap, including those without handle",2,No,39
8cfc834792c73abadc1073c73a252b00,"Blouses, shirts and shirt-blouses",3,No,14
056591df0dacddee8918ad603c304dd2,"Blouses, shirts and shirt-blouses",3,No,14
b8134c6e75499739ddcff3a09625f4e0,Articles of a kind normally carried in the pocket or in the handbag,2,No,4
69fb3fe1be4df560a9ea4dff7619fe8a,"Handbags, whether or not with shoulder strap, including those without handle",2,No,5
