id,ddpsubcategory,shiptypeid,hasitemsonbag,country
7849154881512d384531805456f880f1,,2,Yes,4
f389fb1253bf4d5afee9db41f15c1a2f,,2,Yes,4
f573dda8e33a15f98644ad76c53cc6e9," T-shirts, singlets and other vests",3,Yes,4
d259b998d5c1b03685af8302bc96b7f8,"Coats: overcoats, raincoat, cape, cloaks and similar articles",2,Yes,19
8720a8d157fa74e2f1d9ec27721c8673,"Jerseys, pullovers, cardigans, waistcoats and similar articles, knitted or crocheted",2,Yes,2
19e8a5476a12e46a4415c66d5cabee1e,,2,Yes,2
1234b97d9641faf743a80fd7ece3d6f5," T-shirts, singlets and other vests",2,Yes,40
bb51bfe42f0696ca80c7fdb97e87a2c2,N/D,2,Yes,40
a04cc49c2c36561ef73de6a41c06dffc,"Trousers, overalls, shorts",2,No,4
ea0f5e13f3bb96bbd15b2649f7a45745,Swimwear,4,No,7
390ab936454e4bab07d61f4af0703d5e,,2,Yes,43
9e92f55a14e055e47aa9e5ecc8e90e63,"Other e.g. braces, suspenders, garters and similar articles",2,No,5
e60f54b2e367619808fbc36c4089cdc4,,2,No,5
40f2c98e0de791b8425f3e7c603b8cb1,Footwear with outer soles of rubber or plastics,2,No,1
6d62b2ed126961bed81a94a2beba8a01,"Jerseys, pullovers, cardigans, waistcoats and similar articles, knitted or crocheted",2,No,67
2c66543d9c95ccaf381be8e08bb35b1c," T-shirts, singlets and other vests",2,No,67
7c8139845cae74ecd180ac64cca292bc,"Jerseys, pullovers, cardigans, waistcoats and similar articles, knitted or crocheted",2,Yes,12
589dca93fcededc19422d6c8de2a1473,Other,2,Yes,12
d4b0f734de9ff0c96e6dd830559eccf1,WEBSITE,WEBSITE,WEBSITE,WEBSITE
38cd2e184753e9e9ab6ad2b3e7ed1815,"Hats and other headgear, knitted or crocheted, or made-up from lace, felt or other textile fabric, in the piece (but not in strips), whether or not lined or trimmed",2,Yes,12
ea3c8be60694465759b5eff9a1121c90," T-shirts, singlets and other vests",3,No,9
8e18ee53c941a124b34fc13f6fa29f48,N/D,3,No,9
ea016bad303d0e3ac477d0b7d3761f94,"Coats: overcoats, raincoat, cape, cloak, ski jackets, windcheaters, wind-jackets and similar articles",2,No,19
864264b8dd0e0e61452b5dabb3775bda,"Jerseys, pullovers, cardigans, waistcoats and similar articles, knitted or crocheted",2,No,19
f950e9edd2e13997058f4cf262501ffc,Articles of a kind normally carried in the pocket or in the handbag,2,No,1
14687ea7319ba65030232cf73018fe02,N/D,4,No,7
61d3b2ebcd3fa91338c5b46c4de1741f,WEBSITE,WEBSITE,WEBSITE,WEBSITE
b2d7ea1d1c30f6238b0c7ae47679927e,Footwear with outer soles of rubber or plastics,2,No,7
31c9f37ca0b34e2c9f00e98a312b4a9d,,2,No,41
b47601733d6cb6f89aaa4056b1388e5c,"Jerseys, pullovers, cardigans, waistcoats and similar articles, knitted or crocheted",2,No,9
9de0fc1e8cdc183dd4a9fed822809c99,Footwear with outer soles of rubber or plastics,3,No,36
ea31fe1791855b87ee3f59751c6612fe,"Coats: overcoats, raincoat, cape, cloak, ski jackets, windcheaters, wind-jackets and similar articles",2,No,1
93e4fdbb2fb47a02a4766d9d9a348e87,Dresses,2,No,4
40196b6a19fe784dc1b8750dad6e2d76,Dresses,2,No,4
dd10e67fdd6ce3ffc75561d642b0b4d5,"Handbags, whether or not with shoulder strap, including those without handle",2,No,46
25d60f32b517132b327fb78744fb99ff," T-shirts, singlets and other vests",2,Yes,7
115ce500885c1440727d527cb35644e0,"Trousers, overalls, shorts",14,No,9
e96ef77141ab020fdb787ecdf120c294,"Jerseys, pullovers, cardigans, waistcoats and similar articles, knitted or crocheted",3,No,9
d4c0f7128a2dec5310493419152d5c00,"Hats and other headgear, knitted or crocheted, or made-up from lace, felt or other textile fabric, in the piece (but not in strips), whether or not lined or trimmed",3,No,9
112e757e6af48ceaab96f7bb9777e18c,,2,No,1
2837e0c804d77356a138e7fa5c035b8d,Other footwear with outer soles of leather,4,Yes,7
bafecec7c4b6a9df8de7be1adcceb178,,2,Yes,7
e40d232931ce30949b484ca155291841,"Handbags, whether or not with shoulder strap, including those without handle",2,Yes,1
11346780c0a702c7a8a56507c2b114c7,Footwear with outer soles of rubber or plastics,2,Yes,51
cbc121a3ee3b47343017a0fae4243a2d,N/D,2,No,1
53ddea77eb13c06d8473659f2406b6d4,N/D,6,No,1
9d7c939902299883acd98cdecbaf46c1,"Trousers, overalls, shorts",6,No,1
276cda5293ad9c7c9a16018e16421811,,3,No,4
4ade37d8b031372f655aa47e394feb79,"Jerseys, pullovers, cardigans, waistcoats and similar articles, knitted or crocheted",3,No,4
282c372ed508f0e551fae8f0f1c55617," T-shirts, singlets and other vests",3,No,36
973d15d2e982f881f41ae04389515e18,WEBSITE,WEBSITE,WEBSITE,WEBSITE
c5d860297ec1ec34004a0c751c3c6645,WEBSITE,WEBSITE,WEBSITE,WEBSITE
9f87adac9fc079a26cf33fe9c09ebb9f,Other footwear,9,No,9
7d0643077a0f23becd02ea3c683d478b,"T-shirts, singlets and other vests",3,No,36
a8b9acdb4a669f4dd503dfb8bf604f4e,"Trousers, overalls, shorts",3,No,36
8f09b1fb9f25984d9e03fb3a7c1145eb,"Jerseys, pullovers, cardigans, waistcoats and similar articles, knitted or crocheted",3,No,36
ccf6e79cebbfb3ef2abd20987e769467,N/D,9,No,4
4a513b43842f5354a91bd4d9b50b3ff9,WEBSITE,WEBSITE,WEBSITE,WEBSITE
bb83ed2c7c237e39b0a7de880f544db2,Articles of a kind normally carried in the pocket or in the handbag,2,Yes,1
98aff81ce7c5d364e94b5cab59256e14,Dresses,4,Yes,7
2b698ad7935ee02cf5fd22dc6fab9562,Dresses,4,Yes,7
e3050568f34110f865955146c55cf087,"Trunks, suitcases, vanity cases, executive-cases, briefcases, school satchels and similar",2,No,56
5557cb988e3bf7d920909798f5b8b3c3,"Jerseys, pullovers, cardigans, waistcoats and similar articles, knitted or crocheted",2,Yes,5
b59fb68a981477bb4ca24554963c5594,"Trousers, overalls, shorts",2,Yes,5
5e76b4a0ef7a9470bf930a74b085d0d4,"Trousers, overalls, shorts",2,Yes,5
747ad5616e8d045fe026477b35f2e873,"Jerseys, pullovers, cardigans, waistcoats and similar articles, knitted or crocheted",2,Yes,5
22fe4528de592ebc5d0a35fad95c8ec2,"Trousers, overalls, shorts",2,Yes,5
29baf3992156a1d05426ac1abd004c55,"Other e.g. braces, suspenders, garters and similar articles",7,No,24
033bb4da6486cf14f3ff06eeace657cc,Items of leather clothing & accessories,2,No,9
0d578a6fadc678c9a597ad588d0f60f7,N/D,4,No,7
87ced81717b4aecf9793446810382611," T-shirts, singlets and other vests",2,No,7
ea31f5d039265be6a66cf08e7b3f0fd8," T-shirts, singlets and other vests",2,No,7
05a0aee76ba5a66b99468f086671cafa,Footwear with outer soles of rubber or plastics,4,No,7
578a01e8c02afa945fad3afe35ac1c34,Footwear with outer soles of rubber or plastics,2,No,7
7bf79f4d70983b6b1c29f3a1d36be11a," T-shirts, singlets and other vests",2,No,7
851939b110a2ade4c37327b6a02cbb64,"Blouses, shirts and shirt-blouses",4,No,7
c1b5a743b1a7bf15519e5c137b3fa5dd,"Trousers, overalls, shorts",2,No,7
91d8573e61a262041a4d871f396312ff,Jackets and blazers,2,No,1
e948e05fda4d8266f81c73868cba4384,WEBSITE,WEBSITE,WEBSITE,WEBSITE
ca5ba0c284cc5b92103d7ca0fbe5b38e,Dresses,2,Yes,7
eeb0a06b4049153d8c9deef35a134d8e,"Hats and other headgear, knitted or crocheted, or made-up from lace, felt or other textile fabric, in the piece (but not in strips), whether or not lined or trimmed",2,No,4
717310b51ad3fe679f902e8552213ba8,"Blouses, shirts and shirt-blouses",3,No,9
b28843ba51214e929507648064b0c049,Dresses,1,No,1
9614d3e3da11f78c7eeb9fab48963bf1,Other footwear,2,Yes,5
69aba86103bbc279d85bdc59a0c56851,Footwear with outer soles of rubber or plastics,2,No,6
8fa8294da0d788fdc289a757c73925cd,Footwear with outer soles of rubber or plastics,2,Yes,1
39570f31b6b1277ad586bec5b678c0ee,Other footwear with outer soles of leather,2,No,5
ad424ee29ac811efb3bd1630b1e0a24c,"Hats and other headgear, knitted or crocheted, or made-up from lace, felt or other textile fabric, in the piece (but not in strips), whether or not lined or trimmed",3,No,14
5b5141099a1f40627a4412b3fb3f3e5a,Other women's full-length or knee-length hosiery,2,Yes,10
c5c7282cd92b2ce2bcea651a1ee3ded9,N/D,4,No,7
925ae9f943b6643d5cc43bbf82bc3efe,N/D,1,Yes,1
4fb119e7f0eed432ffc98f7df37dae73," T-shirts, singlets and other vests",2,No,1
30e7294678a560d935fdd252bfa6f0ca," T-shirts, singlets and other vests",2,No,1
4e014745ac046bc4d6dae163508c7fe5,"Of base metal, whether or not plated with precious metal",2,No,1
deb322b9e5a2b288126501092fb57008," T-shirts, singlets and other vests",2,No,1
2a2a9d8ab9b63289dd867e3d2f27b1f4,N/D,2,No,1
1611c15cfc19d1b20ffd7f1b1cecc064,Footwear with outer soles of rubber or plastics,2,No,1
aa65c83f213808074a11841d27783861,Of precious metal whether or not plated or clad with precious metal,2,No,1
67876ecdc65ccc569cec9db18ea16a6f,,2,No,1
c21bd23b9a93fb16c46e5f92adfc445d,Items of leather clothing & accessories,2,No,50
dcd7325382ca42a63deafe7f10b05e32,"Blouses, shirts and shirt-blouses",2,No,50
d26cf995af78c1b422b15aa929b80e66,"Jerseys, pullovers, cardigans, waistcoats and similar articles, knitted or crocheted",2,No,5
c8d9247b1c25e215c233d45fbf561e31,,2,No,5
130294bc4cdef48c16041dbbe425c3a3," T-shirts, singlets and other vests",2,No,14
7832a5af6e3ab3171e49a5a163ad344e,Footwear with outer soles of leather or composition leather,2,No,115
022f9c26f9a95ef2cfe077e10d2b995d,WEBSITE,WEBSITE,WEBSITE,WEBSITE
500ac907c242829e5872bd743c47c018," T-shirts, singlets and other vests",2,No,7
e52be1d692fc8828831379bc7440316c,"Jerseys, pullovers, cardigans, waistcoats and similar articles, knitted or crocheted",2,No,1
0967bf00b037dbf25e67a8cc558afc97,"T-shirts, singlets and other vests",2,Yes,5
