id,ddpsubcategory,shiptypeid,hasitemsonbag,country
7cd67657660e5fa11cb74a790675fd48,Other footwear with outer soles of leather,3,No,24
b66ab4b55ac978d75906f38ab379d811,"Coats: overcoats, raincoat, cape, cloak, ski jackets, windcheaters, wind-jackets and similar articles",2,Yes,5
faed17b5ccd359d4b091552af271da3a,N/D,3,Yes,9
c378b43bf4ed0755ebe76ddf63e16a9b,Items of leather clothing & accessories,3,No,11
36500374feb81e969acf0eb741134a68,Dresses,3,Yes,11
51ef9f16d649672dfab00b0fa190cf1f,Footwear with outer soles of rubber or plastics,3,No,24
a125924c27dfdb790d631218f84a8b05,Dresses,2,Yes,5
a2b64edd2dadc5d6e3e0a83f491a203a,N/D,2,Yes,5
c23f07cedeb8318bc389852e309c9829," T-shirts, singlets and other vests",2,Yes,5
6ccbcb69a802022b1c28e7bc5b2b8f82," T-shirts, singlets and other vests",2,Yes,5
77fa05d0a8c065916328fc597cb5efde,"Trousers, overalls, shorts",2,Yes,5
286ff70dd7cadfb1af8d515f405d1fe6,Dresses,2,Yes,1
8337d916f68a93cee6b931901e3aac43,WEBSITE,WEBSITE,WEBSITE,WEBSITE
3556daaf5da955a418accace9d7bbf2c,"Handbags, whether or not with shoulder strap, including those without handle",3,Yes,55
536df0ce50de3e0664678c1b0730f182,Swimwear,2,Yes,1
bb37d7451e19214a646517c06170c8f8,Jackets and blazers,2,Yes,1
d4df2081f4a4066409e24d8bd320d37e,N/D,2,No,4
23f8641d546ac38d826225c2d90b807f,Footwear with outer soles of leather or composition leather,2,Yes,2
88d16e4b9eb480ed94250afe0f493a59,Skirts,1,No,1
247ad042ffb81e9b32f70de52c281431,Footwear with outer soles of rubber or plastics,3,No,78
4628e5d87640436cd8321cfb9ae77e73,Footwear with outer soles of rubber or plastics,3,No,78
d3ffb734a4679a12f59960abbb24c8a0,"Trunks, suitcases, vanity cases, executive-cases, briefcases, school satchels and similar",2,Yes,1
e30efe8fe95bce155591cdecb85b209f," T-shirts, singlets and other vests",1,Yes,1
29dba5a2f8b395a0392c0e3086b10ab3,"Jerseys, pullovers, cardigans, waistcoats and similar articles, knitted or crocheted",2,Yes,1
8ec15f30f1adab5ecfa737184a156dec," T-shirts, singlets and other vests",3,No,9
0dd7fa5df9878a3512b160e11f370d72,"Jerseys, pullovers, cardigans, waistcoats and similar articles, knitted or crocheted",3,No,4
72f41f7143e6e40840187a90cebe70ba,WEBSITE,WEBSITE,WEBSITE,WEBSITE
1180b21cc2a5db0acae1c7bdbcf4c33e," T-shirts, singlets and other vests",2,No,3
25685c8d15978280d1bfbecf8420b889,"Hats and other headgear, knitted or crocheted, or made-up from lace, felt or other textile fabric, in the piece (but not in strips), whether or not lined or trimmed",2,No,5
faa8a65ed8209f26aec119dcb5e24e64,Footwear with outer soles of rubber or plastics,2,No,7
9c52a4808f62cd5282e166e7a68543d0,"Coats: overcoats, raincoat, cape, cloaks and similar articles",2,No,39
943bb8df3c88032c58946a4999b59f62,"Jerseys, pullovers, cardigans, waistcoats and similar articles, knitted or crocheted",9,No,4
2f2909fc63199f6a90e0440d9edbd83f,"Jerseys, pullovers, cardigans, waistcoats and similar articles, knitted or crocheted",3,No,9
b05363295df3f56de86c4f89577b24dd,,3,No,9
b15aab2960448bcf2cf97db0a4017c08,Shirts,3,No,9
f9e1309f157cc88828da304234725031,"Coats: overcoats, raincoat, cape, cloaks and similar articles",2,Yes,1
ed164ad78c8ace26a551661fa19d533c,Footwear with outer soles of leather or composition leather,2,Yes,1
58eda274a709699d843cac9e2cdce2b6,"Trousers, overalls, shorts",2,Yes,1
66436c1419633969515bcbd98a4a5951,"Trousers, overalls, shorts",2,Yes,1
dfbeae93ddf3e3b17cf323046765dac7,Belts,2,No,1
6d023505cd311038c3c9b26e9ebd62a5," T-shirts, singlets and other vests",2,No,3
9f8a74861ff80c83418ad4d45d79bec5," T-shirts, singlets and other vests",2,No,3
28dbd211eede0cce4ba41cfcd7005589,WEBSITE,WEBSITE,WEBSITE,WEBSITE
d8771bcd20bd3ff12ecf6aaad10580f1,"Handbags, whether or not with shoulder strap, including those without handle",2,No,31
2140b2f7f883441f9a5e01bdea5ec44c," T-shirts, singlets and other vests",2,No,31
e819d98e4b21b8adf484197155dc82d9,Dresses,3,No,9
26c16063b314d0c5458c9136bd653f6e,Footwear with outer soles of leather or composition leather,2,No,69
6cf386be7afda942f232b242dbf4e136," T-shirts, singlets and other vests",2,No,1
c1396b157468ee821c6594f7032824c3," T-shirts, singlets and other vests",2,No,50
eface886789a93e3f7bc7d973e3d4ce2,Footwear with outer soles of rubber or plastics,8,No,1
f33855218843300eb87bc4c58d9c9140,Jackets and blazers,2,No,1
b48163af21bb85c0f94aa338cfa5506a,Footwear with outer soles of rubber or plastics,2,No,2
19c622a5251d0ba7c737feba357c6410,"Blouses, shirts and shirt-blouses",2,No,5
cec89f1ab81a7421ad2fcb2ae9176fbf,"Jerseys, pullovers, cardigans, waistcoats and similar articles, knitted or crocheted",2,No,5
07a6f7f021aabd0b6a837aa90dc0eb85,"Jerseys, pullovers, cardigans, waistcoats and similar articles, knitted or crocheted",2,No,5
07f396528e435bf8a25081da74d3967f,Footwear with outer soles of rubber or plastics,2,No,1
8599f676cd923c497dea9f6f63fa9a6c,"Jerseys, pullovers, cardigans, waistcoats and similar articles, knitted or crocheted",2,Yes,19
8dce6f878986eaf2d88d1b77ed707a48,Tableware and kitchenware,9,No,4
19765458b7729bad0381c7ba199467ba,Tableware and kitchenware,9,No,4
fd352e4c79918a6ed6ed7b0da64b1a63,Of porcelain or china,9,No,4
631d4c1a11469f7c2850d3996301b2f1,Other footwear,2,Yes,1
12714d5596114ed3c921105ee1560b6f,"Trousers, overalls, shorts",3,No,4
3296f4246d85d970b5eb17897c353e93,N/D,2,No,77
027bbc2eeea5302a0653d9241895eef2,Jackets and blazers,2,No,1
dd7cdeb2a786b403e05ecba13cc29dee,"Coats: overcoats, raincoat, cape, cloak, ski jackets, windcheaters, wind-jackets and similar articles",2,Yes,1
7dc65ffdf2c6bd1a9df87067aad05d20,,3,No,9
5a3dc7cfc373503b60f6beba2c9bf727,Other footwear,9,No,29
519a3b6ae0acef477701af81e088bf22,Other footwear,3,No,14
e446f07a50433b9be61afe2111331c73,Articles of a kind normally carried in the pocket or in the handbag,7,No,4
1ff15ff3a346dd7682d50b7f9412074d,WEBSITE,WEBSITE,WEBSITE,WEBSITE
8e1113e656018321bbf54d42400151db,"Trousers, overalls, shorts",9,Yes,20
a7f6ebf58adcab545c2e103696df2093,"Trousers, overalls, shorts",2,Yes,20
91687ea9ba3b9015c825cb32f1b49a53,"Hats and other headgear, knitted or crocheted, or made-up from lace, felt or other textile fabric, in the piece (but not in strips), whether or not lined or trimmed",3,No,24
7835275396f08ddf34610b38b1f1d7d3,"Hats and other headgear, knitted or crocheted, or made-up from lace, felt or other textile fabric, in the piece (but not in strips), whether or not lined or trimmed",3,No,24
a7a107fbc691d0d63e6ce47a40fb08bf,Footwear with outer soles of rubber or plastics,2,No,77
fcfdd4f6c32faae71ce27b350a079b03,Footwear with outer soles of rubber or plastics,2,No,1
ba3d07baf7b4dae28201162e495d3e67,"Jerseys, pullovers, cardigans, waistcoats and similar articles, knitted or crocheted",2,No,1
e3c1414b381d4554f3a0705fedc4afea,"Jerseys, pullovers, cardigans, waistcoats and similar articles, knitted or crocheted",2,No,1
1be187e0a3e1ea25b4719237098a6492,,2,No,1
b81f8c78a6161a9619246f303cf351b8,"Trousers, overalls, shorts",2,No,5
f6c00c532f8a5f5dd13450da7b8e5cce,"Trousers, overalls, shorts",2,No,5
87abc06f3a74283f566dd45007b7c364,N/D,2,No,5
e2aa1fbc16d25b05b3962c6352df26f3,Footwear with outer soles of rubber or plastics,2,No,2
d8f4d77e0f9a5aba0051883826dcab90,Footwear with outer soles of rubber or plastics,2,No,11
00df875f0f75876369b0455a0620b905,,2,Yes,1
e82bae542c5f0842a5132d2c43beb2a2," T-shirts, singlets and other vests",2,No,30
f0957876d2a3ee7d2eae3721c8113959,"Handbags, whether or not with shoulder strap, including those without handle",2,No,12
73e4f2d9fc1b1b8ad3b630903615c5f3,Footwear with outer soles of rubber or plastics,2,No,4
8d72a833455a8e7693d9380d49ed0054,WEBSITE,WEBSITE,WEBSITE,WEBSITE
d8c4e577edd5082981bd10e323034a04,"Coats: overcoats, raincoat, cape, cloaks and similar articles",2,Yes,1
1e6136d9d836d17fc4a5e3664f442104,"Other e.g. braces, suspenders, garters and similar articles",2,No,1
66c1cdce57ceda81a8e61ae8fc5d02a4,API,API,API,API
72db143601a891e9d4c1ec5607312a9c,Swimwear,2,No,5
42ab33c8792e7c92d758cb816f2f7562,WEBSITE,WEBSITE,WEBSITE,WEBSITE
d1dc0525f544de28d3695c74c2441274,"Of base metal, whether or not plated with precious metal",2,No,9
29abc4c3f6370dca3b79b0e853cd8030,Items of leather clothing & accessories,2,No,57
c0cf2322ee70c98683dd8ce734e2e18d,"Coats: overcoats, raincoat, cape, cloaks and similar articles",2,Yes,5
031078692513e755f05e42cd26f06ae3,Footwear with outer soles of rubber or plastics,2,Yes,5
ee534c74635d79b68b673fda9a63ed94,Footwear with outer soles of leather or composition leather,2,No,3
181374eb9e851ed23e36de9370d2eaaa,"Blouses, shirts and shirt-blouses",2,No,36
b3a7cf47d8e034092cb25dc949af75d0,"Shawls, scarves, mufflers, mantillas, veils and similar articles",2,No,4
fe2aeec29d1db3d78e3a53c767bceba3,Footwear with outer soles of rubber or plastics,3,No,14
59da2dd93e041592700d240af46edec4,"Jerseys, pullovers, cardigans, waistcoats and similar articles, knitted or crocheted",3,No,36
6babf6559ebc185d02860ca79b1088a5,Articles of a kind normally carried in the pocket or in the handbag,2,No,11
70e48fb761d61fad9ddcbc4a1b889e68,"Coats: overcoats, raincoat, cape, cloaks and similar articles",2,No,5
747c54c803cfb9fc38603b143a98f530,WEBSITE,WEBSITE,WEBSITE,WEBSITE
0a943887fb185b0d0ddde9d51feb54ed,API,API,API,API
493de307db93e3b1ac39e8b27d98483d,,2,Yes,1
626a764ee2b39cb7ca5685a27d089305,Other footwear,2,No,1
