id,ddpsubcategory,shiptypeid,hasitemsonbag,country
e272ac54769597b6b6f9e6a54cb29ab5,"Jerseys, pullovers, cardigans, waistcoats and similar articles, knitted or crocheted",3,No,9
42cd84e7c8395f62c3728bc3ae3330eb," T-shirts, singlets and other vests",3,No,9
ad640c4a81440471de3a3e76f01c5891," T-shirts, singlets and other vests",9,No,9
9672a7007144b5b435c52438a4373d81," T-shirts, singlets and other vests",2,No,9
c516197a1273c35efdd8eac61fa2d4e9," T-shirts, singlets and other vests",3,No,9
2a6787ba646fe3d7ee0039ee528da59b," T-shirts, singlets and other vests",2,No,9
7f2e53e085068a1f86fdb633a7cbccbb,N/D,1,Yes,12
d109a9d2df38cd6f7bac3aa825047124," T-shirts, singlets and other vests",1,Yes,1
ea9b1a7d0ee1f3bd4cc4f0bfe50a7ad9,Items of leather clothing & accessories,2,No,1
09d40e9fc730082ee988e28913f06095,"Trousers, overalls, shorts",2,No,1
000739e6bc947cf2ba6e6d2d16bfc046,Other footwear,1,No,1
75e918c6e10e6d7e841e755259198852," T-shirts, singlets and other vests",2,No,21
4892b0814ca909db3fb8ca52de9df24c," T-shirts, singlets and other vests",2,No,21
4bcea7fc7e63fefb96613d32bc41db61,"Hats and other headgear, knitted or crocheted, or made-up from lace, felt or other textile fabric, in the piece (but not in strips), whether or not lined or trimmed",2,No,21
1e6cfbe05205ed8ced23fdaad09e2819,"Trousers, overalls, shorts",3,No,24
ee2a265154c559645571017a8f15192d," T-shirts, singlets and other vests",2,No,4
65638db71646a585d1310c8c9e469a62,"Jerseys, pullovers, cardigans, waistcoats and similar articles, knitted or crocheted",2,No,4
c3c5a5e79ecdcb758e2984cf8538ba0d,Footwear with outer soles of rubber or plastics,2,Yes,7
227049b7cfb0fc143d7876369d1716a7," T-shirts, singlets and other vests",2,Yes,11
681f232846ec4f939d1dcd44a2bf3e0a,Footwear with outer soles of rubber or plastics,2,No,1
bb0a972ad0bb3ec37237cfadfefbf13c,N/D,4,No,7
04a9304eb1d7ad6299bb676ed0e41d86," T-shirts, singlets and other vests",2,No,9
cc42287180d7d02a01697d1e18c259e4,Shirts,2,No,28
0f1dda4539a7e01c97d9fbdc0f603cae,Footwear with outer soles of rubber or plastics,3,No,14
50d930674cd573d0d4875cd4ba3f7c2d,"Trousers, overalls, shorts",2,No,27
e5e4e80d4fc4eed8175348f35f9022d7,Other footwear with outer soles of leather,3,No,14
e09bc0b3096dd5b8d74efd7e4b64ff06,Footwear with outer soles of rubber or plastics,2,Yes,56
76205168371b18cfe33382e325354824,"Hats and other headgear, knitted or crocheted, or made-up from lace, felt or other textile fabric, in the piece (but not in strips), whether or not lined or trimmed",3,No,9
0c46e691757057e32d5693aa06d9eac3,Articles of a kind normally carried in the pocket or in the handbag,3,Yes,4
8e1ebddb5e9c6a980d1c8ea5c692d059," T-shirts, singlets and other vests",3,Yes,27
9563ac6fb2eb1b15b400b1ddf66eb15d,"Coats: overcoats, raincoat, cape, cloaks and similar articles",3,No,11
eac2fc82c13692784564bc8ce34cda1f,"Blouses, shirts and shirt-blouses",2,No,1
d14256e10256df1b2db912d6f453954a,Footwear with outer soles of rubber or plastics,2,No,1
dd70d16fec73b3f01950390df34142dc,"Trousers, overalls, shorts",2,No,1
d3d6830da2414c4290c1b3f90a98145b,,2,No,4
9c99e48cecf27b056351766bd3e1dfe4,Other footwear with outer soles of leather,2,Yes,5
3404b97bdd07d7df673f0b0d538ba382,Belts,3,No,60
aba37d3830141c0b82b1dae3fae0c3fc,Other footwear,2,No,84
5a0ef6ce872debf29aee31f86047c67a,Shirts,2,No,10
0d2d363cc77e32a92953df79eac47c5e,"Trousers, overalls, shorts",3,No,14
c9da60a79ae946733be8dad600543c13,Other footwear with outer soles of leather,2,Yes,9
5423d9067f97655510d01995b4a5ed1e,Footwear with outer soles of rubber or plastics,2,No,1
43f532a17c5213b129f33662b12c2455,,2,Yes,1
39e8946e638a5e308e7f899b2efa44f3," T-shirts, singlets and other vests",3,No,4
e09e4f3d0aaef42a120a13528b099f72,Items of leather clothing & accessories,2,No,5
a05df7929adfbb2ceb389e317f1cbb3a,N/D,2,Yes,5
ea2334e2ae1c4965f53cf87dd4834fee,"Coats: overcoats, raincoat, cape, cloak, ski jackets, windcheaters, wind-jackets and similar articles",3,Yes,9
97e4a2d12e909d9a86026c88044ffd68,,3,Yes,9
d744b52522166c57953e857a1019c258,"T-shirts, singlets and other vests",2,No,1
30dddeab74f019e2b0107688a0d55076,WEBSITE,WEBSITE,WEBSITE,WEBSITE
e9c77588ff383b7424057d6fe917f17f,Other footwear,2,No,70
04433ac108b720fbb025669267bcaf89,Other footwear with outer soles of leather,3,No,50
de6c391139b2f5610c235cb4c83c75af," T-shirts, singlets and other vests",3,No,4
73723fa2b1b0655eeadbe229f8574deb,N/D,2,No,4
c87ece6f72d54305359d21c1b333f874,WEBSITE,WEBSITE,WEBSITE,WEBSITE
5b85ff7f0aadbe4d98a36ba54ceb33f7,WEBSITE,WEBSITE,WEBSITE,WEBSITE
b64c4eba4869bd392c951c621d9b67d8,"Trousers, overalls, shorts",2,Yes,19
b1cb0d634100844fa957adc6a6e4aa0d," T-shirts, singlets and other vests",2,Yes,19
f9e68b52969284efab57ffc0ac322895," T-shirts, singlets and other vests",2,Yes,19
7932509d7f8f5bdd41acb6301e4406d5," T-shirts, singlets and other vests",2,Yes,19
2955b67c24a65f95cb85c7c1f399ff64,N/D,4,No,7
803e7906663995c47f6e344ee6a552b0,WEBSITE,WEBSITE,WEBSITE,WEBSITE
0e733e9ade9e5124665b2b2af95b590d,"Other e.g. braces, suspenders, garters and similar articles",2,No,5
41ebfc44b87026e35501c7d462dda07f,Footwear with outer soles of rubber or plastics,3,Yes,9
42d8cdef5d35d2938ee7dd0c76cf1f08," T-shirts, singlets and other vests",3,Yes,9
2660b0579b687224dce75cfc0aef7655,Footwear with outer soles of rubber or plastics,2,No,25
963309d7c059f6be050f865680ac64b7,,2,No,1
9fe994585df35db02f10eeba17226a36,"Trousers, overalls, shorts",3,Yes,9
6ba8ac9b87459c932108d237635a7581,WEBSITE,WEBSITE,WEBSITE,WEBSITE
a18ee230cd2c87f39391803850a9c360,Other footwear with outer soles of leather,12,Yes,1
0195231def2fd412487cd0203ab97c91,"Trousers, overalls, shorts",2,Yes,4
5f2bbd2d85a519a14109169879c47c26,,2,Yes,4
6841ae21126ea121fe323755e6225c03,"Jerseys, pullovers, cardigans, waistcoats and similar articles, knitted or crocheted",2,Yes,4
86a4713e536cffe5ada8508fe5e30655,"Jerseys, pullovers, cardigans, waistcoats and similar articles, knitted or crocheted",2,No,50
b6f4e9b91c3200eae51f5c77018481cd,WEBSITE,WEBSITE,WEBSITE,WEBSITE
2d034c7f1011c82ff2bddcb69f42db36,"Hats and other headgear, knitted or crocheted, or made-up from lace, felt or other textile fabric, in the piece (but not in strips), whether or not lined or trimmed",2,No,4
e816420867c1f448c59b8a575d2aa734,"Hats and other headgear, knitted or crocheted, or made-up from lace, felt or other textile fabric, in the piece (but not in strips), whether or not lined or trimmed",3,No,4
b8041616872f00c2e2e0f48fb9e583f6," T-shirts, singlets and other vests",2,No,7
44e4e1ea72c817f73529b1fb616e8dcc," T-shirts, singlets and other vests",2,No,7
8765fc7dc7edc8b3402031bf336fa73c," T-shirts, singlets and other vests",2,No,1
5c75cf1366426888eab1c0da288aa6d8,,2,No,1
47695544e6d4583c4906ea46cf9d4fd0,"Trousers, overalls, shorts",2,No,3
1497056a76abdbac4e1d5ea9aaec6722,N/D,3,Yes,10
fa64283c30d5bb3984648b5b01c55397," T-shirts, singlets and other vests",3,No,4
c3c9d97cfc6374f063776d88fbc19219,"Trousers, overalls, shorts",2,No,19
607af3354335dc2aa691c3a8a95e4fdc,"Trousers, overalls, shorts",2,No,19
14c1245240dec53d1583493c2a2fbfd9,WEBSITE,WEBSITE,WEBSITE,WEBSITE
9783c192d925f7ed849fd33f1b043c06,"Jerseys, pullovers, cardigans, waistcoats and similar articles, knitted or crocheted",2,No,12
306fda749fddbd21bf8377f2b9ac84fe,"Blouses, shirts and shirt-blouses",2,Yes,5
3e1fb0cab594ea47d019d24d0016c8cf,"Blouses, shirts and shirt-blouses",2,Yes,5
a638eff0208221801528e6511bc2fba6,"Jerseys, pullovers, cardigans, waistcoats and similar articles, knitted or crocheted",1,No,1
58be80f9d014639b97ac7b5a22f698c9,Footwear with outer soles of rubber or plastics,4,No,7
9d5b9a611d67dd50ffa1b6f64489b11b,Footwear with outer soles of rubber or plastics,3,No,60
c2a02ee1365a0477bcc998cb3af1ad6a,Footwear with outer soles of rubber or plastics,2,No,4
ba0008f30178f977b13b056bfee9a87c,Brassi?res,2,No,1
85ace434db2231ad3c67b749d45fddeb,,2,No,1
2d2f3d3ca447a2d900ab316c943d6b22,Briefs and panties,2,No,1
b42dc3d0ecc6c5a697f59f08dad12e87,"Blouses, shirts and shirt-blouses",1,No,1
654ca2607578779834448f2a451bf0e5,"Handbags, whether or not with shoulder strap, including those without handle",2,No,7
b8dbbe1c17b6e82b102e96f8215bcfe5,"Of base metal, whether or not plated with precious metal",3,No,55
349f82e10a0c9fdc2ab72211c5522bf7,"Trousers, overalls, shorts",2,Yes,4
5f0a7a3383a6f8b0045eb21c3bb370ca,Footwear with outer soles of rubber or plastics,3,No,10
91e1ba77de8f1344341c912db6d105a5,Footwear with outer soles of rubber or plastics,3,No,10
ba8b37c2d7da9888dbe71aff12c8637b,Other footwear with outer soles of leather,3,No,9
264c694ab04048d26ffeb3a7dad910dc,N/D,3,Yes,11
0e4bf371ceff781577ac115cd20ec693,Belts,3,Yes,11
0b194af067e20780364e302aa379827f,WEBSITE,WEBSITE,WEBSITE,WEBSITE
f3f31795c0f30be803e023ccc95d81c5,Other footwear with outer soles of leather,2,Yes,4
1e91d3c55647b27e081c8e7b68b8ee27,Footwear with outer soles of rubber or plastics,2,No,30
