id,ddpsubcategory,shiptypeid,hasitemsonbag,country
b5e4b151bb643e8fb48964a76acaf84e,"Coats: overcoats, raincoat, cape, cloak, ski jackets, windcheaters, wind-jackets and similar articles",2,No,4
77b2b3cbdff3fb5e16fde1084fc519a7,Dresses,2,No,1
a9810cec011ce753700d9786d4af35fc,"Blouses, shirts and shirt-blouses",3,No,14
1e3658f7923b5891bab0cf549ce34dde,"Jerseys, pullovers, cardigans, waistcoats and similar articles, knitted or crocheted",2,Yes,10
91b207b74c78bb80c14d86f1bfd40565,Dresses,2,No,3
ec5df56908eaec648b5bc2e5b43a7ee1,Jackets and blazers,2,No,1
848323b800bcaa29b861128ec894b480,,2,No,15
a64d9fc32dcc45f2944065291b754bd2," T-shirts, singlets and other vests",2,No,15
47dd95cb8e4222d8f5feff1fdd2f1ebd,"T-shirts, singlets and other vests",2,No,15
938ac4ed3f61ceb4d25566b546d8e695,,2,No,15
5d2c45d41b6f1d128e1ab45242e2e922," T-shirts, singlets and other vests",2,Yes,2
e15a382c8b855dfff12ceb7cc0e3050f,"Handbags, whether or not with shoulder strap, including those without handle",2,Yes,1
05b2eeae06d1b040f2cc2c52eae8945c," T-shirts, singlets and other vests",2,Yes,1
fe42698022a9d7b10aa52cb2ff0f4dc3,WEBSITE,WEBSITE,WEBSITE,WEBSITE
89d7ca2634fb2bcad44d606b3ed8c123,"Jerseys, pullovers, cardigans, waistcoats and similar articles, knitted or crocheted",2,No,12
1e6be7ea00a27f4b4711daaa86c6c820,"Jerseys, pullovers, cardigans, waistcoats and similar articles, knitted or crocheted",3,No,12
4bd46dadf947a5c2cb9178e07f0a717e,,2,No,1
2971139a8486656d9928f24c33842c5d,Jackets and blazers,2,Yes,12
2845e12c9f6386d54527e661f76f25c9,"Trousers, overalls, shorts",2,Yes,12
8724d42de632da2430c80bdc1037b1d2,"Trousers, overalls, shorts",2,No,1
c2cd73a6244c6a18706ac00f8ad65385," T-shirts, singlets and other vests",2,Yes,21
7ea71fd56f666c9ad9de31f2542fdd57,,2,No,49
3d1b88b1c9fe915ff5cd3ba566b67669," T-shirts, singlets and other vests",2,No,1
68744cab12d6a7b7cd5edb3e58c1189c," T-shirts, singlets and other vests",2,No,16
a5160529370c7f967810cb74483b4492,Footwear with outer soles of rubber or plastics,2,No,1
62fbcc2fb9aba4f8ae671f46262bdb41,"Jerseys, pullovers, cardigans, waistcoats and similar articles, knitted or crocheted",2,Yes,17
c9d972731e6d4c6cbb2c4e11db0bfa14,"Jerseys, pullovers, cardigans, waistcoats and similar articles, knitted or crocheted",1,Yes,17
b0dbfbfe1311a26e329d011407f765e6,Footwear with outer soles of rubber or plastics,2,No,1
37ec4aff955cfaaa23446323cec2e040,WEBSITE,WEBSITE,WEBSITE,WEBSITE
55497199da579250fd56937c3a300687,Dresses,2,Yes,3
83ec779635dde41f432883956d1a4e87,,2,No,15
0dbb26e51564336cbd2d72cc4db7a92c,Footwear with outer soles of rubber or plastics,2,Yes,4
9590c8bc8a30858fe272f3a08ad04173,Articles of a kind normally carried in the pocket or in the handbag,2,No,21
afc12b581e479d2e8294d35c1aa9b640,,2,Yes,3
c4de3e9974a494ff9f5061c4d5a32a6a,Footwear with outer soles of rubber or plastics,1,No,1
38c634f7638925214d063a68b7f196cd,WEBSITE,WEBSITE,WEBSITE,WEBSITE
46fcf82ad13a9ccd28b78c70ad1fb477," T-shirts, singlets and other vests",2,No,12
2c5f251e0cf59903f414cd4cdec738a0,,2,No,12
30cb7d8a1ea55f55140b793d3063328b,Other footwear with outer soles of leather,2,No,3
08156ae8cd536f97ee546e68b62a646b,"Jerseys, pullovers, cardigans, waistcoats and similar articles, knitted or crocheted",2,Yes,12
f5dc2cd20fd717d3ff4d584591e4068b," T-shirts, singlets and other vests",2,No,4
08efd6b12fdcc9c238b784ca6df14c95,Skirts,2,No,16
546fe61c98d9f5bb9c737e8d72b6d610,"Trousers, overalls, shorts",2,Yes,1
229ce49f783e6e287bd5a782554b908e," T-shirts, singlets and other vests",2,Yes,1
c2804aee32fddb84a128145bb886b718,Dresses,2,No,3
fffdf7e60c6ed2e7d72d707ee3588aa0,"Trousers, overalls, shorts",2,Yes,1
bfa82ce8e0cbd624bccaf9225e386c5f,Dresses,2,Yes,7
8bb9f9f3b856bc9671164804a6bee339,Other footwear with outer soles of leather,2,Yes,1
abc5c6e0cbd74c3bd2086275bc0d0519,"Trunks, suitcases, vanity cases, executive-cases, briefcases, school satchels and similar",2,No,2
5351f07cbee0cb98519f6e7e97c6ebb9," T-shirts, singlets and other vests",6,Yes,1
5d8d2edac253c0b97ca81f374ba2d598," T-shirts, singlets and other vests",2,Yes,1
6f17dbf4a45bd60799d0af7dc2bf675a," T-shirts, singlets and other vests",2,Yes,1
a6353641aa706b7ccfeb6617b2a7c7da,"Handbags, whether or not with shoulder strap, including those without handle",2,No,19
dd9e56510426c5a01039b2a25011af58,Footwear with outer soles of rubber or plastics,2,No,14
1998fbac90ba3d671a4a08bbedc692e7,Footwear with outer soles of rubber or plastics,3,No,14
82541efeecafba731987c407f7913691,Dresses,2,Yes,2
eae88a15020faad255971676e7e92868,Footwear with outer soles of rubber or plastics,2,Yes,43
31d0eba2ea226d7add8e33a006e650fc,"Trunks, suitcases, vanity cases, executive-cases, briefcases, school satchels and similar",2,No,1
abb2e20e8dcd37bcb776ec2d77bfdceb," T-shirts, singlets and other vests",2,No,1
54d01af7cc46df945f0ef631536b3d2b,Other footwear with outer soles of leather,2,No,19
aab370002d67110ec84314312b558e81,"Trunks, suitcases, vanity cases, executive-cases, briefcases, school satchels and similar",4,No,7
2b5bed97454de482c13f67652846a66c,"Trousers, overalls, shorts",2,No,1
9d0e6f668312bb9869812127e428b74c,Other footwear,2,Yes,1
d75dc39f0f350ffc1a4a5453ed4ccde7,"Jerseys, pullovers, cardigans, waistcoats and similar articles, knitted or crocheted",2,No,4
192589249cc14ac0ce679444a7fe9092,Underpants and briefs,2,Yes,1
a31d25f5459fc51db8e4d22ca10bb22c,WEBSITE,WEBSITE,WEBSITE,WEBSITE
d7415373318f10fadfb197a4f7db06ae,Underpants and briefs,2,Yes,1
1843584ecd5b317130b54d85652c2218,Underpants and briefs,2,Yes,1
1aa8845f26c63948b839c3d3fa817d86,"Jerseys, pullovers, cardigans, waistcoats and similar articles, knitted or crocheted",11,Yes,3
308932e5161b6106e5b79b42cbc36b73," T-shirts, singlets and other vests",2,No,1
c014a05f3801690d616ab08b83c3a7c9,Shirts,1,No,1
54466a6e46094a348e16bee9059f9ded,"Trousers, overalls, shorts",2,Yes,44
995ce9284191bfbf67147fb6ed1863a0,"Blouses, shirts and shirt-blouses",2,Yes,44
e4e2b8f060873b05f950885c4af18d9f,"Trousers, overalls, shorts",2,Yes,44
924a9d24fb745eceed37eb11e69a4114,,2,Yes,39
c2843bb42ab125e117461cb117943dc1,Other footwear with outer soles of leather,2,Yes,3
1734ae7aaaf6257b5095b23930a0e64f,,2,Yes,6
3302bbc4094f2d1a01cef040b87796c2,Of precious metal whether or not plated or clad with precious metal,2,Yes,12
639b598f5808ce003ba54e0a46722cb7,"Of base metal, whether or not plated with precious metal",2,Yes,12
0801f7b56e8cec4ccedf9111fc4f4c93,Articles of apparel and clothing accessories,2,Yes,12
6bcc5f7ad3b6a7f6dbdf7e4fb76ddbd0," T-shirts, singlets and other vests",2,No,2
f3f142ccc506eb195a725a2d525226ec,Footwear with outer soles of rubber or plastics,2,No,8
afb5b9072efabe6192913e9b2e824c8f,Sunglasses,1,No,1
d6fe721e473fd2b5c05bd8f9edadaab4,"Hats and other headgear, knitted or crocheted, or made-up from lace, felt or other textile fabric, in the piece (but not in strips), whether or not lined or trimmed",1,No,1
939890c01ee49999f862a646ccd5ab0d," T-shirts, singlets and other vests",2,No,1
df87f3e7a7a4494b1e4b1a75bd4a2aa8,WEBSITE,WEBSITE,WEBSITE,WEBSITE
f1001c47f42d6fffa1cfb029a5a0359f," T-shirts, singlets and other vests",2,Yes,16
ff143dc8067339529b742cfab22876ad,Other footwear with outer soles of leather,2,No,1
9b867589a5a8539e153fd22e90afd69e,"Handbags, whether or not with shoulder strap, including those without handle",1,No,1
d81626deeca438971962014fb992f937,Other footwear,2,No,1
1b43920c5dcea61a405732aaa95828ad,N/D,2,No,1
93a0d7dd5aaa8a9a6ae279768b9cdce2,"Jerseys, pullovers, cardigans, waistcoats and similar articles, knitted or crocheted",2,No,1
e0b23a607cdb82fe0ad5b793c5cea207,"Coats: overcoats, raincoat, cape, cloak, ski jackets, windcheaters, wind-jackets and similar articles",2,No,1
ad0d2f53cd6fcfed09423491f4f8fa3c,Other footwear,2,No,4
b3d32ce55d1f1a0fef0c9316b8acb94e,"Handbags, whether or not with shoulder strap, including those without handle",2,No,1
8964f565c0859d9092453a10d9f7fc14,Footwear with outer soles of rubber or plastics,2,No,17
3bc970bab63dafb1147e58a63e86e0f3,"Jerseys, pullovers, cardigans, waistcoats and similar articles, knitted or crocheted",2,No,17
2cc579cf7cb7e80b8fc5ad18e7a9b484,"Trousers, overalls, shorts",2,Yes,12
74bfbf4ae37a7fdc76be6d2d1b124603,Dresses,2,No,16
154ade3b758e559b31b42ecc1263ba93," T-shirts, singlets and other vests",1,No,1
99538013c7be876ca91513b0888f7505,Headphones,2,Yes,1
afcad149aff4df9f319ffb33c3f351a3,Footwear with outer soles of rubber or plastics,2,Yes,1
cf10e83c1d5333108dbceef15519059f,N/D,2,Yes,1
071abc1fae90b2b1aa0a37725bc693b9,WEBSITE,WEBSITE,WEBSITE,WEBSITE
3831118e7ccfa4d81e589e97feeaa9fa,"Handbags, whether or not with shoulder strap, including those without handle",2,Yes,1
6d4b67d9ecc50aa640a55ae0cfabc93e,Footwear with outer soles of rubber or plastics,2,Yes,1
e5fcdb6209992c5cb4d39a97466f219a,"Trunks, suitcases, vanity cases, executive-cases, briefcases, school satchels and similar",2,Yes,1
64f4d6e763f3e065a818cc15b0193b15,WEBSITE,WEBSITE,WEBSITE,WEBSITE
5e35a79a7242f40a436279efcfdd3a06,Articles of a kind normally carried in the pocket or in the handbag,3,No,20
