id,ddpsubcategory,shiptypeid,hasitemsonbag,country
e25e56930192a275340454b30d20751e,WEBSITE,WEBSITE,WEBSITE,WEBSITE
8c67020a3efdedcc6092c8cdf1bf6ea6,N/D,1,Yes,1
2e6f577ffd8983d9df46fd01bd4de840,Other footwear with outer soles of leather,2,No,19
c73ed62fc538afb96370302f22003e68,Footwear with outer soles of rubber or plastics,2,No,19
0840afe29381a6119d25fedd40958cf2,Shirts,3,Yes,11
36e99f0e19d90285130698dbc444490d,API,API,API,API
dd41ec26599c1e755a8ac01e797046bd,N/D,2,Yes,1
dab9cb6018625ecfdd7b2854e4498099,,2,No,3
3cd43ff9436ec3d8e4e2c28f3a9e6267,"Jerseys, pullovers, cardigans, waistcoats and similar articles, knitted or crocheted",2,No,3
0e486000961d1d7b1d649f5959023a97,"Other e.g. braces, suspenders, garters and similar articles",2,No,1
be699ef4e0739c0cc773b78d9b149b63,Footwear with outer soles of rubber or plastics,2,Yes,45
baf2d412cc9c85891faad87970cf3933," T-shirts, singlets and other vests",2,Yes,45
1c438935bfc3cf3b6e0853af33856e57,"Trousers, overalls, shorts",2,No,5
faaa7a5fc2f003f0470108195708aa85,"Jerseys, pullovers, cardigans, waistcoats and similar articles, knitted or crocheted",2,No,16
e30f79a26bbc4379add1bc2a0fa94e07,"Jerseys, pullovers, cardigans, waistcoats and similar articles, knitted or crocheted",2,No,16
b194137d9e09a08cd6b28fdc25d71e9c,"Of base metal, whether or not plated with precious metal",2,Yes,12
815ae0b3e0decb1d9ed980f1570e5c89,"Coats: overcoats, raincoat, cape, cloak, ski jackets, windcheaters, wind-jackets and similar articles",2,No,19
18ddfca4c5822ad0d8b1bfb544fec1ce,Other footwear,2,Yes,19
c0c31a975b7d217e3d2bbefeda57160b,"Handbags, whether or not with shoulder strap, including those without handle",2,Yes,4
887796e72917ce30266fbb82ec0087d9,WEBSITE,WEBSITE,WEBSITE,WEBSITE
9cedea088cc50a4653293f65e71cd147,WEBSITE,WEBSITE,WEBSITE,WEBSITE
efb939861ee8e07af14e16c8d50a623a,Other footwear,2,No,5
3748d0ba710de14215306e9a28941950,Other footwear,2,No,5
265778920b892451f64ecab9e38fd03b,Footwear with outer soles of rubber or plastics,2,No,5
e19c15d0b7c6bcaa5fc4fafc2199b06a,"Trousers, overalls, shorts",3,Yes,14
7e2e5c0db717ca5223b2c4741584db3c,"Jerseys, pullovers, cardigans, waistcoats and similar articles, knitted or crocheted",2,Yes,16
0d8bcea6d7b61e0fd046656b3350a288,Other footwear with outer soles of leather,2,Yes,19
b07a18b1674aba8867db6ef0330fd0ef,"Jerseys, pullovers, cardigans, waistcoats and similar articles, knitted or crocheted",2,No,16
a024ddf8b9c9a2f686800dcf3c92be93,"Jerseys, pullovers, cardigans, waistcoats and similar articles, knitted or crocheted",2,No,16
f2fa21c0866888c990a46df83c534569,"Jerseys, pullovers, cardigans, waistcoats and similar articles, knitted or crocheted",2,No,16
4c4bebce4edc348dd0b213641f69df62,"Trousers, overalls, shorts",2,No,16
562aa35aabfc5a113aa6aee1fc97381f," T-shirts, singlets and other vests",2,No,15
da520ebf2888a3abf61d6baf697a8395," T-shirts, singlets and other vests",2,No,15
74badd03ab8d141fc76bd13e9e899b4e,API,API,API,API
025da365d7564cceb19024e9cd9f4783," T-shirts, singlets and other vests",2,No,7
eb7f69048e09dcc7d1e8895e6008f386,WEBSITE,WEBSITE,WEBSITE,WEBSITE
9cd420004192a4fa7fd806d566cc556f,"Jerseys, pullovers, cardigans, waistcoats and similar articles, knitted or crocheted",2,No,12
ce37be2aef8e235cf7e17d933093eae6,API,API,API,API
f4bd9807c21289afad5fc5b1da75af24,"Coats: overcoats, raincoat, cape, cloak, ski jackets, windcheaters, wind-jackets and similar articles",2,No,12
babf4b5b5ac8dcc07b8f8586914ca339,"Jerseys, pullovers, cardigans, waistcoats and similar articles, knitted or crocheted",2,No,1
f68259051a9dee119ef7499c283eb197,"Coats: overcoats, raincoat, cape, cloak, ski jackets, windcheaters, wind-jackets and similar articles",2,No,5
14e18c882acf4954f87144bcfd242666,Other footwear with outer soles of leather,2,Yes,3
0918a94f9c2e4fc713a5fb8cf01706d2,"Trunks, suitcases, vanity cases, executive-cases, briefcases, school satchels and similar",2,No,12
2138dd3882241b08628534edd48ae69c,Other footwear with outer soles of leather,2,No,5
f72b951017c366fb75b87fdd92655467,Other footwear with outer soles of leather,2,No,5
d8f44a8d84d579671ea376cbeedd2bf9,,2,Yes,3
92818d4ea92303e3d628a4365e059962,Footwear with outer soles of rubber or plastics,3,No,14
c76f675fcb0fc534fd35e3553dcc1ddb,"Coats: overcoats, raincoat, cape, cloak, ski jackets, windcheaters, wind-jackets and similar articles",2,Yes,19
f0a0c2995ea9e7b752a900fd779dcdfb,N/D,2,No,19
73f9f06e2accdaad35bf5794b1c2bf0c,"Handbags, whether or not with shoulder strap, including those without handle",3,No,9
492d8d10aeea9aeb77ee1b0ea6d11425,WEBSITE,WEBSITE,WEBSITE,WEBSITE
530657cdd6715023cda8002131e6c0b2,"Jerseys, pullovers, cardigans, waistcoats and similar articles, knitted or crocheted",3,Yes,14
c88fb94367275b7db21470b969ba7845,Jackets and blazers,3,Yes,14
b904dd512acd412cfcbbdb3c774492ab,"Jerseys, pullovers, cardigans, waistcoats and similar articles, knitted or crocheted",3,Yes,14
5102001adcdaaca9abf077d5884759d6,,3,Yes,14
5b4ca38a9dd7abe6ead25fe0614d70fe,,2,No,12
f753f8770c5d128de7e02592bc96d318,"Pantyhose, tights",2,No,12
948f2f826389a0339db567ed891597ef,Other footwear with outer soles of leather,2,No,5
b63f711515129402f9d61a003e01300c,"Jerseys, pullovers, cardigans, waistcoats and similar articles, knitted or crocheted",2,No,19
1f5804a6cd1cba3206c75df87c427593,WEBSITE,WEBSITE,WEBSITE,WEBSITE
ec86d424ace32e3c67bcd31e96ccdc81,Belts,2,Yes,12
abd404edddd3cc2e85adfde868e0fdbb,"Jerseys, pullovers, cardigans, waistcoats and similar articles, knitted or crocheted",2,No,12
ae947e5b6c17053a19bd60860d139823,"Hats and other headgear, knitted or crocheted, or made-up from lace, felt or other textile fabric, in the piece (but not in strips), whether or not lined or trimmed",2,No,12
fecb68d00069d31ae0799a7a7367135c,"Jerseys, pullovers, cardigans, waistcoats and similar articles, knitted or crocheted",2,No,12
5781499ad31b7c8f895beae400017fd1,"Hats and other headgear, knitted or crocheted, or made-up from lace, felt or other textile fabric, in the piece (but not in strips), whether or not lined or trimmed",2,No,12
0be3ca7034bc82ec925be639cfe6efbb," T-shirts, singlets and other vests",2,No,16
d2957e73718615658a5bf6126761ec39,"Trousers, overalls, shorts",2,No,16
f1471bc23e88cb9d971953f99e020188,"Trousers, overalls, shorts",3,No,4
84cf70fb73b606e539e2e7de0ba193e9,WEBSITE,WEBSITE,WEBSITE,WEBSITE
cd7f6cf8614708311ba03c03102f8910,,2,Yes,19
7e0e0c1fe174b2d2efbf5ae0e2bc3ee9,"Jerseys, pullovers, cardigans, waistcoats and similar articles, knitted or crocheted",2,Yes,19
05d72f9cf2bd35d8e22a38d8045dcc7f,N/D,2,No,1
cf8a567cdbe5d95216acd59bba3c479f,,2,Yes,17
ec972afde3cb8ff3e84ab57ffe32f8e4," T-shirts, singlets and other vests",2,Yes,17
3c2cdbc3696412bf293762771a373d6f,"Blouses, shirts and shirt-blouses",2,Yes,17
6f803f042a55684e3eb784159a5450d1," T-shirts, singlets and other vests",2,Yes,17
31c89f8b7b8ec165628c6e9464b0bff9,WEBSITE,WEBSITE,WEBSITE,WEBSITE
4fba470f08d2de3e2d876e75afe66b8d,WEBSITE,WEBSITE,WEBSITE,WEBSITE
5fe5d3eebb30816d86cfa33fdee85283,Footwear with outer soles of rubber or plastics,2,Yes,19
1cb21777377769c8b544eee12174e17b,"Jerseys, pullovers, cardigans, waistcoats and similar articles, knitted or crocheted",2,Yes,4
4671459267e7490a1c26e95ec8f78eaa," T-shirts, singlets and other vests",2,Yes,4
64b4611b97d516eedddbd421645f1c2e,Footwear with outer soles of rubber or plastics,2,Yes,12
889cd958480c2a5d05cf1ca1b9cab138,Footwear with outer soles of rubber or plastics,2,Yes,5
b001641d147d53cd9b52f7bbf3822e8c,Underpants and briefs,2,Yes,5
f4c75049f02306bfb38aaea31c4d505f,Underpants and briefs,2,Yes,5
2ef63c7e67912e378de791ddd4d10535,WEBSITE,WEBSITE,WEBSITE,WEBSITE
cff1f80697968ebedcd37a85146c3d3b,Underpants and briefs,2,Yes,5
0f85a1f9ff12292189d92402b62343be,Footwear with outer soles of rubber or plastics,2,Yes,12
3b0db712d9f3b91abee7800c985d714f,WEBSITE,WEBSITE,WEBSITE,WEBSITE
f70b78f1499b6958c87bd4b873f4f067,,2,Yes,1
d806c8ba88436b73554557a6a6d4cbd7,"Jerseys, pullovers, cardigans, waistcoats and similar articles, knitted or crocheted",2,No,1
5f2546e47fc810d46f8106d9819b3e27,API,API,API,API
1771b1ed46cfef93f707fd850dcac73e,"Blouses, shirts and shirt-blouses",2,No,5
a95bec89cb3bfed2a9352f50e73103a9,"Jerseys, pullovers, cardigans, waistcoats and similar articles, knitted or crocheted",2,Yes,47
fa184295060273c8118bd77a2f4241f6,"Jerseys, pullovers, cardigans, waistcoats and similar articles, knitted or crocheted",2,Yes,47
12a89e8befbd8389e41ae400ada96a5d,"Blouses, shirts and shirt-blouses",2,Yes,47
9984cac3eeec0b93044eca6077d56685,"Blouses, shirts and shirt-blouses",2,Yes,47
f3b9238eb18220ecfa7a6bee57af06e9,"Jerseys, pullovers, cardigans, waistcoats and similar articles, knitted or crocheted",2,Yes,47
fc7a1e446de91388a5faa48c77c08fda,"Jerseys, pullovers, cardigans, waistcoats and similar articles, knitted or crocheted",2,Yes,47
27f503ac3db5b45ebe6baa3e2325dfa0,WEBSITE,WEBSITE,WEBSITE,WEBSITE
67a96f54627ccb0e440086073ec27013,"Jerseys, pullovers, cardigans, waistcoats and similar articles, knitted or crocheted",2,Yes,47
70e8514f6b9d98e3ec6f141ebbdfca16,WEBSITE,WEBSITE,WEBSITE,WEBSITE
0f8dd7152a395a5dd57edfc0e47869ad,"Trousers, overalls, shorts",1,Yes,1
2ed885e38e776a964d4f67c207acbbe2,"Trousers, overalls, shorts",2,Yes,1
0ab27f5e7700c14c4fa80f775d9e469e,Footwear with outer soles of rubber or plastics,2,No,1
779e7ad7489c4d528e0a5b55133074b8,"Coats: overcoats, raincoat, cape, cloak, ski jackets, windcheaters, wind-jackets and similar articles",2,Yes,56
5671775060ee3c164266a108c28e3a17,N/D,2,Yes,56
b1929a91fe1a4c92c04d8540193f8238,Jackets and blazers,2,No,1
e9c58fe359a84c0a7d2da76c115cd38c,Footwear with outer soles of rubber or plastics,2,No,1
