id,ddpsubcategory,shiptypeid,hasitemsonbag,country
266dc622158d2150700d69b985229338,Footwear with outer soles of rubber or plastics,2,Yes,3
eba1cabf8230084861faa6ed8cfe035b,"Blouses, shirts and shirt-blouses",2,No,1
612993da36e471b2786fa9b3cfe114e5,WEBSITE,WEBSITE,WEBSITE,WEBSITE
3d9bfdffe58aa4ec846bc80905513bda," T-shirts, singlets and other vests",2,Yes,29
72ae798dd75fda909e39851467ad5234," T-shirts, singlets and other vests",2,Yes,1
511781bbbf610d7fd47309cbd3cee18f,"Shawls, scarves, mufflers, mantillas, veils and similar articles",2,Yes,1
a772ef5c0cd4d2cae40d3296f35520d7,"Shawls, scarves, mufflers, mantillas, veils and similar articles",2,Yes,1
e7586121a19c6324843006cb1cfa462d," T-shirts, singlets and other vests",2,Yes,1
29e60b090fb387d014ae48249cf3435e," T-shirts, singlets and other vests",3,No,4
b72c5216341604e80ac22405d2437783," T-shirts, singlets and other vests",3,No,4
f718a17518f617f5f96f7badb2c9db55,,2,No,1
b25ca0ffa8337d8d4449540e44ec5311,"Trousers, overalls, shorts",2,No,1
72ebb07c3bbadb6d0911b5f34beddba3,"Trousers, overalls, shorts",2,No,1
156afbc4f0ec702729f87954a5f5aee8,,2,Yes,3
78b6dc15db4654f34c04477fbd24fd8c,Other footwear,2,Yes,5
c4b53b96d4fc405d6e9e8e52d852e968,Shirts,2,No,4
2f70f4d568ca9b40d5b97b228c9ee736,Shirts,2,No,4
9226aad92170a843d59f6fdc9d6c0e87," T-shirts, singlets and other vests",2,Yes,12
f1ed4b874caa880188d3f3dbfc838c0d,"Jerseys, pullovers, cardigans, waistcoats and similar articles, knitted or crocheted",2,Yes,12
9252bf425d4620f9d5bdcee511f82c5d,API,API,API,API
041c00b582746b9deb32b59ac9ac3211,"Jerseys, pullovers, cardigans, waistcoats and similar articles, knitted or crocheted",6,No,1
76c2f55889fa68ce40fc6a7076a3cb58,WEBSITE,WEBSITE,WEBSITE,WEBSITE
f9400bd89d04ce8183f9b8c92f0fd079,"Trousers, overalls, shorts",3,No,4
4803b9d228a0eda833d0dda59bdb61ec,,3,No,9
546fab9fc1fb5e0004ccc57f5878278e," T-shirts, singlets and other vests",2,No,7
3d9091fe73528fc28473655b06dd3478," T-shirts, singlets and other vests",2,No,7
a1b75daa1d1d3fe6bc2c7b2c07759343,API,API,API,API
0a5ba81e481110ee357b46beb700c76e,N/D,2,No,7
eabd4a9d5c406208fb7098aa5190d17d,Jackets and blazers,3,Yes,1
64543bc89ff828ebe0b14cf1d3a80bdd,N/D,4,Yes,7
86f8cc62e830639fe3d8752fe20c8be1,"Other e.g. braces, suspenders, garters and similar articles",4,No,7
d9ebf690e9ff4e40587a0ba7aee7d1d9,Other,7,No,20
c80c6b904687d24e2913abe1c1f6cd9b,"Trousers, overalls, shorts",2,No,14
04b844691696642822384ec261660840,"Jerseys, pullovers, cardigans, waistcoats and similar articles, knitted or crocheted",9,Yes,4
bff2a112a61fb29e689f77da18bb87b3,"Jerseys, pullovers, cardigans, waistcoats and similar articles, knitted or crocheted",3,Yes,4
e3825a9deca46b2fdda86ffdf4a9ba9a,WEBSITE,WEBSITE,WEBSITE,WEBSITE
b0242ae25044efba4426250e1a3b3617,"Jerseys, pullovers, cardigans, waistcoats and similar articles, knitted or crocheted",3,Yes,4
6a631234cdd123bf83ab559c56b29226,"Jerseys, pullovers, cardigans, waistcoats and similar articles, knitted or crocheted",3,Yes,4
7a27bc275d82fe8de7226e1e95b57643,"Jerseys, pullovers, cardigans, waistcoats and similar articles, knitted or crocheted",2,Yes,4
4160a3995210556a82a3fba65df1a3f9,"Jerseys, pullovers, cardigans, waistcoats and similar articles, knitted or crocheted",2,Yes,4
bf3b12683b358eb0caf76884d3b8ea62,"Jerseys, pullovers, cardigans, waistcoats and similar articles, knitted or crocheted",9,Yes,4
20eaf1e5add87789a5be42feea9306f5,"Jerseys, pullovers, cardigans, waistcoats and similar articles, knitted or crocheted",2,Yes,4
bdfd95306eaa0a1fda47bbe1b93b157f,"Handbags, whether or not with shoulder strap, including those without handle",2,No,12
b6b21aa9cda9259833a9ce5956d6edcd,"Handbags, whether or not with shoulder strap, including those without handle",2,No,1
bca094a9c80e20418fcffee497dde42a,Swimwear,1,Yes,2
dcf056fa8748190a1999ed49d5e9b3a1,Swimwear,1,Yes,2
bfcb62a8ef436818fe92d6a76ff04703,Other footwear,2,Yes,1
f3040c97a1662dc3c6fe180f9d7e364d," T-shirts, singlets and other vests",2,Yes,1
183025ce4d0bc4ce4679d983bb7a843e," T-shirts, singlets and other vests",2,Yes,1
d52e54d1f43cbfc8fd786718a67cbe5b,N/D,4,No,7
015ed5bed92a66ee2999c503c6468546,Jackets and blazers,2,Yes,12
735e25b4dae87a0d70a1395f1518e7cf,Other footwear,2,Yes,1
37a2013748fdebc1331dd15ffa380110,,2,No,1
90e16092a53a4e9f779ad15775767b0b,"Trunks, suitcases, vanity cases, executive-cases, briefcases, school satchels and similar",2,Yes,1
fa68eebc389103a1f56a41d96f09dc3c,Other footwear with outer soles of leather,2,No,4
bbdcc2f622da50305253f13c7c9f27ac,API,API,API,API
2d9a8662db59c62d955cc8b530289076,"Other e.g. braces, suspenders, garters and similar articles",3,No,4
267f53115c4e2a9b6895c86d8d1c9e87,"Jerseys, pullovers, cardigans, waistcoats and similar articles, knitted or crocheted",3,No,14
c0f6660d358a3ccc37e69461a4ce66e6," T-shirts, singlets and other vests",2,No,19
4637a12a4a44871f427eb5027782dcdc,"Jerseys, pullovers, cardigans, waistcoats and similar articles, knitted or crocheted",2,No,19
7ba5ec0bb63d8fedce74213beea905b5,Footwear with outer soles of rubber or plastics,2,No,19
ee37f34ace5d923fe1dd30eb43979938,"Jerseys, pullovers, cardigans, waistcoats and similar articles, knitted or crocheted",2,No,19
2e47b68ff8b25c54cacda4f802a126ea,WEBSITE,WEBSITE,WEBSITE,WEBSITE
6526eaeb523aaa366f41e07844518596,Brassi?res,3,Yes,9
6e434c94e9ca5072cc5728aa7d01b669,Briefs and panties,3,Yes,9
886cf0e3ba62e9a92d7f1b7d531cf12f,Brassi?res,3,Yes,9
7696c3b80907a4aa655d910134a0de2c,N/D,3,No,9
78c15756609b195430ec74b4bf5c1704,"Jerseys, pullovers, cardigans, waistcoats and similar articles, knitted or crocheted",9,No,9
e58db592a8fa903270538e70868473e8,"Jerseys, pullovers, cardigans, waistcoats and similar articles, knitted or crocheted",2,Yes,1
703bd1260d2bdf1e4db66357c42f2ed3,N/D,2,Yes,1
35da3e06eb6e04559f376da3300e541f,"Jerseys, pullovers, cardigans, waistcoats and similar articles, knitted or crocheted",2,Yes,1
f39dc7a80b8d7a6f886628701b9a88fe,"Jerseys, pullovers, cardigans, waistcoats and similar articles, knitted or crocheted",2,Yes,1
3729fae327ea0a0d350f7a8f01c7213c,N/D,2,Yes,1
191e9a88b1357c672febb59ee3c618dd,WEBSITE,WEBSITE,WEBSITE,WEBSITE
4fdb98e4dfb9609e28c32aa9bb000791," T-shirts, singlets and other vests",2,No,1
192dd6834ff0ada914366a3a87f6e159,Other footwear with outer soles of leather,3,No,11
b9da75d381959d51300b6211f72eb937,"Handbags, whether or not with shoulder strap, including those without handle",3,No,60
820a9e7a93735a6c5647d71b561c48e8,Other footwear with outer soles of leather,2,Yes,3
0a932de67f87f53574e7480a91114127,"Jerseys, pullovers, cardigans, waistcoats and similar articles, knitted or crocheted",2,Yes,1
b77b067f44dc268ca197d8d5818b633f,Jackets and blazers,2,Yes,1
dd09f818c93d59e3e4d2f1e6640cf2a9,"Handbags, whether or not with shoulder strap, including those without handle",2,No,4
323404d5c61818e7d41ad054dc2d2a1b,"Trousers, overalls, shorts",3,Yes,11
7969706ed17fa5b3d30c74787bb664dd,,3,No,4
156971bc4001e390a95e4f7e05f7d6cf,Footwear with outer soles of rubber or plastics,3,Yes,1
ce575bcd96b3cbdb1162b921a0bd07c3,Other footwear,3,Yes,1
5572737e67162061786d16fb2838bc25,Footwear with outer soles of rubber or plastics,2,Yes,1
2eeb0893a9be0e5963ced3e7c4939f5d," T-shirts, singlets and other vests",3,Yes,1
c142ec0ce421d50557c944328c5c6534,"Hats and other headgear, knitted or crocheted, or made-up from lace, felt or other textile fabric, in the piece (but not in strips), whether or not lined or trimmed",3,Yes,1
0163a2b38b3fdd859fc899b3406be422,"T-shirts, singlets and other vests",3,No,4
ee958b17217e05e361e48fb8abfde688,Suits,2,No,4
0a8f2b063a63e09da674c3d05c096c77,Dresses,3,No,4
78c6ad694e8a726159f08f46cb0781ab,Other footwear with outer soles of leather,5,Yes,11
29985cbdb88465d98a86c3c22ec2f8eb," T-shirts, singlets and other vests",2,Yes,1
1d7ee329438ccb8a17e40775aa2a4c65,Other footwear with outer soles of leather,2,No,4
9d7f9c7f0ffd1c18eb76c5ec1d63c8c0,"Trousers, overalls, shorts",2,Yes,5
ea64c2217a026241c3c474289f81bbed,"Jerseys, pullovers, cardigans, waistcoats and similar articles, knitted or crocheted",2,Yes,5
a7e2eb92625a351e87f88a7f3ac34792,N/D,2,Yes,5
8115cd400985c36d1513cfdf763dc662,"Trousers, overalls, shorts",2,Yes,5
5cc8c5801e42a48f4743bd23d5975712,"Jerseys, pullovers, cardigans, waistcoats and similar articles, knitted or crocheted",2,Yes,5
0aa73b01847b29986cff0b2037ed408c," T-shirts, singlets and other vests",2,Yes,5
cb0f02b4c35879eddaa3201377cd7ba6,"Jerseys, pullovers, cardigans, waistcoats and similar articles, knitted or crocheted",2,Yes,5
d82024c3762d7b42fe5922a0c17661fd,"Trousers, overalls, shorts",2,No,1
78b69492310cb949d79a7f5910d3f3d0,Dresses,2,Yes,1
81d1759ec0aa17fd522a44cb3e0cf2d0,"Hats and other headgear, knitted or crocheted, or made-up from lace, felt or other textile fabric, in the piece (but not in strips), whether or not lined or trimmed",2,No,4
ae4a620eef8aa97bd0d6eca4736281a9,"Trousers, overalls, shorts",3,No,55
aa25286168b78bbee61c6b772aadbc01,"Hats and other headgear, knitted or crocheted, or made-up from lace, felt or other textile fabric, in the piece (but not in strips), whether or not lined or trimmed",2,No,1
58de2d9a1e7e7b8a03d43455b33bfb80,"Jerseys, pullovers, cardigans, waistcoats and similar articles, knitted or crocheted",15,No,4
29d70c270982f983de20ecc1f39c7dfb," T-shirts, singlets and other vests",2,No,24
