id,ddpsubcategory,shiptypeid,hasitemsonbag,country
6b309ac71fcc6d82f867665bba51b749,Items of leather clothing & accessories,2,Yes,19
f1b2fdcb6b0afe1b70e87db7cb44aefb,WEBSITE,WEBSITE,WEBSITE,WEBSITE
61e9227061e72bbb98f7c5be6ef414a5,,2,No,3
a4cc43cae05ce7264fe0a31df4b5e99d,"Jerseys, pullovers, cardigans, waistcoats and similar articles, knitted or crocheted",2,No,16
82e3fef9f4532479c04056ee1eee3237,"Other e.g. braces, suspenders, garters and similar articles",2,No,16
940c1f97e26c9ccfe9bd2b2b63ee35f7,"Jerseys, pullovers, cardigans, waistcoats and similar articles, knitted or crocheted",2,No,16
e35cac16d95d7462bbe4cd971d215d74,WEBSITE,WEBSITE,WEBSITE,WEBSITE
dee22d111efcadf7cb6876cdb54a5ad9,Other footwear,2,No,3
6eb30ddf75bc17b90a244e22b4436f93,"Trousers, overalls, shorts",2,Yes,4
e5cd6de7f82b6acfbedd387443b49177,Other footwear with outer soles of leather,2,Yes,4
e8ffe704f7317c613ec1cba19221a1ee," T-shirts, singlets and other vests",2,Yes,4
c7e72005aec5f74d6b7140733bdbbbca,"Trousers, overalls, shorts",2,Yes,4
36b1c5cf66ca9b9c644fd90d48d2d6aa,"Jerseys, pullovers, cardigans, waistcoats and similar articles, knitted or crocheted",2,Yes,4
be2beeef6777e9164b7042a8a477ab6d,"Blouses, shirts and shirt-blouses",2,Yes,4
5283fc3383533561ff40a52318de5d38,N/D,2,No,5
703192b8b7aa0b4cae10bb94ba75ebe5,"Trousers, overalls, shorts",2,No,19
41f813a2ffa08940042efa312a446231,WEBSITE,WEBSITE,WEBSITE,WEBSITE
27a7214ec976fab4b441fdb412af52ff,"Gloves, mittens and mitts",2,No,4
b33028a56f79674f303b73d25edcd529,"Gloves, mittens and mitts",2,No,4
05723655818456727fdb8b2213b55acf,"Gloves, mittens and mitts",2,No,4
b7d3dcdceec5ac7935f3e4a79d836ebb,Other footwear with outer soles of leather,3,No,9
66845d753b1d1f0062e6caef26d5f383,"Jerseys, pullovers, cardigans, waistcoats and similar articles, knitted or crocheted",3,No,27
f51a2119722503276d0bdc02993e97a8,WEBSITE,WEBSITE,WEBSITE,WEBSITE
f1b7261da13f7ffd136b6e54291a8e4c,"Pantyhose, tights",2,No,33
a96510d74cad9b0792257110796dfab7,Shirts,2,No,33
65c91b456ade2232aa628b143fab033c," T-shirts, singlets and other vests",2,No,33
373d0b43c5211615c2ec9de0ec9617b0," T-shirts, singlets and other vests",2,No,33
e727b5fbc61cd620a59c6bbe8e2057da,,2,No,33
7027d66bdfad575f07c567b9f8790a42,,2,No,33
bcf98bb3ea314a77ff5ab9e3a89d21f8,,2,No,33
16929cc39df6adf25509cf5c5c8cb6b8,WEBSITE,WEBSITE,WEBSITE,WEBSITE
aeba784e1d64787dba52c724570b477b," T-shirts, singlets and other vests",2,No,33
d03209ae0e0092940b9835f456b990bd," T-shirts, singlets and other vests",2,No,33
b4242420b8fed26f9b24600685f64114," T-shirts, singlets and other vests",2,No,33
0079c916e4207b3b87ba54cd0565ecc0,Other footwear with outer soles of leather,4,Yes,7
3587aa72e9cec88c712566e154ddb3d2,N/D,4,Yes,7
9398d4c1ebb5d3e4f09550507c17f4de,Footwear with outer soles of rubber or plastics,4,Yes,7
ef40d2ef71a893f87733cb858516f53a,,2,No,14
099cd399590d9870f534e3aee3f35a54,WEBSITE,WEBSITE,WEBSITE,WEBSITE
d5a4994c4dc7c526fe98d0408a4ecaa9,Other footwear,2,Yes,40
c388db004a390e51b4cfc3867d49c617,Footwear with outer soles of rubber or plastics,2,Yes,40
3efe981b9781289b4934f19f6844ea84,Other footwear,2,Yes,40
5c87c03a84f15fda276c42dc13150dc0,Footwear with outer soles of rubber or plastics,3,Yes,10
4bea4ecb4e99305fa4e7be4c79b7f975,Footwear with outer soles of rubber or plastics,3,Yes,10
2b6ea8b6ff2499f1fe9088ccf4187e75,Other footwear,2,No,16
603befd5dc273cd9306edd265e704140,"Trousers, overalls, shorts",3,Yes,20
0d4528a010c78f869a2ab5c413b41a42,Footwear with outer soles of rubber or plastics,2,Yes,12
912399296f07e84db038104466b83607,WEBSITE,WEBSITE,WEBSITE,WEBSITE
4ffff20ba500760a1d274112eb6aa4d2,WEBSITE,WEBSITE,WEBSITE,WEBSITE
175f0c45b447cb1abb6814ac5e75f061,WEBSITE,WEBSITE,WEBSITE,WEBSITE
757f9ee3d9bef456453825b48c2808b2,API,API,API,API
811fd3ed74565b8244da290275e7503e,Articles of apparel and clothing accessories,2,Yes,12
6ba45cf9e023c2930ffc239de17c7950,"Trousers, overalls, shorts",3,No,60
4e6977e58eb6244fe5ad951fb9b88222,Footwear with outer soles of rubber or plastics,2,Yes,5
2a13e037ae84d14e58a2455e02cffd32,Footwear with outer soles of rubber or plastics,2,Yes,12
08463efdddb925480ce04a45e9764eca,WEBSITE,WEBSITE,WEBSITE,WEBSITE
e73538323ad3a38567d6fd0b66542a84,"Jerseys, pullovers, cardigans, waistcoats and similar articles, knitted or crocheted",2,Yes,12
68690e5d0f6238280c7e90bc51385264,"Jerseys, pullovers, cardigans, waistcoats and similar articles, knitted or crocheted",2,Yes,12
6011485d23a4a42ac0355d7255d83a1c,"Trousers, overalls, shorts",2,Yes,12
c65d82c7d517f10391c80383f17e4167,"Shawls, scarves, mufflers, mantillas, veils and similar articles",2,Yes,3
cc5a156f93ee41c456a56f8d7c337d1a,WEBSITE,WEBSITE,WEBSITE,WEBSITE
b3b8eb836a2ea6479efa3f2eef845a92,Footwear with outer soles of rubber or plastics,2,No,5
07d7c8f28fa05983f11c38ccc0fafad6,WEBSITE,WEBSITE,WEBSITE,WEBSITE
500a7d085894a3f63cb68cb754c261d9,"Jerseys, pullovers, cardigans, waistcoats and similar articles, knitted or crocheted",3,No,36
5e6eacd0e0539d2bd050a470fde5c3ad,"Jerseys, pullovers, cardigans, waistcoats and similar articles, knitted or crocheted",3,No,36
c9a9f59d82ed44b5a024b650785cb6c5," T-shirts, singlets and other vests",2,No,77
b27c5e2c627448fb8c0eea9fcdbabc53,Other footwear,3,No,20
f5794f84fa4683b2fc3b69132a655255,Shirts,2,Yes,19
823802723b34a0ca6bf955e379c9d38b,Shirts,2,Yes,19
e8b146ef5161bc29b3ad5a890c0b6b5b," T-shirts, singlets and other vests",2,No,3
a1b2fdcdfc8766531de52e0a18e2819f,Other footwear,2,No,5
be95eb165a4d900d4f6dec80eb45005a,WEBSITE,WEBSITE,WEBSITE,WEBSITE
eaa80852755fce09d3f409d37e86b131," T-shirts, singlets and other vests",2,No,24
225b16f8c1de4859e1d96380c72be7a2," T-shirts, singlets and other vests",2,Yes,3
1c69bc51ae0f2cc7a4d21fbfa32dad1e," T-shirts, singlets and other vests",2,Yes,3
39d617c1e10e03a5bb6b632d664eaec5," T-shirts, singlets and other vests",2,Yes,1
8bd49b2abccfeb191cf076c7794e038b,Other,3,No,11
ad026183e2fb7edc861b43e3e9622215,Dresses,2,Yes,4
463924042fe0da920e48611b639006fe,"Trunks, suitcases, vanity cases, executive-cases, briefcases, school satchels and similar",2,No,1
3b640e68abca294043f2bac2da556ee2,"Coats: overcoats, raincoat, cape, cloak, ski jackets, windcheaters, wind-jackets and similar articles",2,No,12
2f9fb68ebdf7c044636d7bd32db813f8,"Trousers, overalls, shorts",2,No,60
2ae6cddd6cfc46510335102470e4ee2a,Belts,11,No,3
b9b50740b1f27269ced15e78ee039c35,WEBSITE,WEBSITE,WEBSITE,WEBSITE
48d3361d857b787f4d233923f7d8a836,"Jerseys, pullovers, cardigans, waistcoats and similar articles, knitted or crocheted",2,No,3
11e24a595cb2779eff6be03aff132d4b,"Jerseys, pullovers, cardigans, waistcoats and similar articles, knitted or crocheted",2,No,3
490b9ca8bfbf4d6c3f3e713b4662d825,Other footwear,2,No,14
39740d37010f691e44e8c29df7b76216,WEBSITE,WEBSITE,WEBSITE,WEBSITE
498157fb415d9d496dda1c440338b7f7,"Hats and other headgear, knitted or crocheted, or made-up from lace, felt or other textile fabric, in the piece (but not in strips), whether or not lined or trimmed",3,Yes,4
5ae84018fb877487d2226da93f4d2a75,N/D,2,Yes,1
f31f6c4d9f3448bebbc26a577103d1da,Footwear with outer soles of rubber or plastics,2,Yes,1
a4e37e2d2e9d67386a07b77889449ed3,"Jerseys, pullovers, cardigans, waistcoats and similar articles, knitted or crocheted",2,No,3
11220a86d2aa0529c75c30393ddc1807,"Trousers, overalls, shorts",2,No,3
7e2d7a3004ce1be081e48114cc6a150b," T-shirts, singlets and other vests",2,No,3
0e09c515c2c7a66acbab17c4cca36b55,"Blouses, shirts and shirt-blouses",2,No,3
f6c8d8e27118385ddb8dc65273dc1d37,WEBSITE,WEBSITE,WEBSITE,WEBSITE
48875765ae3ef6021ab5b9e5a528baed,Articles of a kind normally carried in the pocket or in the handbag,2,No,4
63d1f8f2028547ee269120d464107a74,Other footwear,3,No,9
e211ccf46aafa03133c4f2056f7197b9,Other footwear with outer soles of leather,2,No,12
0d6d0e61382d5d8d83c6b1c848d6ed88,,2,Yes,3
9fc1d0877094b52d815ae511e98177a2," T-shirts, singlets and other vests",2,Yes,3
5e91b860ff5c7cd1064c0b99214ffb57,,2,Yes,3
5a3c04980b82165fec3b9c92df38018e,Articles of a kind normally carried in the pocket or in the handbag,11,Yes,3
dcf4a225e52a944f60fe5887c10d6c02,"Trousers, overalls, shorts",3,No,27
5bde66e7d949c2b5fb24e650974fc40b," T-shirts, singlets and other vests",2,No,27
392ca88d7b4fe86b433574034431bc39,N/D,4,Yes,7
d78afd88379bc9ce9778a76e5f289a9f,Slips and petticoats,15,No,4
1dd71e868895623990711b0a8d76f080,Swimwear,2,No,4
9dbcae8170aab33b716c47d5ef1edc66,"Jerseys, pullovers, cardigans, waistcoats and similar articles, knitted or crocheted",2,No,4
