id,ddpsubcategory,shiptypeid,hasitemsonbag,country
a82caff422f66ca02e854449e3330b92,"Blouses, shirts and shirt-blouses",2,Yes,1
0a0812173647f6aadac0a2b9bbd5a97d,Footwear with outer soles of rubber or plastics,2,No,3
1b0605cfe0be58ede616434fd508b729,Footwear with outer soles of rubber or plastics,2,No,3
ac0a10409cdf21e75b36f6043970caf4,Footwear with outer soles of rubber or plastics,2,No,3
b6196ecccd7f185f7cfbb1bbacfde904,,2,Yes,1
3e072932bc8f9f56abe269d50a0977d1,"Handbags, whether or not with shoulder strap, including those without handle",2,No,69
d2d5d08878e158938644631334f5bfd7,,3,No,4
6f2372083d40ed692bc17fff9a476188,N/D,2,No,28
76792688329c72790976e5b6dbfcf100,"Shawls, scarves, mufflers, mantillas, veils and similar articles",2,Yes,5
ebdb3729e28c48df6057c882f15f1389,Jackets and blazers,3,Yes,11
2dc6b5514071916603a4bd7d65427bdc,Footwear with outer soles of rubber or plastics,2,No,18
49a5d185f9853695869fcfd93e834da2,Footwear with outer soles of rubber or plastics,2,Yes,1
df7b4dc439b973ed992c20fde0bfcecd,N/D,6,Yes,1
752ff6eef1edc3d5f4fd705a5cba3aa5,N/D,2,Yes,3
fc54507587fc749d6dd2d0ef7023f469,Jackets and blazers,2,Yes,3
ce6b2eab8046ed24c0a100ec3bcd88dd,Jackets and blazers,2,Yes,3
c363e68791bdd9d7572ffb252953431a,API,API,API,API
17bf4a02b4a256b6d9017bb1010ba3ac,Footwear with outer soles of leather or composition leather,2,No,3
eca7e22282001121edb62dac16af7a7a,"Jerseys, pullovers, cardigans, waistcoats and similar articles, knitted or crocheted",2,No,89
22da348f19f897f05adbf17cf356a167,"Handbags, whether or not with shoulder strap, including those without handle",2,No,1
1a05ca2dc329c649941d27b3453522d1," T-shirts, singlets and other vests",3,No,11
b972e17a4b4f9873e7ec635d7920666a," T-shirts, singlets and other vests",2,No,16
91c30519a1534b0bbd486b53030a2fe8,,2,No,16
195c09c181264f3312bacc62b75283bb,"Other e.g. braces, suspenders, garters and similar articles",2,No,1
8665e4b4ac1500d8b2cb253de3bdc6df,"Handbags, whether or not with shoulder strap, including those without handle",3,Yes,60
660a0b3af0a8067ebd3053ce6a72a9c8," T-shirts, singlets and other vests",2,No,40
9bde302e44eb9d9a87a7a572245c5987,"Handbags, whether or not with shoulder strap, including those without handle",2,Yes,7
699a240fcdfb1cf330b85d3bb0c3ca0b,Other footwear,2,Yes,19
63e07b71f1c3650840d1e5667f1f0439,"Hats and other headgear, knitted or crocheted, or made-up from lace, felt or other textile fabric, in the piece (but not in strips), whether or not lined or trimmed",2,Yes,19
8e6768180d1a62653f5d8d2c5b8008e4,"Trousers, overalls, shorts",2,Yes,19
814eaa178460f375903b118dfb1c5aa2,Dresses,2,No,4
60979bbe9b4d88856bfa77e1b318f261,Other footwear with outer soles of leather,2,Yes,4
e76bf8609978d3e7c872707c0a9c8190,Footwear with outer soles of rubber or plastics,2,No,12
81be470050dcd1cabff5e9664ade3624,Footwear with outer soles of rubber or plastics,2,No,12
1c52a7a7504aff50f2c773373af5daa1,"Jerseys, pullovers, cardigans, waistcoats and similar articles, knitted or crocheted",2,No,12
4b260cf39aacbbdaa1537360d5d9f30e,WEBSITE,WEBSITE,WEBSITE,WEBSITE
e05b7ede86c61797f6777a3315c22318,Footwear with outer soles of rubber or plastics,3,No,20
2229e4406d4c4bbe7b3f0ed17cbe106f,Shirts,3,No,11
1e8717e6330fbb448e72eef29986d2f7,"Trunks, suitcases, vanity cases, executive-cases, briefcases, school satchels and similar",2,No,4
88d08d94478bb1b3a8841adedffcef15,Footwear with outer soles of rubber or plastics,3,No,29
e43a327a9cafe8cd45e74799592a10c7,Other footwear,3,No,4
5ad0195917cc448430496938ab319c09,Footwear with outer soles of rubber or plastics,2,Yes,3
1dc0b2447e310a7a62a43951b863799d,Articles of a kind normally carried in the pocket or in the handbag,2,Yes,3
02a0540fa2b91710f15bf02c2541aad9,"Jerseys, pullovers, cardigans, waistcoats and similar articles, knitted or crocheted",2,No,19
ae43de0a8b466c6c49c9a03beb22ea54,"Jerseys, pullovers, cardigans, waistcoats and similar articles, knitted or crocheted",2,No,19
292f78bfb9b22c55e3e809d9c7f6f87e,Jackets and blazers,2,No,19
3775b8a370923dcded0ab3bb5c0ed642,WEBSITE,WEBSITE,WEBSITE,WEBSITE
b8fb9a99035472e9cc813845283c2dc8,API,API,API,API
5027cc266717d4bcf17d6763e59352d8,"Babies' Sunsuits, washsuits and similar apparel",2,Yes,12
3125de58a5f730f61ed6090b5834ecbc,Jackets and blazers,2,Yes,61
1df216ca32757bfd88e26235866e1cf0,"Jerseys, pullovers, cardigans, waistcoats and similar articles, knitted or crocheted",2,Yes,1
4377f98aa82bb3accb09390777df8496," T-shirts, singlets and other vests",2,No,1
4734d96c2a11f969ebd6fe91746890d3,"Jerseys, pullovers, cardigans, waistcoats and similar articles, knitted or crocheted",2,No,1
608c851584f445bb1fed4afe70a1f6e7,Footwear with outer soles of rubber or plastics,2,No,7
f38b00fb901b84ea58085ca9762f803e,N/D,4,No,7
88c2ddd62fbf49495af83e9fd604b0aa,Footwear with outer soles of rubber or plastics,2,No,1
f5249f105c44e66b235ed4814c265630,"Jerseys, pullovers, cardigans, waistcoats and similar articles, knitted or crocheted",2,No,4
2f8ee3715b1ed6599b508fe646997dd0,,2,No,61
1709a4f5675234811543edeab9ec1400,"Trousers, overalls, shorts",9,No,61
e50eb5300ad104579ac3d3d97e8bf8aa," T-shirts, singlets and other vests",2,No,61
51431ce220893dc0f59cd64646f7eeb9," T-shirts, singlets and other vests",3,No,61
94b3ab73c0c9b86b1a82c4d290fbd274," T-shirts, singlets and other vests",2,No,61
0d3ae2c31a478237730aa451248c850a,Footwear with outer soles of rubber or plastics,2,No,61
efdbb1c5156b72da0dd6b9b3798042db,API,API,API,API
8ad1a715e03b81f1238f2812f1e8e2f2," T-shirts, singlets and other vests",2,No,61
11c87583feee4afbe7d808ddb8217e81,"Jerseys, pullovers, cardigans, waistcoats and similar articles, knitted or crocheted",2,No,61
ba40600ae03983a0a906a9173d9139bf,,3,No,14
af1a6746d618f28701d81957a1c50cef,"Jerseys, pullovers, cardigans, waistcoats and similar articles, knitted or crocheted",2,No,19
38bd61395a0844db4e95cd653b0f2d79,"Jerseys, pullovers, cardigans, waistcoats and similar articles, knitted or crocheted",2,No,19
7d08a9712cd5ef6f446aa2b189b72317,Footwear with outer soles of rubber or plastics,2,Yes,7
fb03a3e8bfc823f8560de1bd22796659,N/D,2,No,16
cf0e3b6093ab32e319a9780be0776675,"Of base metal, whether or not plated with precious metal",2,Yes,19
c99ef178cf578b4d81db4167e5d1acc8,"Trousers, overalls, shorts",4,No,7
baf037ce63b401bb0b41992c1f3be573,Skirts,3,Yes,14
997659faa6e75a560048454e57e43770,Footwear with outer soles of rubber or plastics,2,Yes,11
4956f40a5ff2e80efef95b01706e5be5,"Shawls, scarves, mufflers, mantillas, veils and similar articles",2,Yes,12
cbc9d5b582441ecbd134b66134120882,"Trunks, suitcases, vanity cases, executive-cases, briefcases, school satchels and similar",2,Yes,12
b6748b513ee8018ba1d2a9b1eb1cc1ff,"Jerseys, pullovers, cardigans, waistcoats and similar articles, knitted or crocheted",2,Yes,12
edf0c431aa0dde3e3a71a0c2ec1c768a,"Trousers, overalls, shorts",2,Yes,12
d02ee5f79627aadfd95b1669bbac9ae7,Footwear with outer soles of leather or composition leather,3,No,14
7acdd427a32a03558c2ca78df07e0802,Other footwear,2,Yes,19
c067bcd9ac55262686f4ae29b9432383," T-shirts, singlets and other vests",3,No,9
8c22e13bfd221a35ede3a349c0c588c0,"Handbags, whether or not with shoulder strap, including those without handle",2,No,4
5355a6dead6a38f1885e99467ef24369,Footwear with outer soles of rubber or plastics,3,No,24
f3513a4970544302e46480fb6961e438,"Trousers, overalls, shorts",2,No,16
4bc79d00841b22b81b224d64d546ddf7,"Coats: overcoats, raincoat, cape, cloak, ski jackets, windcheaters, wind-jackets and similar articles",2,Yes,19
812e0ba83a80d106065d89ce8f67d50f,Other footwear with outer soles of leather,4,No,7
1c972f3346d594ebd1da63fdaa785d13,Footwear with outer soles of rubber or plastics,2,No,16
5e6cd01a7e5713b6cdb6c2300e525e09,Footwear with outer soles of rubber or plastics,2,No,24
d97aaea0cfb0979d7455f0e133e3a251,"Blouses, shirts and shirt-blouses",2,No,46
8ae05df5fc25fe8ad40887f3da8ff2da," T-shirts, singlets and other vests",2,No,12
c62efc2040b1c18e100176029bd2c6ff,Other footwear with outer soles of leather,2,No,5
cc09b6949ce9e55e999dd4ce1ea7961e,Skirts,2,No,5
0f1acebdac6bf2c862ff046dae972b25,Other footwear,3,Yes,27
893da84afe2462182d8c7681d1ec1ed0,"Jerseys, pullovers, cardigans, waistcoats and similar articles, knitted or crocheted",2,Yes,4
ebca474959a0170281dc4f102a242caa,"Trousers, overalls, shorts",3,Yes,4
89cf751bd2cd9607dd4995a1adf1b492,"Shawls, scarves, mufflers, mantillas, veils and similar articles",2,Yes,19
3e8461d28a099b5f65ab5e4cc8562bc4,Articles of apparel and clothing accessories,2,No,19
3163427521c863825b037fe94f0b2a10,"Of base metal, whether or not plated with precious metal",3,No,4
f0439c3d7bd4e21c95cf1f0a925d7536,"Trousers, overalls, shorts",2,No,69
4e11f14f2b34822abc2292a2639b21d7,"Blouses, shirts and shirt-blouses",2,No,69
5bc7bdbee0dee94d43b15ea2f3adf84d,,2,No,51
e5669320a4c116ce1909fcafef8fbc62,"Shawls, scarves, mufflers, mantillas, veils and similar articles",3,Yes,9
e47f387074ff93b176aaffac4edaa328,Skirts,2,Yes,9
19d67a4c3810329639539718795d5294,"Gloves, mittens and mitts",3,Yes,9
a990bdf8f431c9f8c7ac4d75954a5d79,"Trousers, overalls, shorts",2,No,5
c54416c1ba2335b6cb45d8fd4f7271f2,Articles of a kind normally carried in the pocket or in the handbag,2,No,5
00bc386c436adbf22b13a4e02dd38c9d," T-shirts, singlets and other vests",2,No,5
