id,ddpsubcategory,shiptypeid,hasitemsonbag,country
0de8284afc183a79ddf6ff119c68ccad,Sunglasses,2,No,39
a553fdb0087d5a2221c9f70495a13bd9,WEBSITE,WEBSITE,WEBSITE,WEBSITE
6e055440636763a749148af96cc8d8b1,"Handbags, whether or not with shoulder strap, including those without handle",1,No,1
c0e0da2c435395aa52ddb79f94af4bce,N/D,4,No,7
68126b4d74c66b13bff2571c2bf566ac,"Coats: overcoats, raincoat, cape, cloak, ski jackets, windcheaters, wind-jackets and similar articles",2,Yes,1
7ecee80ca088ae7726d7c963a2e3beda,Jackets and blazers,2,No,5
c9c5bb7fcd962dd6e1c67e7c15a9e807,"Babies' Trousers, breeches and shorts, except those imported as parts of sets",3,Yes,11
09b17c81a0a968d05a3cde039c7adb51," T-shirts, singlets and other vests",3,Yes,60
5e6240c21d868184de5b6f60c5d66d1f,"Coats: overcoats, raincoat, cape, cloak, ski jackets, windcheaters, wind-jackets and similar articles",2,No,19
05964ada0c931fee2450dab3b99dc57a,WEBSITE,WEBSITE,WEBSITE,WEBSITE
f90aefb3c37133b7d2e0e26c25451ea4,WEBSITE,WEBSITE,WEBSITE,WEBSITE
0470b943838a7f67106f2b87f21b9845,Other footwear,2,No,5
0958ac63ac1794dbdbab355079600677,"Jerseys, pullovers, cardigans, waistcoats and similar articles, knitted or crocheted",2,Yes,1
611ca977fd61e47efb3f3e06d7ece8a1,"Trousers, overalls, shorts",3,No,20
50a04f836ce93cca603e639d6ee2b446,"Babies' T-shirts, singlets and similar garments, except those imported as parts of sets",2,Yes,15
b0424dd33e2a39da4364879f77ce0322,,2,No,1
3b8af3816660b978dbbff7a234a4c376,Other footwear with outer soles of leather,2,Yes,5
2b5dbb2ead5a64968ad0b6ff07e69a83,"Trousers, overalls, shorts",2,No,6
acb80815e691b3ecc2a104a12fb5930e,Other footwear with outer soles of leather,2,No,1
f3ca86c6d80cde7007d6a0f0d04c456f,,2,No,4
25a4ec791fdd3107fe12da0d54627284,"Trunks, suitcases, vanity cases, executive-cases, briefcases, school satchels and similar",2,No,4
67eb1feaa9d51a498493c2d615ee48fa,API,API,API,API
35c675c26de6948af5d93f9b155870a4,"Trunks, suitcases, vanity cases, executive-cases, briefcases, school satchels and similar",2,No,46
59d12a1624e6015647137974aff649f0,"Blouses, shirts and shirt-blouses",3,No,4
5130617df070b5a541d6bcc0629b7702,WEBSITE,WEBSITE,WEBSITE,WEBSITE
8c9c82ec7fca31888c3ab1cba43c9b2e,"Handbags, whether or not with shoulder strap, including those without handle",2,No,19
d9772c77d97c266eab1db2b5e80735dc,Dresses,2,No,19
25b4ed7e9fe7f75146b4c7146c0aa590,"Trousers, overalls, shorts",2,No,4
c4d8d8818ed75893369e649966406ecf,"Trousers, overalls, shorts",2,No,4
53898785ce670f9da22afa856e4cf884,"Trousers, overalls, shorts",2,No,4
1317476d744fed08cc52af28dc97889d,"Trousers, overalls, shorts",2,No,4
e3171a971a8f843428943ac5d9104f7e,"Trousers, overalls, shorts",2,No,69
ea3ccb88a6641818202df539e6406d29,"Trousers, overalls, shorts",2,No,12
fd8a3eeb2f8f74392bdfe4341f3cef7b,"Trousers, overalls, shorts",2,No,12
1ecec03d76607f9c59ebf6fcc53e1919,"Blouses, shirts and shirt-blouses",2,Yes,4
101537fd45079f0430eb36315ba44471,N/D,9,Yes,4
76c7114dbf8c2972f816cf3a6c8e5c11,"Trousers, overalls, shorts",3,Yes,13
a8343e45f60c7a6a272f60076a2a591b,"Trousers, overalls, shorts",3,Yes,13
45a0e922e756650743017b22dafcea20,Footwear with outer soles of rubber or plastics,3,Yes,4
e5fae71b57984cd6fbf0a3e2e65dac58,"Pantyhose, tights",3,Yes,20
cce9331deb9796f76e04ce7c6ad9c8fb,"Handbags, whether or not with shoulder strap, including those without handle",2,Yes,19
0d1dfc7b886d2f006514569b4ef2c365,"Handbags, whether or not with shoulder strap, including those without handle",2,Yes,16
1410ebae8c7f84123d959036736ec27a,Articles of a kind normally carried in the pocket or in the handbag,2,Yes,16
e0c5fb6053865deed7e8a82a207173e1,Dresses,2,Yes,39
76cbc61fef9efddff81fc941e51dff9b,WEBSITE,WEBSITE,WEBSITE,WEBSITE
37deecab8074ecc9457b5768b02b0eb3,"Trousers, overalls, shorts",2,Yes,5
16eeab4cecaa25d5afa05c298cf20ce3," T-shirts, singlets and other vests",2,Yes,46
8d8123fe5bbe03a20fa71b2ea272e47e,Footwear with outer soles of rubber or plastics,2,Yes,46
172d9b221d16f6c27260de4daf87526a," T-shirts, singlets and other vests",3,Yes,9
2a775f6f1f6ae424009944f383b3e40e,"Coats: overcoats, raincoat, cape, cloak, ski jackets, windcheaters, wind-jackets and similar articles",2,No,44
5aedd1134ca240dff3116da6379dd14b,"Coats: overcoats, raincoat, cape, cloak, ski jackets, windcheaters, wind-jackets and similar articles",2,No,44
570621f01f74b4e710ae8fb2a01ecdeb,WEBSITE,WEBSITE,WEBSITE,WEBSITE
4dd66e1a0600d4e59ed78f58e529e19e,Footwear with outer soles of leather or composition leather,2,Yes,4
402b13412f1804e016f79b6578ab24f6,"Trousers, overalls, shorts",2,No,57
6fdd39ed6a381981ea807d8166f30e38,Other footwear with outer soles of leather,2,No,57
079ccd61950c62a190067ecc38b30a31,N/D,2,No,1
69bcb13e68cb2bd8a0668bd983f87936,Other,2,Yes,12
252d31688fc0afb1d92bd884d2ad0cab,,2,Yes,1
efde53bbb786cc8552dd5c85a8fbc076,"Trousers, overalls, shorts",2,Yes,5
58b724dc6100e07e8f52eb8270fbb797,Swimwear,2,Yes,4
1e15e5143d3aa45792f00dedf06f6e7d,Footwear with outer soles of rubber or plastics,2,Yes,1
25e3b5d6d9e42256ee13449456106bef,Footwear with outer soles of rubber or plastics,2,No,40
6c587e42f7cf3f2225e2be048ee2682f," T-shirts, singlets and other vests",2,No,40
4092cce6014949383c30988c71d1e468,,2,No,40
a80a7235d3c8468a70a31869273c5ae0," T-shirts, singlets and other vests",2,No,40
062915eb4587942cde6774d65c9ddffc,"Coats: overcoats, raincoat, cape, cloak, ski jackets, windcheaters, wind-jackets and similar articles",2,No,3
f3f0c627a4689b981680041cfc430c94," T-shirts, singlets and other vests",3,No,4
0080bf52b83308d6c765f4d18b409303,Footwear with outer soles of rubber or plastics,2,No,40
1e0d0d485b7fa190d89dbc3875d7fa36,Other footwear,2,Yes,19
6a17fb99a957e667ef20338958e68594,"Handbags, whether or not with shoulder strap, including those without handle",2,Yes,19
4211d383284fc3a299729a3bf9802132,Articles of apparel and clothing accessories,3,No,4
372374eb4cad8bfee02a74ea6716e65a,"Trousers, overalls, shorts",2,No,4
a0741c15180fc9d2c0d16a879f87598e,"Trousers, overalls, shorts",2,No,4
a8777045b919aa3c5a01cd3e7f7d925f,N/D,3,No,9
b302b41f7955178e1f7b5464e1e6db13,Other footwear,2,No,1
cb01af9a9947351d8a295e426a435bf9," T-shirts, singlets and other vests",2,Yes,16
9c898abb595331ba6c3c509479dca564," T-shirts, singlets and other vests",2,No,61
a8beef0939bf2e4625c8ec47b660a7dd,Footwear with outer soles of rubber or plastics,2,Yes,2
b975113567d970be65d68f8dae90e3ee,Articles of a kind normally carried in the pocket or in the handbag,2,No,3
aba973fde10ead09adc17c6b10deb1ab,"T-shirts, singlets and other vests",2,No,3
18a860e6d216eaa708992ab57b2692bc,"Jerseys, pullovers, cardigans, waistcoats and similar articles, knitted or crocheted",2,Yes,10
a7b80b5b2ac15ba817968f2dc371438d,Other footwear,2,No,24
cd9959ebe241ea53dde0bd7241026d4b,,2,Yes,5
905b63aca0d8b45f195f3044b5db9a20,"Of silver, whether or not plated or clad with other precious metal",2,No,32
fd39d66da75d2bb6f30fab6dd7102333,Footwear with outer soles of rubber or plastics,2,No,14
3c872593f10899e9f7b198b625756e9b,"Trousers, overalls, shorts",2,Yes,1
7b5bcd205a6a899a54e7d6e105daea95,"Jerseys, pullovers, cardigans, waistcoats and similar articles, knitted or crocheted",2,No,16
67f4cd85d4f83499ca85747dabff41f4,Swimwear,2,No,16
5430bf00b05ee73f17cb49fc0dd3c0b6," T-shirts, singlets and other vests",2,No,16
e31891dbe4c99f217341956a9b784e42,Articles of a kind normally carried in the pocket or in the handbag,2,Yes,15
c74fa37141480d41ea1f4ba6422ffaa2,WEBSITE,WEBSITE,WEBSITE,WEBSITE
4ffaf6b2acaed875d66877fc96c87db9," T-shirts, singlets and other vests",2,No,56
9cec56066f05cc0a452fa5e9550eeecd,"Trousers, overalls, shorts",2,Yes,69
069d4c9f4b0bdc0b54a340fd5f3585bc,Other footwear,2,Yes,5
d25767faf697199f99f0eef241b78226,WEBSITE,WEBSITE,WEBSITE,WEBSITE
7d2a12260a9fa92d04d052cd1a51e672,Other footwear with outer soles of leather,14,Yes,9
21880ceac0c280c67d792ab27fe538c5,"Handbags, whether or not with shoulder strap, including those without handle",2,Yes,19
479f04973faab89d57bd7960d209ab1b,"Handbags, whether or not with shoulder strap, including those without handle",2,Yes,19
9af5d558975a0514ae2c6738d376d964,Other footwear,3,Yes,4
4ab429b10ca5588c410547d0e2a91740,"Hats and other headgear, knitted or crocheted, or made-up from lace, felt or other textile fabric, in the piece (but not in strips), whether or not lined or trimmed",2,No,1
636c7ae2d7fba77afd010b5aff97224b,"Jerseys, pullovers, cardigans, waistcoats and similar articles, knitted or crocheted",2,No,1
4757ac328a5363597712ecb460569717,Footwear with outer soles of rubber or plastics,3,No,14
117ec9757a6754b7ebd5c7a6f3be8713,Articles of a kind normally carried in the pocket or in the handbag,2,No,1
3b33ecc24864471486e60c403baba4b4,,2,No,19
ffa8c3a08e364534d7d8b44582079571,WEBSITE,WEBSITE,WEBSITE,WEBSITE
175a43dc1dfe4762a971ee0f294e07cc,"Trousers, overalls, shorts",2,Yes,55
18db784452ef5863f054279022a9b5fd,"Babies' T-shirts, singlets and similar garments, except those imported as parts of sets",3,No,9
15d9d325b59c4f6299b60eae3b9789e9,Other footwear with outer soles of leather,2,Yes,1
