id,ddpsubcategory,shiptypeid,hasitemsonbag,country
67264af79b649d333cc0f7fb78f7f898," T-shirts, singlets and other vests",2,Yes,5
126f17c78034318526bafd84dafee168,Footwear with outer soles of rubber or plastics,2,Yes,12
e18156ff070406ad82b3d453ca1c1fbc,"Trousers, overalls, shorts",2,No,1
8eec558af7402c666199afc0fe2760cf,"Jerseys, pullovers, cardigans, waistcoats and similar articles, knitted or crocheted",2,No,1
020d98ea3fd2c07a89a9013f6501cdf3,Dresses,4,No,7
e3a519b629b1c5a90e43a91f2857c25a,Other footwear,2,Yes,10
715da023b6b05f8493a61a50ec9c4b0d,Footwear with outer soles of rubber or plastics,2,Yes,3
c5c0dc05cd6330c83efe4b53d1e1ce57,"Trousers, overalls, shorts",1,Yes,27
d7c598aa36e7b08776011de6e7a1a6d1,Suits,2,No,1
b6ad2357d91e7add59f2e98d62a6e935,Skirts,4,No,7
c8c39a2476bf14cfe0d8e66a56b84041,API,API,API,API
b7ac258524b62162540e7534f4260e20," T-shirts, singlets and other vests",2,No,23
512c9051fde77fb5b1ec11cc45239aac,Shirts,2,No,23
0d31cfd343ed87cf5630900c35463714,Other footwear,2,No,23
c3df7cf4a6fdd8306977cfa5d597fa2d,"Hats and other headgear, knitted or crocheted, or made-up from lace, felt or other textile fabric, in the piece (but not in strips), whether or not lined or trimmed",2,Yes,9
3e17fb37ecf88347b53d8e1d59f2a1b3,Jackets and blazers,2,Yes,3
87b1bdb31646541eac65a757177f17db,Footwear with outer soles of leather or composition leather,2,No,1
0c817fa2bab287969230dc4618dbc0e1,Other footwear with outer soles of leather,2,Yes,25
79bbf58b81bb9940a71705347cd202aa,Skirts,2,Yes,1
56d76b390e9977470bde95356adb51cf,N/D,4,No,7
f3d80d2875e78396afeec26a033c107e,Dresses,4,No,7
4768a41fcdd69c671fef3705d5a8065d,Dresses,4,No,7
7cbe2e506d6e4d246140ff463bc322f4,Dresses,2,Yes,1
bb592dc5c2bd5cabb66761a8bac13786,"Handbags, whether or not with shoulder strap, including those without handle",2,No,4
589ee0f1a0ea9fb8f0062887c234db12," T-shirts, singlets and other vests",2,No,4
b78f337b9dc51b241b76bc67edea851e,Other footwear,3,Yes,11
a33db5a909adbfce2ab057264141c8e9,Other footwear,9,Yes,11
437e3c2abe5410f22d3a9838d6cacf45,Other footwear,3,Yes,11
853d42aa00793c1021791c2cecb5231b,Footwear with outer soles of rubber or plastics,3,Yes,11
114faa047aff7429bec3c5c6317ae82c,Other footwear,3,No,14
b660923f08e125e73e9d835d1af194e4,Footwear with outer soles of rubber or plastics,3,No,4
8a9c81aca7268690ab27d58cdd5f4431,,3,No,4
3836d9276036c5aaaed77386734af451,WEBSITE,WEBSITE,WEBSITE,WEBSITE
daaa63f85e881214eb8b8d9f9254f906,Footwear with outer soles of rubber or plastics,3,Yes,11
409f2455922984052e7e9b7edec42f6a,Footwear with outer soles of rubber or plastics,3,Yes,11
0d311caf17c3626bf22380dac2d9dc00,"Other headgear, whether or not lined or trimmed",3,No,22
103425f37556a1047937b49a8c569785,"Coats: overcoats, raincoat, cape, cloaks and similar articles",2,No,4
07d6acfbd3e0f6baa1a05c48590d4264,N/D,2,Yes,9
f958ea1939a0539d582d4535fbfe9d1e,API,API,API,API
f66c903dd1e405d8986ec6fd0594d159,,2,No,4
3c689822d44e4c9b05d64c2ce60e0ef3,,3,No,4
75e8c2709646b7512e24310af141aa22,Other footwear,3,No,14
d429c4910fe6a36ff7dd55216c945eda,WEBSITE,WEBSITE,WEBSITE,WEBSITE
bc15e42e5b8dde2ff2100f78fc1e5fe0,N/D,3,No,4
7d0d9fefe8c958027dddd436387c1ffc,WEBSITE,WEBSITE,WEBSITE,WEBSITE
bf24bf1fefe15b8ffdaca7211f5a3c3c,"Trousers, overalls, shorts",2,No,24
88e5ab76b079cf49723be271bddd8fab,WEBSITE,WEBSITE,WEBSITE,WEBSITE
9387689766f2f9d98c7bd8522dcd78aa,,2,Yes,19
fc57eb13d693c12f035ee44c9d1ddbf4,"Jerseys, pullovers, cardigans, waistcoats and similar articles, knitted or crocheted",3,No,36
ac9ec0e988f44e26f151261ea446a4b0,"Jerseys, pullovers, cardigans, waistcoats and similar articles, knitted or crocheted",2,No,1
2bac8e83bc3776e333e5ec44fb05b12c,API,API,API,API
fadff17611f0f7128e2e7d995b0b083b,Other footwear,2,No,1
f0ce4b66cdde2fc6e718c6813cf6be9f,API,API,API,API
cb607d8ae441e5a297654ec9f5f5b884,Other footwear with outer soles of leather,2,No,10
7790239c9d3dd9d1ac437749d7a09643,Footwear with outer soles of rubber or plastics,2,No,14
411f3bcf110d1a3207eaa0155515b2b1,Footwear with outer soles of rubber or plastics,2,No,1
982c38380b15911b7c0cf9a774ebcb85,Other footwear,2,Yes,1
7e2f0884603561ce51c07347c5659e33,"Pantyhose, tights",2,Yes,5
e7a45fdce63c63917d9f503d56d5a189,Skirts,2,Yes,5
73e2bf78acfebc5d5524f1a27eb4a7c1,WEBSITE,WEBSITE,WEBSITE,WEBSITE
a57bfa99eadbe70d852112e486a2f1fd,WEBSITE,WEBSITE,WEBSITE,WEBSITE
74c860e21ef817bc9d4e43be76c6c485," T-shirts, singlets and other vests",2,No,4
a136849c133d3404205a415a78d382ee,"Other e.g. braces, suspenders, garters and similar articles",7,Yes,4
d3e097a16b399ae1c72a4e8f6f41931d,WEBSITE,WEBSITE,WEBSITE,WEBSITE
121b81f7d167ca2c24fdab4f044048f8,"Handbags, whether or not with shoulder strap, including those without handle",2,Yes,24
d10fd1dddedab8feeb5883c973277474,Footwear with outer soles of rubber or plastics,3,Yes,20
9897f910b99ac7966bc5b6e3dfd77881,"Handbags, whether or not with shoulder strap, including those without handle",2,Yes,20
8ecb4b4cca9c1d5d2bae2492058bdbab,,3,Yes,20
eb3014ef564c5f16223f484c4d25ece0,Items of leather clothing & accessories,2,No,4
fc1bb7097b611ea1be7b0dfe9d908428,Swimwear,2,Yes,7
850162c6a8f46758ec3a33c28a22958f," T-shirts, singlets and other vests",2,Yes,7
1328df546761d7a075cd5bb654edcbc9," T-shirts, singlets and other vests",2,Yes,7
c1a2f24b7564c5d1fc9ec8e052a4fa7e,Other,2,No,1
9831bdcdad5aba91e50868a21924b2fe,"Of base metal, whether or not plated with precious metal",2,Yes,4
bb6698d3372fcfd6a5cbea65e8bbbce1,Other footwear,3,No,10
89ddb6bf62025ca927ee2bf19634f754,"Jerseys, pullovers, cardigans, waistcoats and similar articles, knitted or crocheted",2,No,7
b4c65902f9d6cd0d19e67b52e4630bfc,Footwear with outer soles of rubber or plastics,2,No,7
087945948092ad4ae3a0ea4c9fb8875b,WEBSITE,WEBSITE,WEBSITE,WEBSITE
32da2d7342191317be7249b1908135cc,,2,Yes,4
242fbb06deef395f761790e5c04e64f3,Footwear with outer soles of rubber or plastics,2,No,1
b520755d2fec383f456636728d0f6bb6,"Handbags, whether or not with shoulder strap, including those without handle",2,No,1
d560eef0c3eee51003cf02374ad716aa,N/D,4,No,7
7c2e3ac1332c08718c96f73278cd9bd3,Other footwear,4,No,7
6bd93ddb21646ad76f99ca8af4fb5476,Swimwear,1,Yes,1
0a8035fb0f1ce7236a41238e057554d4,WEBSITE,WEBSITE,WEBSITE,WEBSITE
66693e4641ea4be0baab81269d9782fc,Dresses,2,Yes,1
03d9184e39cde0f7c3a36227d1bb2563,API,API,API,API
0dd8a8831c13f9c77c55932373aa2a83,"Blouses, shirts and shirt-blouses",2,Yes,1
e6f1a6600a1d104ce45c71612f9dfbc8,Swimwear,2,Yes,1
d304c6b259dc66392b51eeba3cd039b4,WEBSITE,WEBSITE,WEBSITE,WEBSITE
d0adc8a1227de19a392691adc72ee5bb,API,API,API,API
725bf3c236432039c310abb948fc2608,WEBSITE,WEBSITE,WEBSITE,WEBSITE
4b8592181cfc59408885bf0c7b1dbc45," T-shirts, singlets and other vests",2,Yes,1
ca33ffc346afd2eef16e710421e36f21," T-shirts, singlets and other vests",2,Yes,1
26388e4bde45c38355d611e323942347," T-shirts, singlets and other vests",2,Yes,1
61aa1b149f8836094e2c780ffcd02e3c,Swimwear,2,Yes,12
1f757555ea78a959e2aa6876b0be03a9,Belts,8,No,1
29f27ffb0411451a73a82e37f6fe8156,Footwear with outer soles of rubber or plastics,1,No,1
49f3a4b0efba6cbb9b6e0315546800a1,Footwear with outer soles of rubber or plastics,1,No,1
bef35161cc0d1739f241c7a19398809e,"Coats: overcoats, raincoat, cape, cloak, ski jackets, windcheaters, wind-jackets and similar articles",3,Yes,29
7771e159d502a508dfdc82df1d69df9c,Shirts,2,Yes,56
db80be8fab6719a10c30a9e09ee32688,Other footwear,3,No,9
1e76088ca8b0ac2c2c93317a6772d829,Other footwear,2,No,7
b2f4863b540305b5cb0f343870cb5551,"Shawls, scarves, mufflers, mantillas, veils and similar articles",8,Yes,1
5c514e9f31c908bee4a9fa88fdb110c9,"Blouses, shirts and shirt-blouses",2,No,4
cfa5a60365e2083c9357be98e43a8103,"Blouses, shirts and shirt-blouses",3,No,4
05220c743f07ec1eff23204ef781a303," T-shirts, singlets and other vests",2,No,30
ee4fedc926e56331a106c35b688b3843,,2,No,30
