id,ddpsubcategory,shiptypeid,hasitemsonbag,country
9b9ea2478bb2fe67c5a5ed5e4c450a50,,2,No,15
cd5c70a4a62af49e999a1b53562b8ca3,Other footwear,3,Yes,4
79455e981b40f5af04ca6570c59099c8,N/D,4,Yes,7
875d168a074f8e8b871035132b46ab34," T-shirts, singlets and other vests",2,No,3
570813ed10720c2fc6e0e07cf4e7a06f,"Babies' Dresses or skirts, except those imported as parts of sets",2,Yes,5
11284d864ce52f0482dd07b8b02b28b9,"Trousers, overalls, shorts",4,No,7
659c25bfa3fb619504a31d771a574bf2,"Trousers, overalls, shorts",2,Yes,5
b5c66f61dc83345981d18f1338ef7164,Footwear with outer soles of rubber or plastics,2,Yes,7
7de662f7fd181d4cf14247c37b171a72,Footwear with outer soles of rubber or plastics,2,Yes,7
2d5aa50b7428a50e9049f3c46f197139,"Jerseys, pullovers, cardigans, waistcoats and similar articles, knitted or crocheted",2,Yes,7
51d4a00e68fdb63d9331b0307bed7df2,Other footwear with outer soles of leather,2,No,1
da1cab093733686566a780c40697b34e,Other clothing accessories,2,Yes,17
1285a0ea797c6e3347ec7c97f68efb38,Other footwear with outer soles of leather,3,No,9
bd7f0f90c97db00c63c470a3e48b1be3,WEBSITE,WEBSITE,WEBSITE,WEBSITE
ff7463083e47546353c9e96696f1a2d7,"Handbags, whether or not with shoulder strap, including those without handle",2,No,5
e3b3ca7457c5da1e9c2c9608ed0afa31,"Handbags, whether or not with shoulder strap, including those without handle",2,No,5
1d1734ec902a222cd9631419786ad9a7,"Handbags, whether or not with shoulder strap, including those without handle",3,No,9
e9d96252875ea05d7b46486e25c21b8f," T-shirts, singlets and other vests",3,No,11
a809fa10d4004c7e3ddffee15da708e7,N/D,2,Yes,15
a67ec520a3ba01f9a27f757ed46a1ac2,Other footwear with outer soles of leather,2,No,51
f8539370d3e0a5af6df378df8950c6d0,Footwear with outer soles of rubber or plastics,3,Yes,14
2e06d2f61ceea57a8ccbae2a1aa4c17b,,2,Yes,16
4380595241134add6683b5fecb3b4d3e,"Trousers, overalls, shorts",2,Yes,1
60f6ca440d8595278bd3d6a36c222822,WEBSITE,WEBSITE,WEBSITE,WEBSITE
d6f0f03b4d3a180cf66b4f9b3aa71328,WEBSITE,WEBSITE,WEBSITE,WEBSITE
a9c2db215a0c1104de43d7f34eb3bce0,"Shawls, scarves, mufflers, mantillas, veils and similar articles",2,No,19
0d22455320be2704d0779fbdfe709d62,Jackets and blazers,3,No,55
5f570f9a4f035f32736df8d408706de5,Footwear with outer soles of rubber or plastics,2,Yes,106
58851577ec930476dd396c40acdbe9b4,N/D,2,No,58
5b79f0d1748e03543a0e817ef2d399ee,Footwear with outer soles of rubber or plastics,3,No,38
a2561a9a6145274946d44e58273e644e,"Handbags, whether or not with shoulder strap, including those without handle",3,Yes,12
feb5ad8bf3166a9302ce8590db069cfa," T-shirts, singlets and other vests",2,No,16
9356dd831dedc0c5873965611c93cd10,Sunglasses,2,No,16
00e90b3e219919847ee8c55cd79cb886,N/D,3,Yes,9
ce3d8c70c1ccb48c7fa3b462498a888c,Other footwear with outer soles of leather,2,Yes,30
70ea4e28770a8065d5baf4180649b8ea,"Hats and other headgear, knitted or crocheted, or made-up from lace, felt or other textile fabric, in the piece (but not in strips), whether or not lined or trimmed",2,No,14
9cecd973a85f9adfc49f5a6124116d82,N/D,2,No,16
47b826748a80f6a29dfc46cc7b439f5a,Jackets and blazers,2,No,19
5aa40b7d71f7b775c021a671dad042e7,"Hats and other headgear, knitted or crocheted, or made-up from lace, felt or other textile fabric, in the piece (but not in strips), whether or not lined or trimmed",3,No,24
4805a0f3d0775f00e88246d11ec98dbd,Footwear with outer soles of rubber or plastics,2,No,5
fd9acefa661623afff69e5231179ec2a,Footwear with outer soles of rubber or plastics,2,No,5
5c2730086405432faab0f1d2a0e1e474,WEBSITE,WEBSITE,WEBSITE,WEBSITE
519efb2aa56a69cf096446edcb8d323c,API,API,API,API
1b6fc9d520170468cd7f4d6937c50c51,WEBSITE,WEBSITE,WEBSITE,WEBSITE
89d8dfaaff9e7ff350d4eda537b68827,Footwear with outer soles of rubber or plastics,2,Yes,7
d383e1ce744f0a2647efcc12acad5fe8,Footwear with outer soles of rubber or plastics,2,Yes,7
8b5e488b481b862abdff24c95a9d0c05,,2,No,19
0ccc93a6341e3c271d9973459dd4e7c8,,3,No,9
d9149cd80abd65c33292280e520e6f4a,"Jerseys, pullovers, cardigans, waistcoats and similar articles, knitted or crocheted",2,Yes,1
a8fc54d13c0b6e47a98b3ebef06a6ab6,"Jerseys, pullovers, cardigans, waistcoats and similar articles, knitted or crocheted",2,Yes,1
9deb1c98e34fa7a01a67ae115b6132b6,Other footwear,2,No,14
d9b49832f74fbde0e4115078e519b73c,"Jerseys, pullovers, cardigans, waistcoats and similar articles, knitted or crocheted",2,No,14
40bddb716bb30e3bafd9ee605203af0f,"Jerseys, pullovers, cardigans, waistcoats and similar articles, knitted or crocheted",2,No,14
780960a73cd9cc31c3271269671a8b6d," T-shirts, singlets and other vests",2,Yes,15
249d0c715d516ca5513bf16efdaed81e,WEBSITE,WEBSITE,WEBSITE,WEBSITE
2c68c753093b5b70abc2ceec0628dc55,Dresses,2,Yes,5
0aea08ffef113163d017a09fccd3bd55,Items of leather clothing & accessories,3,Yes,29
25cccecf1aeec0cc5ff20b00d94f1cc3,"Jerseys, pullovers, cardigans, waistcoats and similar articles, knitted or crocheted",2,No,13
657d7908fbdaff3e1f9eeec0bb84c449,Jackets and blazers,2,Yes,45
225736672d531e8eb4ce81e421b59b0c,"Jerseys, pullovers, cardigans, waistcoats and similar articles, knitted or crocheted",3,Yes,9
178f6fdda3bda0fc1d45787fdb03023e,Other footwear,3,No,28
7e9f7f4f70ff19cc1bfed94f2baf50a0,Articles of a kind normally carried in the pocket or in the handbag,2,No,3
6b500318777615931e92d6d90e500855,Articles of a kind normally carried in the pocket or in the handbag,3,No,24
0ad8087bf61ef3daa48f67ad72635c88,,2,No,12
c8e2a0e7fda5870f98502e339c4f6ead,"Jerseys, pullovers, cardigans, waistcoats and similar articles, knitted or crocheted",2,Yes,45
3188a2d96e33fa6a492a1c75b3d3adde,"Jerseys, pullovers, cardigans, waistcoats and similar articles, knitted or crocheted",2,Yes,45
b72f2a7c9329d089830fcac991efb701,"Trousers, overalls, shorts",2,No,1
a466c3aee84b6dc65ab1ad5ba883fd3d,WEBSITE,WEBSITE,WEBSITE,WEBSITE
269c1c56aa99f209c15bc40ec5cd2247,WEBSITE,WEBSITE,WEBSITE,WEBSITE
4e7018502c7675da117c37b92b696401,"Coats: overcoats, raincoat, cape, cloaks and similar articles",2,No,16
b260e2f9c73cbb953893554ff9fafddc," T-shirts, singlets and other vests",2,No,5
7711e2c9fd9d811e09cf70425b4eb70e,Skirts,2,Yes,60
5a0310ae4242ea4b5235bde069d6a196,WEBSITE,WEBSITE,WEBSITE,WEBSITE
4087c6abe1f61a5a6727c94abb8523f0,"Trousers, overalls, shorts",2,Yes,60
2f8738612cf03233cc4616a2467ea38c,,2,Yes,60
410eec162106d83640ea1286a2819fa1," T-shirts, singlets and other vests",3,No,14
5dbb00723ba6ed2e3942e841afcdd488,Footwear with outer soles of rubber or plastics,2,No,4
66ca531f972562ca99defec3260ac87c,Jackets and blazers,3,Yes,11
edea9a0021926fabbca752a9f47157fa," T-shirts, singlets and other vests",2,Yes,1
34bba9dbf40463addba505b19b1cf9cd,"Jerseys, pullovers, cardigans, waistcoats and similar articles, knitted or crocheted",2,No,4
7b1b621e599989ab68332edd1589f1cb,,3,No,20
8aa13cde656ce4c597d7868fb7841e18,API,API,API,API
f4976412b0d03f31016c1045c54c4519,N/D,2,No,4
259854603ef08bc51b22b5216d5f899c,Footwear with outer soles of rubber or plastics,2,No,64
4982038d25df7ff1b1eed6f82a344dba,Other footwear with outer soles of leather,2,Yes,17
6cf5ee7f8d2d3f9214a0fe8a24b83d3e,Other footwear with outer soles of leather,2,Yes,17
e9c663bf4748c25758d26342d55db837,Babies' Other garments and clothing accessories,2,Yes,17
55b96cbd1833c8a2fd0768fa4fcb4d44,WEBSITE,WEBSITE,WEBSITE,WEBSITE
80dbee6cacde3f40563d8982ce908132,Other footwear,2,Yes,3
1b06aecc0fa5261ccaca24e7834e79ff,Dresses,4,No,7
8a688bee781907129f0742eb2b2a48fc,N/D,4,No,7
e6b92cb05a34d37a410d6f20eaf917a3,Dresses,4,No,7
46badc09c99ac136b3fbb901e04896ad,N/D,4,No,7
8120ca8517e9cba63beef0a2eb780be2,N/D,4,No,7
953432ff6b56aaf67f4b59f649f07517,N/D,4,No,7
31441a17a0a6aa36777ef50963ecda4d,Footwear with outer soles of rubber or plastics,2,No,46
07adb993abf83381f05e7ccd6297609b,Articles of a kind normally carried in the pocket or in the handbag,3,No,60
54793c985f3904bfa2bb77f978dd5113,,2,No,29
95f748e0f7ac6bd2c30bba83872bc85e,Other footwear,2,Yes,19
cf2478d9d3743b08dfbda2150749b250,"Blouses, shirts and shirt-blouses",1,Yes,1
d232d0bc469618403f59de7e663dab25," T-shirts, singlets and other vests",2,No,1
c79b4b8f0dde9327cdc3b7c98d21c5ea,"Jerseys, pullovers, cardigans, waistcoats and similar articles, knitted or crocheted",3,Yes,41
6dd32ed3478fe18e6469affe58244f21,"Jerseys, pullovers, cardigans, waistcoats and similar articles, knitted or crocheted",3,Yes,41
99b42bde6759356380519f3fecc900be,"Handbags, whether or not with shoulder strap, including those without handle",2,Yes,45
a680d9badf94ddeba1c0d0eea317c1f4,"Handbags, whether or not with shoulder strap, including those without handle",2,Yes,45
b963e6547bce6dbad34e52865a3d8fd4,Footwear with outer soles of rubber or plastics,2,No,1
8222e3e43de9446b75baab2a42058707,Shirts,2,Yes,45
cf0067cf81f0e992088a4bfd6f894b7e,Skirts,3,Yes,4
