id,ddpsubcategory,shiptypeid,hasitemsonbag,country
2e380fe6692a9e4e29e8b16a4aba092e," T-shirts, singlets and other vests",8,Yes,1
f8fbc602330d2935ca8c7e0d97ccf242,Other footwear with outer soles of leather,3,Yes,27
a9e3a16b8147558fe9ffcfd2d899609a,Footwear with outer soles of leather or composition leather,2,No,3
0fe4f756869a90b50ca1de19bedf165b,"Jerseys, pullovers, cardigans, waistcoats and similar articles, knitted or crocheted",2,No,1
13d54cf35c68bba1b2ca275f0ead9878,Dresses,2,No,1
b4105ec9aeba01652c79b4e521de1cd4,"Trousers, overalls, shorts",2,No,1
27d45e3c968a82a000470c2de7ab3334,Shirts,2,Yes,5
c72fa42c4b548f4644be656e07f928e4,Footwear with outer soles of rubber or plastics,2,Yes,5
44a84591ef814d7ce26b4834a71d5e27,Articles of a kind normally carried in the pocket or in the handbag,2,Yes,4
dfb98859729a74f4f21b9c6964662015,,2,No,1
3cc3f4437d6f65e00f12871b415496f3," T-shirts, singlets and other vests",2,Yes,5
0edd6e9e463f140aa09ff30a2a9561f5,Other footwear,2,Yes,5
05f5934bea0c99ada07d42125c9cebd3,"Handbags, whether or not with shoulder strap, including those without handle",2,No,1
64eafcfef5c3111afc81f14c17fb1cd3,"Jerseys, pullovers, cardigans, waistcoats and similar articles, knitted or crocheted",2,Yes,5
c001853f4e748663cc6ce281fabb31c4,Sunglasses,2,No,5
79f43aeee984ed80b840d264edee1b09,"Coats: overcoats, raincoat, cape, cloak, ski jackets, windcheaters, wind-jackets and similar articles",2,No,14
f747c19f5dbfdde081740aded1e1e740," T-shirts, singlets and other vests",2,Yes,1
88c37c652bac088b6deff42ddccbb21d,Footwear with outer soles of rubber or plastics,2,Yes,1
56f634f70d24613ab91868711a225d74,Articles of a kind normally carried in the pocket or in the handbag,2,Yes,17
d2402ce1b9e601b04e75f92778226595,Articles of a kind normally carried in the pocket or in the handbag,3,No,9
f7a093830bd420d8606100535b6f40f2,Other footwear with outer soles of leather,3,No,38
3f8c56bcad3b5a70d33e65650af55d28,Belts,3,No,1
b1973b0abb9ffbd44937ee2330a90439,WEBSITE,WEBSITE,WEBSITE,WEBSITE
02a8321d0ec33014ddb4670eb275b9ee," T-shirts, singlets and other vests",2,No,21
3d595f3954207af41e2830d1b78c69c8,,2,No,21
f836a5779608208eac6dc4a3f8a71a63,"Trousers, overalls, shorts",2,No,21
7a65ea3a305d2835109e9d314016713a,Other footwear with outer soles of leather,2,Yes,1
dce0c55769c6cc1f5b10b26bed232aa6,Laundry Bags & Hampers,2,No,16
f3785baef16f8826ee9e88a24363c7ca,Footwear with outer soles of rubber or plastics,2,Yes,1
62dbe2c0a8ae81287515b9cd86315dac,"Handbags, whether or not with shoulder strap, including those without handle",2,No,3
107a492a8269674df2174b2a33d751c5,Shirts,2,No,19
ec0bb94254650d6521b7e6c94f6b9120,"Coats: overcoats, raincoat, cape, cloak, ski jackets, windcheaters, wind-jackets and similar articles",2,Yes,4
86c5ffb9bfc6a56204e7e7cf25a0157e,Other footwear,2,No,14
0b899ae59016443d224ecd42c4d1ed37,,2,Yes,12
d91bcd0ae66d4ff76cba290e6d59d8ce,WEBSITE,WEBSITE,WEBSITE,WEBSITE
9e8ae1c13b8a629c17cc672b9e97db2c,"Jerseys, pullovers, cardigans, waistcoats and similar articles, knitted or crocheted",2,Yes,40
ccf3ce851963f6d7d990cb09fe3d1f91,"Jerseys, pullovers, cardigans, waistcoats and similar articles, knitted or crocheted",2,Yes,40
9919b4d5f51abdca1cfbd6dcf58bed64,Items of leather clothing & accessories,2,No,3
d1239610aed7316ee7bce8269f487805,WEBSITE,WEBSITE,WEBSITE,WEBSITE
64381e6a4bbf48a1a24349bfc65e61c2,,3,Yes,36
7780c49dff122abf19b3da2a84d4ba7f,Articles of a kind normally carried in the pocket or in the handbag,2,Yes,58
7b7a77a414681d50e9f7af62dfcbe47b,Shirts,2,No,19
fc968e88918eceadb93eef230e371ffc,Swimwear,2,No,1
ee0c0ef959acd07dd94ae5d355380b62,"Handbags, whether or not with shoulder strap, including those without handle",2,Yes,5
68ff6b1fd23372635f133f7eac2817dd,Other footwear,2,Yes,12
fe48e90e22296ab39ceb6b23e15747ad,,3,No,4
e2957e2e781187881b1afa2c54795353,,2,No,5
6dedb9cf92d129c80efa52c0421268da,"Jerseys, pullovers, cardigans, waistcoats and similar articles, knitted or crocheted",2,Yes,4
58da90af577179ee49c0976dba5fbe2c,"Trousers, overalls, shorts",2,No,5
b37968f55b98962d43946fd91b5f845c,"Hats and other headgear, knitted or crocheted, or made-up from lace, felt or other textile fabric, in the piece (but not in strips), whether or not lined or trimmed",2,No,5
53d594bd804b8d8add7fbfdf7156d0f7,,2,No,5
b1b2cce14264cec1a14ae80a9fae48a5,"Jerseys, pullovers, cardigans, waistcoats and similar articles, knitted or crocheted",2,No,5
2f92566b544989aeef6cf4084d0f22a7,"Jerseys, pullovers, cardigans, waistcoats and similar articles, knitted or crocheted",2,No,5
33c8016880a445303af1e81cbf41f3df,"Jerseys, pullovers, cardigans, waistcoats and similar articles, knitted or crocheted",2,No,5
73046eb9d00b51b133f4a281cb826139,,2,No,5
6dd38c8a1937f85646e438d31ce6697f,N/D,2,No,5
4a7fa9410f10810347d627f78b0b4f0f,"Jerseys, pullovers, cardigans, waistcoats and similar articles, knitted or crocheted",2,No,5
c4860adbf75eed7c6675b2223c3fbffa,"Jerseys, pullovers, cardigans, waistcoats and similar articles, knitted or crocheted",2,No,5
2c2d812c7c3d0edd31632d2a587cac0a,Items of leather clothing & accessories,2,No,12
4487111c489feeb513905a5d5a17aca0,"Trunks, suitcases, vanity cases, executive-cases, briefcases, school satchels and similar",2,No,61
1af45da528bc98f635d5922f7eba0ef6,WEBSITE,WEBSITE,WEBSITE,WEBSITE
ea35af6a6222ea99c5ffeca186742a86,Other footwear,2,Yes,12
ffb0e4b8c8cb73fed90e7601ffa6dc7c,Footwear with outer soles of rubber or plastics,2,No,1
5a917738f6dfeb890102ffd6130db031,"Handbags, whether or not with shoulder strap, including those without handle",2,Yes,9
98b27ab2d26476e94812dbba9cf4e3b7,Of precious metal whether or not plated or clad with precious metal,3,Yes,9
08a46fba9a9ae506a383e11464b81457,Dresses,3,No,20
e1fbd960455c4e6ad6c402df6dbc3596,Dresses,3,No,20
2ea61daca65516fc014352f76b04c8d3,Shirts,1,Yes,1
d84a617b943d32803adf5edf3fb33d2b,Other footwear with outer soles of leather,2,No,12
dfcb3b67451dc111dbf0f00c98983a86,Footwear with outer soles of rubber or plastics,2,No,12
a815f533da903183fc7ebd916096f014,Footwear with outer soles of rubber or plastics,2,No,12
8b65f019bdcd9150eb4ee9742c6ae0c2,Other footwear with outer soles of leather,2,No,12
acc864a77cd844895a788400ed49fba3,Other footwear,2,No,12
a07521ee3a8ed4a7a3287bd838877c69,"Trousers, overalls, shorts",2,No,17
24f881b7023c827b76ae002dbdc4b276,"Jerseys, pullovers, cardigans, waistcoats and similar articles, knitted or crocheted",2,Yes,10
863f72f540fbcfc77dbc8952ea0ad1fe,"Of base metal, whether or not plated with precious metal",2,Yes,46
8d5b5dc2d22136a8495b4cc63fee40e9,Articles of apparel and clothing accessories,2,Yes,46
6f60b8dc562729515632f5316485ab10,Other footwear,2,No,1
4c8a81b7134b873f5206bbf1740c135e," T-shirts, singlets and other vests",2,No,1
5d8d9d2d13fa2d98004184f9ee272d61,Jackets and blazers,3,No,50
5a9e667567e5c8f26031ac847e126fa2,Of precious metal whether or not plated or clad with precious metal,2,No,12
eef30b8d35403ba9442731a49887c581,,2,No,3
fd8e998634039aad2fbd1c5ac0b53a6d,"Trousers, overalls, shorts",2,Yes,1
37d63d04280ef761d185394a04978456,Jackets and blazers,2,Yes,1
99fcfb3fa3ad5037a0c79947ed2da83e,Other footwear,2,No,5
f0983e3c5fc5202590a484a6b09fddc6,"Trousers, overalls, shorts",2,Yes,5
e0ecce7b2654c23497c3f35567c336d2,Articles of a kind normally carried in the pocket or in the handbag,2,No,1
4b28049346c1b0411b3e2873746181f9,Items of leather clothing & accessories,2,No,19
82413e8baabaec7bb041be304035ac12,N/D,3,No,24
0aa8cd70b8ca959f09a57800bc26eadf," T-shirts, singlets and other vests",2,No,24
7acb27e212cdd98465789458b7f533c3,,3,No,24
2d481f4c38abaa6df6a0a6c6230d3d64," T-shirts, singlets and other vests",2,Yes,4
7ad2b8838a851bc3535d22bb82a3f70a,Footwear with outer soles of rubber or plastics,2,Yes,16
8c0b50a62fcc6eac73b83b02738b3c83,Other footwear,2,No,1
1bb6ebe04986736c4624d8617390fd5d,"Trousers, overalls, shorts",2,No,1
52e16003892fad99d5cbc6541dd98118," T-shirts, singlets and other vests",2,Yes,35
cb208bed97c87bb12afb5ac3875211ba,"Jerseys, pullovers, cardigans, waistcoats and similar articles, knitted or crocheted",2,Yes,35
df14cfa593c90a91bfff4294d323b382,"Jerseys, pullovers, cardigans, waistcoats and similar articles, knitted or crocheted",2,Yes,35
350cd407cd63bf25582ea7e2b0ea8d30,"Jerseys, pullovers, cardigans, waistcoats and similar articles, knitted or crocheted",2,Yes,35
a9ca423b9b4f464bf74430b3ae3b59c9,,2,Yes,35
05b2d411b1beaeec684d9bef8dde91c4,Other footwear,2,Yes,17
4e8045ffe4fd9a75473718d22ba08a0d,Dresses,2,Yes,1
1f4cfcb2e7a2320924e61eea815ab2d9,Jackets and blazers,2,No,12
4fc3f6484129a8b787b6c4d9dcc97421,"Jerseys, pullovers, cardigans, waistcoats and similar articles, knitted or crocheted",2,Yes,41
9ec973042d8dbcc9e0831006e780acf8,"Hats and other headgear, knitted or crocheted, or made-up from lace, felt or other textile fabric, in the piece (but not in strips), whether or not lined or trimmed",2,Yes,2
8c846fae55c7d032c658e81ea742249f,Dresses,2,Yes,19
d544d0751c65825367eda800827df9e5,Other footwear,2,No,5
06a94187b6fe701f32559d9e0700e3c7,,2,Yes,24
