id,ddpsubcategory,shiptypeid,hasitemsonbag,country
31a092a3c0da6bafaefaf3aa9e969ebc,"Jerseys, pullovers, cardigans, waistcoats and similar articles, knitted or crocheted",3,No,9
0f8a319eeb1e15a058ebe9ede532f222,Other footwear with outer soles of leather,2,Yes,56
62d66fade1729f48f16a14d658efcc1d,Items of leather clothing & accessories,2,No,30
448bf1687200aeaf1b097ad1867ed2cf,Footwear with outer soles of rubber or plastics,3,Yes,4
fcaafcc5627d94706754b7820ed3d333,Jackets and blazers,3,No,14
9a0bbdfc1bc7314d6829730e8954d1b7,,3,No,4
9e4748cefefb3654e0fd6b52d1d54f44,,3,No,4
dd4b042f06009621ea759884b60e685e,WEBSITE,WEBSITE,WEBSITE,WEBSITE
f0a6781f5ed668de4ac52eb3c4d6a596,"Jerseys, pullovers, cardigans, waistcoats and similar articles, knitted or crocheted",3,No,13
94f72ae6fcaedd45ffc11010ada8ab09," T-shirts, singlets and other vests",3,No,13
bedec1815428ec883b9da767cb092e8a,"Jerseys, pullovers, cardigans, waistcoats and similar articles, knitted or crocheted",2,Yes,19
d646f9145dea6ef271d8a85aa5d671ac,"Coats: overcoats, raincoat, cape, cloak, ski jackets, windcheaters, wind-jackets and similar articles",2,Yes,19
63c8dfae6d3aace53f3553a45ebbb5e3,"Trousers, overalls, shorts",2,Yes,19
735b0161e69643512be8f9f3b579ae79,N/D,2,Yes,5
c722251961eca6b7b173fb6314b30bfd,WEBSITE,WEBSITE,WEBSITE,WEBSITE
58fcd4e59de24ee4272ffe2742f81f0a,Dresses,2,Yes,1
8eaf739a7139919de2e5ef2025a554da,Dresses,2,Yes,1
65ef053b523b048ad02f2a9b85e5e67b,"Jerseys, pullovers, cardigans, waistcoats and similar articles, knitted or crocheted",2,No,7
1863850ad7cc466124c26cbf12f7cffc,Belts,2,Yes,19
4174c2b2cf50e506af9dd2f789eff3f0,Dresses,2,Yes,7
939929871254cd92718de4c3f115bf9c,Footwear with outer soles of rubber or plastics,7,No,36
cce791d1a866c3a2fb175ae6ff0008dd,"Jerseys, pullovers, cardigans, waistcoats and similar articles, knitted or crocheted",2,Yes,16
990e4a152f24ece815eb74284b4e42af,"Trousers, overalls, shorts",2,Yes,19
04d4b48033cef38428b8d97c944f0077,"Trousers, overalls, shorts",2,No,1
fac42792f731e4c646055db7597f21dd,"Jerseys, pullovers, cardigans, waistcoats and similar articles, knitted or crocheted",2,No,4
1335d4569ea24c3f685c7ba344ca16f7,WEBSITE,WEBSITE,WEBSITE,WEBSITE
2f070eb6f73d01f10da186b3ea2fe847,Other footwear with outer soles of leather,2,No,3
e8ab3c03704f989c22b690753e2fd304,"Trousers, overalls, shorts",2,No,1
28293aee7a8db1d7787ac7d99b4127c3,"Trousers, overalls, shorts",2,No,1
4fb1a269627947a87ded97fa6fb38845,WEBSITE,WEBSITE,WEBSITE,WEBSITE
9fa58b00883168b2fb61d35e7b5cedeb," T-shirts, singlets and other vests",2,No,1
406bc26e828b92358c539ae294f48d49,"Trousers, overalls, shorts",2,No,1
492c4e385919b2518ae7700a247d4833,"Trousers, overalls, shorts",2,No,1
eb3b154a5c56dda8f075ac563f0257a0,"Trousers, overalls, shorts",2,No,1
cc5ecb7cc24531d5acdbc21f6a05d4d0," T-shirts, singlets and other vests",2,No,3
6d5a7b6307717211c20e1f5fd50a5847,"Coats: overcoats, raincoat, cape, cloaks and similar articles",2,No,2
26579f8aec5e5b367245bbc2c982d265," T-shirts, singlets and other vests",2,Yes,15
1a6cab3092dcb1821793159ce85e889b,API,API,API,API
78efe547f1d3615b2204854e6244d63a,"Pantyhose, tights",2,Yes,15
073d98f1f4dad15de63a7b1230571c46,"Trunks, suitcases, vanity cases, executive-cases, briefcases, school satchels and similar",2,No,5
c7445982c1304a894031cbc71d722ce9,"Trousers, overalls, shorts",2,No,18
1e2b15bd40f7545acd7d20d664033966,"Jerseys, pullovers, cardigans, waistcoats and similar articles, knitted or crocheted",2,Yes,50
d6a6291730919662bd175ace1974305e,"Handbags, whether or not with shoulder strap, including those without handle",3,Yes,50
efcea3d58261b799132b4629f2f6fbff,"Trunks, suitcases, vanity cases, executive-cases, briefcases, school satchels and similar",3,Yes,50
7e6ce04f7e74bfda84d2230f4ab95297,,3,Yes,50
1acc6dbfa540bc26150e743bb351450f,"Jerseys, pullovers, cardigans, waistcoats and similar articles, knitted or crocheted",8,No,1
732beb18208eae888ecf0b7b4464023e,N/D,2,No,61
713348bc3d6f81803aa91c61a1d12e79,"Handbags, whether or not with shoulder strap, including those without handle",3,No,4
c5f2ba5e3519183d45bf9265e4205ec6," T-shirts, singlets and other vests",2,Yes,15
e9d5838735186ae99c622e511b85b849,"Hats and other headgear, plaited or made by assembling strips of any material, whether or not lined or trimmed",2,No,14
0f28ba212f181c525228bffbb2c27dba,Skirts,2,No,12
33e3d84793fe865bdabed85494264f6a,Other footwear,3,Yes,20
c6ec7b1769d09de04bfccde832045010,Sunglasses,2,Yes,5
84bdf2e48df9cd57cbd0c2992bb3bee8,N/D,4,Yes,7
772c505866e26f1870087b61498ecd5e,Other footwear,2,No,1
b51e8dbebd4ba8a8f342190a4b9f08d7,N/D,2,No,1
5f3bb12af794de73e741ad4d5eb071a6,Footwear with outer soles of rubber or plastics,2,No,1
aac12cdd4e26369566891ef59201d863,Footwear with outer soles of rubber or plastics,2,No,1
7731e5ab7ee77abb0d75e9035290a523,"Trousers, overalls, shorts",2,Yes,1
b2901574d20a84f4f94f8662c8a9bf47," T-shirts, singlets and other vests",2,Yes,1
6253c5cdb2892da3c2efd8b7eae37cdf,"Handbags, whether or not with shoulder strap, including those without handle",2,Yes,7
ff923d87af969b8b62f623df694fa67e,"Handbags, whether or not with shoulder strap, including those without handle",2,Yes,7
da7077b1029537dafb9d7a8247ae4b0f," T-shirts, singlets and other vests",2,No,5
27dd9142eb72de6143d49d0af040c5da,API,API,API,API
a675d1eebebdda70099c23ba83818a51,"Trousers, overalls, shorts",2,Yes,61
c011f2fe9f42fc9e1b6ee9e842d56cb7,"Handbags, whether or not with shoulder strap, including those without handle",2,No,16
ee7f8139b95ca7a373170d4b85a79355,Belts,2,No,5
a50e7775afee4223063f8ab07555a0f3,"Hats and other headgear, knitted or crocheted, or made-up from lace, felt or other textile fabric, in the piece (but not in strips), whether or not lined or trimmed",2,Yes,5
ef5843f99e1c3632c4712fcfc816bdb8," T-shirts, singlets and other vests",2,Yes,5
ea040badd3fb55c49ec91fd1d236a24a,"Trousers, overalls, shorts",2,Yes,5
225db933db343efd4f552c3b2d27f4db,Dresses,2,No,4
a6afed951e6e745f010c8c7f9f672c9e,"Jerseys, pullovers, cardigans, waistcoats and similar articles, knitted or crocheted",3,No,11
d1b9c1d6b8bf13b18e1c8f8e91b47360,,2,Yes,5
b5401c300376d4d6da5d8b000415f63f,Other footwear,3,No,11
f89aa665f140cb249e654f834a4fb5d3,"Trousers, overalls, shorts",2,Yes,5
69fd02c4fbd5bfa6533f7a5eac3bd81c,Footwear with outer soles of rubber or plastics,2,Yes,5
1152aeb7648f32244d3555e602a99037,"Trousers, overalls, shorts",2,Yes,5
1f62a4e4a9e433a4d6d94d18524a7bf1,WEBSITE,WEBSITE,WEBSITE,WEBSITE
08b74bb0e10965243f1a70adfe2713ae,Dresses,2,No,25
91b13811942ea49aa0a498018117a875,Dresses,2,No,25
4f9f25fc5bf92a7d3f378c2f71fff7cb,Dresses,2,No,25
efed9cab6a0deb47812731d2dbb8a83c,Dresses,9,No,25
5f23fb9e32516f6672172c4cf78e032e,Other footwear,3,Yes,14
65cb6fa1599cbcc07922663de150a25d,Skirts,2,Yes,39
a19bfc7e9cdd2a6f4d92a788ace47124,"Babies' Blouses and Shirts, except those imported as parts of sets",3,Yes,9
57cc2fa29cf1903e2c1c873b51b75e06,"Jerseys, pullovers, cardigans, waistcoats and similar articles, knitted or crocheted",5,No,11
472c568258e81a8983bc21895b441d2c,Other footwear,2,Yes,1
932f04e5b8adb148491e201de692e5b1," T-shirts, singlets and other vests",2,Yes,1
4cd1f6362313c82c4aef0db8c5022190,Other footwear with outer soles of leather,2,No,16
4364ff6901ada05fd9564d3184c2b596," T-shirts, singlets and other vests",9,No,4
c05a678fb8f0bd902eeb376f05b92038," T-shirts, singlets and other vests",2,No,15
faf8d4361c3b68b442683ab4fb1f6b5e,"Jerseys, pullovers, cardigans, waistcoats and similar articles, knitted or crocheted",2,No,1
86ae8462af007485e7b640092024d169,"Jerseys, pullovers, cardigans, waistcoats and similar articles, knitted or crocheted",2,No,1
322a818e1eb32a854271b8d949492377,"Jerseys, pullovers, cardigans, waistcoats and similar articles, knitted or crocheted",2,Yes,5
ad367352017c91dcb27fa4298d788f9d,"Jerseys, pullovers, cardigans, waistcoats and similar articles, knitted or crocheted",2,Yes,5
eb4bd437de81597dd60c9f5778733ebf,"Blouses, shirts and shirt-blouses",2,Yes,5
ab3d68a957983b52c27e7dc947bc655c,"Jerseys, pullovers, cardigans, waistcoats and similar articles, knitted or crocheted",2,Yes,5
ec36a4d31faf764ae8f7c6cd1119a607,Other footwear,2,No,3
66458f1a53409efd2010e3b9a708ff25,Footwear with outer soles of rubber or plastics,14,No,14
daa12b54ca63a75e8a9d3a311a3d63dd,"Other e.g. braces, suspenders, garters and similar articles",2,No,3
188a4b0728ab2005b39a51d66fec4378,Other footwear,2,No,12
d1c01933a96d442fe4f048a57250b47f,,3,Yes,60
2da74c81ddedf746843388c71fd4c58e,Footwear with outer soles of rubber or plastics,2,No,1
53565ea6f091965a206488588ce97966,"Jerseys, pullovers, cardigans, waistcoats and similar articles, knitted or crocheted",2,No,5
02824ee78cf433e04c26698dee1c2abf,Footwear with outer soles of rubber or plastics,2,No,5
21ccf4079e63420df921d489abe0ce99,"Jerseys, pullovers, cardigans, waistcoats and similar articles, knitted or crocheted",2,No,5
0456c495cc10a6aafeb36f4d85452214,WEBSITE,WEBSITE,WEBSITE,WEBSITE
cc57331265c4098c5027164c460f03fa,Footwear with outer soles of rubber or plastics,2,Yes,25
