id,ddpsubcategory,shiptypeid,hasitemsonbag,country
4e2cfe43a804cd27e89ad802f7d01e0a,,2,Yes,16
3970ff15e97050f39a64ef21fdf908d8,Footwear with outer soles of leather or composition leather,2,No,5
b913810d7f822df4642b2f1137a01077,"Pantyhose, tights",2,No,5
d26e95dd27cc321aebf751509f2c4c54,,2,No,9
6ce99a56bc858bc7dd8f9936f0883dc8,Other footwear,2,Yes,24
355b82471a0e5048a40f647828c74519,Dresses,1,No,46
a1af2ce4eb40f81b5c729278ee3e23b2,Dresses,1,No,46
ba5a52c2c5c2f62c51afd3f27d649adc,Other footwear,2,No,15
dfafd74b4fe0099d0ef2d175d1ae13ce,Other footwear,2,Yes,1
e808dafb827f471942d9337a35930aa5,"Trousers, overalls, shorts",3,No,11
a2deb6d2be81b547f7856c225343d516," T-shirts, singlets and other vests",2,No,17
40c3c1c67d43a0c2be3f6c5d430effba," T-shirts, singlets and other vests",2,No,17
0705cbef04906ef4060435b658f30377,Other footwear,2,No,31
59eb9e4c1c79dce1ec6fdc5a0d117823,"Coats: overcoats, raincoat, cape, cloak, ski jackets, windcheaters, wind-jackets and similar articles",2,Yes,16
4615b8b840b00f302018b1e3baa20b24,Footwear with outer soles of rubber or plastics,2,No,3
d918962a113e3f083c38a880c885aea7,"Shawls, scarves, mufflers, mantillas, veils and similar articles",2,Yes,1
3629edc501f2200f8885c71a6afbc4e1,WEBSITE,WEBSITE,WEBSITE,WEBSITE
746fc6062a49b555e5a757062d9095b0,,2,Yes,42
52528c5ebfd508d281637a35821c5233,WEBSITE,WEBSITE,WEBSITE,WEBSITE
7b00b1595af92a4af2697a8fd65c07e9,Footwear with outer soles of rubber or plastics,2,Yes,3
5cb273111c7eccd4991e4b6afbb4b895,,2,Yes,3
da60aae01d625ab5929869bcce68436b,N/D,3,Yes,9
f4eea2b8166e655de9113a57fd8d5dcf," T-shirts, singlets and other vests",2,Yes,9
eff1c240dd7293f6c2fc5d393ed2c853," T-shirts, singlets and other vests",2,No,61
f42a23c46f146b69436919ffb4cc8792,"Jerseys, pullovers, cardigans, waistcoats and similar articles, knitted or crocheted",2,No,5
25c453617f0a83e1c865551354a2f015,WEBSITE,WEBSITE,WEBSITE,WEBSITE
1bc1fb5218fb164314a36c1a7af6823c,Other footwear,2,Yes,4
0eb62aa5ec5ef6732c7c5a75a6a4ca6b,WEBSITE,WEBSITE,WEBSITE,WEBSITE
a816843fa6fb0c789316aed18d704d66,Other footwear,3,Yes,14
0b66ca94bef28cce1f4a6df23800424e,Other footwear,2,No,3
5a6332584556ca02a8b3a634d75c479e,Other footwear with outer soles of leather,2,No,3
681f9a6ddf41919aa270cf0d57af61c4,WEBSITE,WEBSITE,WEBSITE,WEBSITE
c9bcc97cd3bbf718a4634654020d06f7,API,API,API,API
0c6f0a21544516d7aeb4e7ee4a021eb0,Dresses,2,Yes,1
cad600676949262a8d0d58ed46e39c71,Dresses,2,Yes,1
3e3a9a05241a6a7f21facf838987d657,Dresses,2,Yes,1
0df5d222be198624cf481be303302ab0,Dresses,2,Yes,1
426f3f91f3210c91545c962f7efcb029,WEBSITE,WEBSITE,WEBSITE,WEBSITE
9ca773c982859e19b23325f8a7f84a2f,,3,Yes,11
7df625e6d2a0cd52e17dcfceaba8b601,,2,Yes,7
aa3d4166751a3b595b3eb708be0c42eb,Dresses,2,Yes,7
3e147500710b676990fd6d5dfc774415,Footwear with outer soles of rubber or plastics,2,Yes,3
1be8256f01100bc3b7b27235f19ece1b,WEBSITE,WEBSITE,WEBSITE,WEBSITE
bf131124900adbf763b668e9b0a3ae49,N/D,2,No,19
127313dd906f160e1a9c9504d351bbd5,"Jerseys, pullovers, cardigans, waistcoats and similar articles, knitted or crocheted",2,Yes,1
49c07babb9243af0cb6cdf687c1d6e7b,"Hats and other headgear, knitted or crocheted, or made-up from lace, felt or other textile fabric, in the piece (but not in strips), whether or not lined or trimmed",2,No,4
54e62fd75a2c9f2bfb3bbcd0a656df79," T-shirts, singlets and other vests",2,No,55
44b55a631a53e3234164805468ca6f81,Belts,2,No,2
c615656001b9bf0b68828f3ecee5bcb0,Dresses,3,No,24
da33d0ebb1e50ca0fb8ba6d8fbec7f9e,,2,Yes,12
1c1ea933359c3b1b11dc23f262a55e7b,"Pantyhose, tights",2,Yes,12
886608175af260618baa78de272027bf,Dresses,2,Yes,12
306d6eb0f0f4900867498cdba0ac1504,Dresses,2,Yes,12
0a7394b05e50ffbff07c323a930b094e,"Blouses, shirts and shirt-blouses",2,Yes,16
feb904d2321118340e2ba971b8c4f5ab,"Jerseys, pullovers, cardigans, waistcoats and similar articles, knitted or crocheted",2,Yes,16
4c1effc8a465ee0451979c278e6a31ed,"Handbags, whether or not with shoulder strap, including those without handle",2,Yes,17
3922f8b0551d68d5dc2b19cbb05c3073,"Coats: overcoats, raincoat, cape, cloaks and similar articles",2,Yes,17
6645fd3dcef393eebd1d57e8f17ae430,WEBSITE,WEBSITE,WEBSITE,WEBSITE
d78798e53ede873c79fc2e6477830ef7,"Blouses, shirts and shirt-blouses",1,No,1
9375d199a56a3f9a71405db2d58450e9," T-shirts, singlets and other vests",2,No,40
6063d3adf9f2a0bdb4aed9032edbfbc7,Footwear with outer soles of rubber or plastics,2,No,1
d5083bb3fb7ff90636f70dfa387f6584,"Pantyhose, tights",2,Yes,30
1d5e901c605a26edecebb8936e984e6e,"Pantyhose, tights",2,Yes,30
b7808257063e99e8fb8f11a1e61c56ae,,3,Yes,14
52da64cea4ee2d642ad53d69c0d2b6b4,Nightdresses and Pyjamas,2,Yes,14
7f969bd81390715dc181af6d7618f5ab,"Coats: overcoats, raincoat, cape, cloaks and similar articles",2,No,5
624e60a42a691f5656e83b5bd227092c,,2,No,1
cdf9e7ee275d81b5978f0371c917a56d,WEBSITE,WEBSITE,WEBSITE,WEBSITE
b4a7cc0cf36446283cfb6030377f6225,Dresses,2,No,1
7257fb20f54d3e574383b0bed260a581,"Handbags, whether or not with shoulder strap, including those without handle",4,Yes,7
e855c2e3deaabad5c881b030a44a251d,Shirts,2,No,4
dbffec19ddd323cfe6a5f678ecbdbc59,Shirts,2,No,3
4835ffbd1ce5a368bbcdf2dd8c927d98," T-shirts, singlets and other vests",2,No,15
e17c011187c23847de7f80d3b360b056,Other footwear with outer soles of leather,2,No,1
fe0acb53c0177e00b060db92ac79e907," T-shirts, singlets and other vests",2,Yes,40
3df6363153b1b5d067d0d5fd9d220645," T-shirts, singlets and other vests",2,No,5
6ff9ec48fb7aa8f6a7e67f57eaec9397,Other footwear with outer soles of leather,2,Yes,7
cb33c12bf4cc332daad9346f8d86cb8f,"Jerseys, pullovers, cardigans, waistcoats and similar articles, knitted or crocheted",2,Yes,1
2f4f079793b8da40f311815bed453498,"Jerseys, pullovers, cardigans, waistcoats and similar articles, knitted or crocheted",2,No,1
62d20022bdaabcf0acf955ff06a96a24,WEBSITE,WEBSITE,WEBSITE,WEBSITE
16f419b738ce0d495a11ab07f404f0e0,Other footwear with outer soles of leather,2,Yes,2
737633fdf1d55a8dfc4cf1309502c7b4,Items of leather clothing & accessories,3,Yes,9
37d14161fb31c5810eabc962b695e38f,Belts,2,No,4
21e9709c724238824598a6aa639b8833,API,API,API,API
036dd7b26cb65404f3f77da27cb8b775,N/D,2,No,19
96d1ecb08e97a2ec0389220eb83cc612,,2,Yes,12
b9a91dd91a9602d46f5929a625da3cc8,"Trousers, overalls, shorts",2,Yes,12
04daa3ca4e7a43ed82e440bed47662a3,,2,Yes,12
26f0b433907cd04fe66df6a92f26c1d4,"Jerseys, pullovers, cardigans, waistcoats and similar articles, knitted or crocheted",2,Yes,12
e71bd1525007dd7221a3c8a8187eefeb,"Trousers, overalls, shorts",2,Yes,12
8b1c60025a22fc297e895baa5c0fd83b,,2,Yes,12
5b164864b6cc2c5422c393111ee1a11c,Other footwear,2,Yes,16
105d1df1691a0fa8f1dfce3b7c69d055,"Handbags, whether or not with shoulder strap, including those without handle",2,No,5
8fbe2b75d9055de39c73eed52c91f3cc,WEBSITE,WEBSITE,WEBSITE,WEBSITE
801a1ce7918fccf59cfd47a9178889c0,Articles of a kind normally carried in the pocket or in the handbag,2,No,16
19824677a3494c86d779cae9b027b9a4,"Blouses, shirts and shirt-blouses",2,Yes,4
3f4585c79040edde9a0abee5ed70df93,,3,Yes,9
615932b123020d190c0c7013acbd35d7,Footwear with outer soles of rubber or plastics,7,No,4
9a8a2b75b7e0e44fbfb63657d9c04e51,Footwear with outer soles of rubber or plastics,3,No,24
b79a32190d2b8eeb0fbd6934b47ebad2,Footwear with outer soles of rubber or plastics,3,No,24
030c8d6a470f5ba460bafcf8f1a9a621,"Jerseys, pullovers, cardigans, waistcoats and similar articles, knitted or crocheted",2,No,30
0c156d009a15062aadf8ba47830fdf16,Footwear with outer soles of rubber or plastics,2,No,5
4f1d02cf0457306d41802b09f3bbcfc7,"Handbags, whether or not with shoulder strap, including those without handle",2,No,3
8729a4e752c293b521ebb02e2073bad8,Articles of apparel and clothing accessories,2,No,12
a027c770059055e6aebe9621b46d5ce6,Footwear with outer soles of rubber or plastics,2,No,17
eba6bb2653a0187830d1fb7014789e06,"Coats: overcoats, raincoat, cape, cloaks and similar articles",2,No,1
762db66bd2a5e8a796b59be77b008659," T-shirts, singlets and other vests",2,No,5
c8237f082049067e28cc4245a33de7c9,Other footwear,2,No,5
