id,ddpsubcategory,shiptypeid,hasitemsonbag,country
cec62a701c7df1376079042035fb07bf,Dresses,2,No,5
f489d10e3047e0bf696a51a43334ad1b,"Shawls, scarves, mufflers, mantillas, veils and similar articles",2,No,10
40f83f8cc1543f5d57ef13a6513ef1f7,N/D,4,Yes,7
3505ed69f363c091e2bb6b54a8a27d48,N/D,4,Yes,7
a9c533736a1c00e409f617f5f3899f25,WEBSITE,WEBSITE,WEBSITE,WEBSITE
b7a0f4eda482992b7d12d5c4bf6e469c,Items of leather clothing & accessories,2,No,20
2f0c55e3083585fbe39900bb236e3a74,N/D,2,No,5
f4a07c7437a08ff8ce8f2c196c8c721e,Other footwear,2,No,11
519f50633cd85adb5982ad49274ec389,Other footwear,2,Yes,2
9fe7a32a1a184acaaa5dbe36c5cd4e52,Other footwear,2,Yes,183
ec52cee8338a418bc6a1d2342d801171,N/D,2,No,12
91835bf0396c6c9b06f8af9754d3c73d,"Hats and other headgear, plaited or made by assembling strips of any material, whether or not lined or trimmed",2,No,12
0f566d6e331b34a0ce5874d738ad988c," T-shirts, singlets and other vests",2,No,30
80aa16e62e18aff896b6ed61171087e8,N/D,4,No,7
3f68f1411ee572c3a726f833cd2c8437,N/D,4,No,7
3c9f10a3c34ebae5dd4a4a5c63082318,N/D,4,No,7
1d524cb17bd5b77ae40a553cc8268603,Footwear with outer soles of rubber or plastics,2,No,1
67382af84f54b01be23330d58bbd2155,Other footwear with outer soles of leather,4,No,7
48ac462292fedae7e51598d630585564,WEBSITE,WEBSITE,WEBSITE,WEBSITE
08cf4bf145a647af9c2697765c02425f,WEBSITE,WEBSITE,WEBSITE,WEBSITE
b2ec7f032ec297ddeb49de4c4abf3b36,"Coats: overcoats, raincoat, cape, cloaks and similar articles",2,Yes,1
d684bc832524454e58706c955df53791,WEBSITE,WEBSITE,WEBSITE,WEBSITE
294fddab5c1ef50aa557f98637a3f3d3,"Trousers, overalls, shorts",2,Yes,1
fd57f913832b0178ad87f4c3692fa7dd,Other footwear,2,No,4
34fc20bad8d73bd768b33a1b5a5a3767,Other footwear,2,Yes,44
50a5c84cd85eb070cf9c6a1579f7b365,Footwear with outer soles of rubber or plastics,2,Yes,16
a43dab32e35a97e5fe0e77370c7d63ba,"Trousers, overalls, shorts",1,No,1
d10e04426cea21c334bab3369cc204ae," T-shirts, singlets and other vests",2,No,1
11b74f3b7288a4972a4e17f2e2e7f725," T-shirts, singlets and other vests",2,No,1
98ba8ded2541f707ed4108cf9f0689aa,"Jerseys, pullovers, cardigans, waistcoats and similar articles, knitted or crocheted",2,No,1
6e09388027455948c455e07f4e5512f0," T-shirts, singlets and other vests",2,No,1
3539322daa6deaa4c07b41346bec15e1,Shirts,2,No,1
c536d28ca67a278eda959838836d6cbd,Shirts,2,No,1
ccc3cc64a9f0accbee5178ee8ef09b08,,2,No,1
82bd87ca0e1325e3f2fd6f7068198091,"Jerseys, pullovers, cardigans, waistcoats and similar articles, knitted or crocheted",2,No,1
39a64b8ba3839e8b25ac59fb9c853e38,Sunglasses,2,Yes,12
9992850a4141bdb2262374bcc20dd0ea,,3,Yes,4
bbda05c3c7b116a11c15acfe11f76e67,N/D,3,Yes,11
db76467d73c4699af88f689df51a5982,"Coats: overcoats, raincoat, cape, cloak, ski jackets, windcheaters, wind-jackets and similar articles",2,No,4
8dce5aec9275b12a8849a559983baef3,Other footwear with outer soles of leather,2,No,5
cff8b53fdb77ac9819ad832fb8ddfb8c,WEBSITE,WEBSITE,WEBSITE,WEBSITE
e9a9e949610adfa60f7ea9a8d01a99c1,Footwear with outer soles of leather or composition leather,3,Yes,9
36d543e207d507a1e2ec1f8c498d2a2c,Other footwear,3,No,11
e073a6d95f58b6c542cb9e7a314e9ef5,Footwear with outer soles of rubber or plastics,2,No,16
fc244cd1dc47df367be483df658cac0a," T-shirts, singlets and other vests",2,No,5
54283b73c674706cfea48d7448f408ad,"Jerseys, pullovers, cardigans, waistcoats and similar articles, knitted or crocheted",2,No,5
40e47d06d42de1db5611363e9eb97de7," T-shirts, singlets and other vests",2,No,5
8df49b0ea4f3204920a855a1189c4663,WEBSITE,WEBSITE,WEBSITE,WEBSITE
7784e14d22eb264af94c8094aa970b4a,WEBSITE,WEBSITE,WEBSITE,WEBSITE
49117ac06f478df9962436075bd7ffde,"Handbags, whether or not with shoulder strap, including those without handle",3,Yes,4
386dd01145cb801ebf2601d3a4014bbe,"Jerseys, pullovers, cardigans, waistcoats and similar articles, knitted or crocheted",2,Yes,12
3a5cd2d26cea63980aa97436cc8f3e02,WEBSITE,WEBSITE,WEBSITE,WEBSITE
80fbd8cfab3ebdc4a872165a8f477aa0,"Other e.g. braces, suspenders, garters and similar articles",2,No,7
97c53b9a5b8cf73fdac92475b1f791ec,API,API,API,API
eb9b60818aff3584300bc535ebf54296," T-shirts, singlets and other vests",2,Yes,5
fc88e359ae2ce6954dc5b868d11b38db," T-shirts, singlets and other vests",2,Yes,5
84782a8f47e672457d943cccad24f06e,"Handbags, whether or not with shoulder strap, including those without handle",2,No,5
26d59c32ae848f8121056dbc91943477,WEBSITE,WEBSITE,WEBSITE,WEBSITE
053df0e9bd5a41546fa71312fe15e2cc,Articles of apparel and clothing accessories,2,No,2
0614dceb22118104fdce619d21478686,"Coats: overcoats, raincoat, cape, cloak, ski jackets, windcheaters, wind-jackets and similar articles",2,No,19
4a58a35e2979e4f54b3c18a641f4cd20,"Handbags, whether or not with shoulder strap, including those without handle",2,Yes,44
6aaf4f438a901d9809147cc4da2bef96,"Blouses, shirts and shirt-blouses",2,Yes,48
08ee64896262193a9ec5ea4f4d2cb746,"Blouses, shirts and shirt-blouses",2,Yes,48
6fc00b65fd5c9a61aa4bbe7774ea59b9,"Trunks, suitcases, vanity cases, executive-cases, briefcases, school satchels and similar",2,No,4
8a90b1a9846e64e5b3f2360d1086eeef,Shirts,2,No,49
cf0cb3918de2a426175ff411c1d913bb,Jackets and blazers,2,No,49
c009e339028fd5ec260c9057f743ed5e,,2,No,49
11883c4bf409484813b8e2d01b84eb32,WEBSITE,WEBSITE,WEBSITE,WEBSITE
2e731254f8ed317fe23b392814af6c2b,N/D,2,No,19
71de5fa3f7385fd755f6ef09dd74fcbe,"Handbags, whether or not with shoulder strap, including those without handle",2,No,7
8646661a966f263f410f0d3efb1cfdc8,API,API,API,API
9a96b2b9a1b53629b85d5aa57297798b,Other footwear,2,Yes,1
d9a540b86b44c12ac3cae6ea5a56a06a," T-shirts, singlets and other vests",2,Yes,19
7b015a38b876bd76beefcd4488753114,"T-shirts, singlets and other vests",2,Yes,19
ed787f61308679f87ab3e01f36bbcca7,"Jerseys, pullovers, cardigans, waistcoats and similar articles, knitted or crocheted",2,Yes,19
1234df98251e8134e185a014c9ddf24d,Jackets and blazers,2,No,1
ce52de0a3ea0aec0ca24f211521347b3,N/D,2,No,2
431d56dc2b3a3fc81b6ed408889c5c84,"Handbags, whether or not with shoulder strap, including those without handle",2,Yes,19
97ab9c21d1d07fc952123a32c7e8ab0f,"Pantyhose, tights",2,Yes,5
b0c3a50f84d5902fdfd9499e92cd503c,Articles of apparel and clothing accessories,2,Yes,5
adde838262c1749cb455b72695a14ce9,API,API,API,API
eb7c55720bfdf6a8c98150c734345ada,N/D,2,Yes,5
d9de3bdc0f222501cc6f788ed4c9cc37,Other footwear,3,Yes,10
a60617739dc89ca27ed926f92b37e3f3,"Jerseys, pullovers, cardigans, waistcoats and similar articles, knitted or crocheted",3,No,55
f8d4155570aa80349ddc0929d3846f35,Swimwear,9,No,4
a1f93aacd6b6147a876863010af19207,Swimwear,3,No,4
ad6361951bd75af58b83dfc06c2fa5a6,,3,No,4
6c7acc302fc060d4d0e4bec977fe376d,"Trousers, overalls, shorts",3,No,4
d68463e0442b5937637520883a68dde7,Footwear with outer soles of rubber or plastics,2,No,4
520ff461d4765fb503a9c0d3f7db185c,Footwear with outer soles of rubber or plastics,3,No,4
db776cdf0829de9ab0bb31ebfbe62ef6,Swimwear,2,No,4
6d67f987e2462a36260a4ff3de6f96df,"Handbags, whether or not with shoulder strap, including those without handle",2,No,15
f01569f990a614ead849f1244bb84d49," T-shirts, singlets and other vests",2,No,15
39f88d17a3bc466d7fb01b0917bf43dc," T-shirts, singlets and other vests",8,No,1
dcf56dba89543ef8c3ddf78e3358cafe,"Trousers, overalls, shorts",2,No,1
959edc70bcd2b010e3a457a87a4e72de,"Jerseys, pullovers, cardigans, waistcoats and similar articles, knitted or crocheted",6,No,1
e5bfbe4c2bbe384da9dc4ae11ac92f1d,"Trousers, overalls, shorts",6,No,1
ac56b397b2979c06612b1f1e1acd6f3f,"Babies' Trousers, breeches and shorts, except those imported as parts of sets",3,No,11
a7369f8ec37e669fe6775b62ead0cf2b,"Babies' T-shirts, singlets and similar garments, except those imported as parts of sets",3,No,11
ba091df5fe269b8517783a08034c5110,WEBSITE,WEBSITE,WEBSITE,WEBSITE
75c8f64a4161336f6e3b6753082b2394,Articles of a kind normally carried in the pocket or in the handbag,2,No,30
a09f020d9a4668605c44640460122e29,"Hats and other headgear, knitted or crocheted, or made-up from lace, felt or other textile fabric, in the piece (but not in strips), whether or not lined or trimmed",2,No,30
d4e6eae205e1843529cbb7fe9e35c1b4," T-shirts, singlets and other vests",3,Yes,24
a0d28eb093c18b382b8d0de9a647b167,"Trousers, overalls, shorts",2,Yes,17
0ca8992e8478e78f5ce218bf62996637,,2,Yes,17
ede68037c82f9dc3935b6d0703c21937,"Trousers, overalls, shorts",2,Yes,17
a0f9bc759fbe0cbc3fb2d046309ea67f,Dresses,2,No,9
a11aa32933bf24dfacc4c13cd9cc121f,Footwear with outer soles of rubber or plastics,2,Yes,19
