id,ddpsubcategory,shiptypeid,hasitemsonbag,country
f9fb7c79045fc492a18b051150c2b269,Dresses,2,Yes,1
e7e72b6b01f17cf0fa3aca49a21fa724,Footwear with outer soles of rubber or plastics,2,Yes,1
114234b0d73c7887a1364b5c4405b29a,Footwear with outer soles of rubber or plastics,2,No,1
0e7fb0a3d658c358b4e5e9561f35099e,Jackets and blazers,2,Yes,1
107806e82bffd4cdb17bf1cbe7378646,"Handbags, whether or not with shoulder strap, including those without handle",3,Yes,24
af5604111becd28211b2bc271c8c9b57,Other footwear with outer soles of leather,2,No,4
8dcf0bb99b636e860943bcb4b1104292,Footwear with outer soles of rubber or plastics,2,Yes,11
98aeb7d2c3196e0867fc9a6408e91282,"Jerseys, pullovers, cardigans, waistcoats and similar articles, knitted or crocheted",2,No,1
f9dff983997e5617eb90301227612fee,"Jerseys, pullovers, cardigans, waistcoats and similar articles, knitted or crocheted",2,No,1
bd60b7054e3090a6a7b3fc94f4d9d17f,,2,No,9
56b65de416c2c508f3b53298e3059fe6,N/D,4,No,7
ea968aaba7b3f0ef9b443aa540e1a579,"Blouses, shirts and shirt-blouses",4,No,7
937e55950b2f7c61e80237f72dafc94b,"Trousers, overalls, shorts",4,No,7
0d0e8e5e5c83563a3d17a84f9c763733,Skirts,2,No,2
42abb461b5a51fb0d354de2ba3c42c1a,Dresses,2,No,2
6d369990f2425fbef45882c63088e633,N/D,2,No,2
2448225d3dfa0dc52632c746aa76b66e,Dresses,2,No,2
ff580492eeafdce9321d4f73543b61e1,"Jerseys, pullovers, cardigans, waistcoats and similar articles, knitted or crocheted",2,No,2
e297f099ebb4b475764f76a3b49c9b3b,"T-shirts, singlets and other vests",2,No,2
f527bb54bbe0ff43068983a3cb2b0749,"Blouses, shirts and shirt-blouses",2,No,2
977f12bce26cd2997d16105d08003fce,Dresses,2,No,2
10e71f188f6f3575f6be7f7e94c50c44,"Trousers, overalls, shorts",2,No,2
efe793b96b3712ee5e8e7b81875839a4,WEBSITE,WEBSITE,WEBSITE,WEBSITE
7375737cbc45eaf7c478be2858e294ca,WEBSITE,WEBSITE,WEBSITE,WEBSITE
5499df60b3f5b017d19ba4f03165deda,,2,No,41
ed354d904d10e4349a85efc49b588496,"Jerseys, pullovers, cardigans, waistcoats and similar articles, knitted or crocheted",2,No,41
468a6110e2c79e3329df7dcbc5be02ed,Footwear with outer soles of rubber or plastics,2,Yes,5
3096f517f6ef05f0ad1b5654a798bb89,"Trousers, overalls, shorts",3,No,54
e590b746282f6de6f6ffb682b32fccc6,Other footwear,2,No,1
46bbc4a56de136ad319e59e37ef55644,Other footwear with outer soles of leather,2,No,2
d214b8d1e391af692ce60a796b481858,Footwear with outer soles of rubber or plastics,2,Yes,4
bb0975dd4c51e80f5a597fff07ba83bb,"Blouses, shirts and shirt-blouses",2,Yes,1
bc55d3363ee659d6ab6c908b932c7705,"Trousers, overalls, shorts",1,Yes,1
0deaeb75cda8dcb1f9ab1be8fb826e8e,"Handbags, whether or not with shoulder strap, including those without handle",3,No,24
be4f71c8222e43c0fcb16a77d1226f23,WEBSITE,WEBSITE,WEBSITE,WEBSITE
cea0fedca8442bd7715832a012c208c1,N/D,2,Yes,1
22a993565308ccff8a1db375e32fdaee,"Jerseys, pullovers, cardigans, waistcoats and similar articles, knitted or crocheted",2,No,103
4c37a6b2cc40bc0005dd2efeaff3d882,Footwear with outer soles of rubber or plastics,2,Yes,5
049f1769058084a60645ec6bb65cc463,Jackets and blazers,3,Yes,7
ae8e0b4d73ca94fcfbceee69c857a979,"Hats and other headgear, plaited or made by assembling strips of any material, whether or not lined or trimmed",1,Yes,12
59a58382d7d556e4857553efb76c4bd2,,2,Yes,12
35fbd1fd947c3f28341c5994845f294d,"Of base metal, whether or not plated with precious metal",2,Yes,12
425e4714036e70b93d1683fc33b757e6,N/D,4,No,7
4f91efe6bc8cdfee8fd8a1a486a14f26,,2,No,1
aca704179243b072a128766eb67ad4ab," T-shirts, singlets and other vests",2,No,6
caac56cffdc38b4ce41d5d75b96f9323," T-shirts, singlets and other vests",2,No,6
0135597642178aed62486ddc02136617,Dresses,3,No,11
f452fb191386e040c8dbb8e6e90da113," T-shirts, singlets and other vests",9,No,4
b2dd2583d19832103b190bcafc17b307," T-shirts, singlets and other vests",2,No,4
59f6437b10a9d515ab7ac4679597b52d," T-shirts, singlets and other vests",2,No,4
7e631293a86eb721e722395a86364fa5,"Jerseys, pullovers, cardigans, waistcoats and similar articles, knitted or crocheted",2,No,4
0f7a3e9f4a5a415ee8d01aa7ad65ab7a,Belts,2,No,24
c262b62c257bb4e97a9618c9bf4bacf5,"Trousers, overalls, shorts",2,,34
00ff7a83bcd5b044cde96ec2519861c6,Other footwear with outer soles of leather,2,Yes,1
2381681e4f2c2fa35663f58ed908104d,"Handbags, whether or not with shoulder strap, including those without handle",2,Yes,51
1acc40b7524b3a02423b562ffbd13ff6,Other footwear with outer soles of leather,3,No,24
2130c1eb94bf7767173970321cca0a89,"Coats: overcoats, raincoat, cape, cloak, ski jackets, windcheaters, wind-jackets and similar articles",2,No,16
c46269770def083aca28a5ad93d79e18,"Coats: overcoats, raincoat, cape, cloak, ski jackets, windcheaters, wind-jackets and similar articles",2,No,16
4bb51d72da028d47b13bbe68fa9d43bf,Footwear with outer soles of rubber or plastics,3,No,9
ef17814ab770a950071cfdd5c635d5de,"Coats: overcoats, raincoat, cape, cloak, ski jackets, windcheaters, wind-jackets and similar articles",2,No,11
67ca3192a9793d768d6706d0541842f4,"Handbags, whether or not with shoulder strap, including those without handle",3,No,14
c04c93a41c414f2801d74c3d5a063a34,"Jerseys, pullovers, cardigans, waistcoats and similar articles, knitted or crocheted",2,No,2
23801cb483fb83f4582815f457a3c3ec,Footwear with outer soles of rubber or plastics,2,No,4
252f10d089c839dc941598cc7533ba82,Footwear with outer soles of rubber or plastics,2,No,20
40c96aecfca4955b9c192e6dcea235ac,"Coats: overcoats, raincoat, cape, cloak, ski jackets, windcheaters, wind-jackets and similar articles",2,Yes,19
4fec58181bb416f09f8ef0f69433584f,,2,Yes,19
21be7c03c5483000f0e6c8be9b9f868d,Footwear with outer soles of rubber or plastics,2,Yes,51
a9c5f75099f100a8ba27d64b5e705660,"Of base metal, whether or not plated with precious metal",3,No,9
c308dbfc240759680e659bfccebc1bb2,"Coats: overcoats, raincoat, cape, cloak, ski jackets, windcheaters, wind-jackets and similar articles",3,No,9
73338368669a521b1fff24d636c6bf7e,Footwear with outer soles of rubber or plastics,3,No,10
143e1da8e6c7c95f7b9401091be6c3fa,"Hats and other headgear, knitted or crocheted, or made-up from lace, felt or other textile fabric, in the piece (but not in strips), whether or not lined or trimmed",3,No,9
d9d78a37e125771a47795f73833ae66c,Swimwear,4,No,7
2429b277981dff3c89b6ab0662ccfd15,Footwear with outer soles of rubber or plastics,2,No,46
329cefc1992e229270d31b90a569ad0f,Footwear with outer soles of rubber or plastics,2,No,46
80308619b3853ab9dc255104659e1ef6,Other footwear,2,No,4
2488294e5b8aa832810695a56cbeacdf,"Coats: overcoats, raincoat, cape, cloaks and similar articles",2,No,3
84ca5950143557353793f24e65e1af22,"Blouses, shirts and shirt-blouses",2,Yes,1
bc385735bef9ffc1374561fa59c09f1c,"Handbags, whether or not with shoulder strap, including those without handle",2,No,1
f4de3672ef64c527799235acd16960c6,WEBSITE,WEBSITE,WEBSITE,WEBSITE
8f5104ad65b098931047fbd28d8fcaaf,"Coats: overcoats, raincoat, cape, cloaks and similar articles",6,No,12
ed1f42da2c5662307df13fe5648b05bf,WEBSITE,WEBSITE,WEBSITE,WEBSITE
5b5920d06d8fef2496244d5684bdbf1c,"Trousers, overalls, shorts",3,No,9
b836950dbe8b92c95f2f3c5c7eea553f,N/D,2,No,1
f8f6c2b02a64736a13529bb5003a562c,Footwear with outer soles of rubber or plastics,2,Yes,40
22dc3a0418ae1b9b41c4daa7b9631559," T-shirts, singlets and other vests",2,Yes,40
4c44e91d56c3d5d780dc803c9209f8dd,Shirts,2,Yes,17
e1f321a3bb511f3a25587df4ce020532,Shirts,2,Yes,17
b6ab25e26f747fb4282c742a98d892cb,"Trousers, overalls, shorts",2,Yes,17
7318634fbf3172a58af7c638ddc76184,"Coats: overcoats, raincoat, cape, cloak, ski jackets, windcheaters, wind-jackets and similar articles",2,Yes,17
4c7e845abad0efaee0c3c86c4c230999,Other footwear with outer soles of leather,3,Yes,11
baa44eaf29fa441ecc49f495f77f4aff,Other footwear with outer soles of leather,2,No,1
e51c23226c8e20febd0c656a33711356,Footwear with outer soles of leather or composition leather,3,No,1
5612d8e312285c1879e33a26b40dd227,"Jerseys, pullovers, cardigans, waistcoats and similar articles, knitted or crocheted",3,No,9
450b9ff6579ee8138f673984554e8a93,"Jerseys, pullovers, cardigans, waistcoats and similar articles, knitted or crocheted",3,No,9
5bc2931447642c01fa45d3de7212abdd,"Jerseys, pullovers, cardigans, waistcoats and similar articles, knitted or crocheted",3,No,9
97bb6bebe0602bb94df8f8382b7df9c7,"Jerseys, pullovers, cardigans, waistcoats and similar articles, knitted or crocheted",3,Yes,9
c9c9f8e41433ff4ad15aa577a465e599,"Jerseys, pullovers, cardigans, waistcoats and similar articles, knitted or crocheted",2,No,50
ce8d8333fc3f225ab596b0505fbdb2cf,"Blouses, shirts and shirt-blouses",2,No,50
11e2cf84863231d5e2fc5d5075a2dd4a,Footwear with outer soles of rubber or plastics,2,No,4
fb414e2a21907d9aeb4e7d9715a92a00,Of precious metal whether or not plated or clad with precious metal,3,No,63
bf959c64f2ebaa7aa642e0b5280bbdf6,"Trousers, overalls, shorts",3,No,11
aa5abe4213de91189c56ffc3a087e685,Footwear with outer soles of rubber or plastics,3,No,24
eb54c84cfe7e3adc6f6db7d7975fa3d3,,3,No,4
2d879a9dc61db834e7597d21c9f65101,Footwear with outer soles of rubber or plastics,2,No,30
9d4614272961eadb8e650a04429aa880,WEBSITE,WEBSITE,WEBSITE,WEBSITE
afba8d857844affddbc32772d3a37db7," T-shirts, singlets and other vests",3,No,9
9e30387be1bdc568dfca37927852dc94,"Hats and other headgear, knitted or crocheted, or made-up from lace, felt or other textile fabric, in the piece (but not in strips), whether or not lined or trimmed",2,No,1
b47fe896f07e0e8fdf6956ce0669e16e,Articles of a kind normally carried in the pocket or in the handbag,2,Yes,4
1c4196d0ff7fe4e94bdca98fb251bc25,Skirts,3,Yes,24
