id,ddpsubcategory,shiptypeid,hasitemsonbag,country
8547b51fb766a8f54f433419a60d8f03,WEBSITE,WEBSITE,WEBSITE,WEBSITE
5cc996f7fa5a7b4b0a6823cb81da08b3,WEBSITE,WEBSITE,WEBSITE,WEBSITE
e71ca85433a66f3e9a325bcc2960972a,Footwear with outer soles of rubber or plastics,2,Yes,45
0361851948984bce21b2dfd563090c35,"Jerseys, pullovers, cardigans, waistcoats and similar articles, knitted or crocheted",2,Yes,17
2ca002ff6d645e0370b3bbbb2a2138f3,"Jerseys, pullovers, cardigans, waistcoats and similar articles, knitted or crocheted",2,Yes,17
68c6af6f90240f59e1e1d242f693c900,"Hats and other headgear, knitted or crocheted, or made-up from lace, felt or other textile fabric, in the piece (but not in strips), whether or not lined or trimmed",2,No,1
49c152a7a83c7829425cb63087dcdcde," T-shirts, singlets and other vests",2,No,2
4d63f7f2b52caa1d82de83ca6be2c280,N/D,2,No,2
db313b225b9cf2a7c0709d166f13bb64,Shirts,2,No,2
641dd0a1d7e59f33927a63e61164b474,,2,No,2
3046eacce42f6def7f9be9422f012aa3,,2,No,3
8f3e9e84c27f168e9da329d240f4d149,WEBSITE,WEBSITE,WEBSITE,WEBSITE
c0101fbeb52b71ff1d2de15173b5820d,,2,No,15
dd6482b2b8bcb071938f75e00fd2b497,WEBSITE,WEBSITE,WEBSITE,WEBSITE
fdd76d4e4becd019a1c16937ba4b508b,"Jerseys, pullovers, cardigans, waistcoats and similar articles, knitted or crocheted",2,No,35
d880d41d6f166e7f59e0f2ecbdc7a59e,,2,No,35
ced93cdccf509d9725fe4532d64220e6,"Jerseys, pullovers, cardigans, waistcoats and similar articles, knitted or crocheted",1,Yes,1
6a62f426e79ec254410e2beaf6d03c8a,"Trousers, overalls, shorts",2,No,1
d9d19d8934e534dde5702e82db09ca9f,Jackets and blazers,2,No,1
a0127c0feb678e44a6391c324b19991c,Other footwear with outer soles of leather,2,No,1
1c53fcf3b54a63f0b59685cd5b6d4934,N/D,2,Yes,19
17894bbdd0e94609a0981f95d0f5065d,,2,Yes,19
2437b4e6f549f919b61f2a06944d6386,Other footwear,2,Yes,19
fdd9aabac800bc83ae07e3747c9cc825,"Trousers, overalls, shorts",2,No,1
d1f23826eac5cac0a2160373b99dda50,"Handbags, whether or not with shoulder strap, including those without handle",2,Yes,45
168224e66a1ce180b7c2ddc17763aa46,"Handbags, whether or not with shoulder strap, including those without handle",2,Yes,45
6e9c64bea582fa378433d6dcf9411220,Items of leather clothing & accessories,2,Yes,12
4e55903fe8082982415e6005fc7da886,Footwear with outer soles of rubber or plastics,2,Yes,31
f29d1582866dd74e49cb244c2abeb03c,WEBSITE,WEBSITE,WEBSITE,WEBSITE
7c0f3640580d9847f4f16cc01fb67de9,Nightdresses and Pyjamas,1,No,1
f5595e3c53ea7ae39be8ef58c0479a9a,Footwear with outer soles of rubber or plastics,2,Yes,12
3a3b936c1c79aa18a0957199e9c89925," T-shirts, singlets and other vests",2,No,6
51714aefd8c98055594848d1c67ae1ec," T-shirts, singlets and other vests",1,Yes,1
652832aa72add43af22ddc2cbdb7beb2,Other footwear with outer soles of leather,2,Yes,21
701f4e5c4ef8f21bcfbec7ac36e97f50,"Jerseys, pullovers, cardigans, waistcoats and similar articles, knitted or crocheted",2,No,19
de46ecb96145bf78049f0312ab107e88,"Trousers, overalls, shorts",2,No,19
66eca5104e8fdb9daaadcb0c3afe9e81,"Coats: overcoats, raincoat, cape, cloak, ski jackets, windcheaters, wind-jackets and similar articles",2,No,19
e937fe97c5e2915f66b6255c874c30c2,"Coats: overcoats, raincoat, cape, cloak, ski jackets, windcheaters, wind-jackets and similar articles",2,No,19
8b36fc5f7ed9f212b979c2b14b99fc1f,Jackets and blazers,2,No,19
99bf70c420b0dd463ab1b1761616edbe,"Trousers, overalls, shorts",2,No,19
e2ea312c6c0c186d4cc19a3c51db7e8e,Articles of a kind normally carried in the pocket or in the handbag,2,No,4
e9786f0179ebc23851b1bf85145a7849,Jackets and blazers,2,Yes,3
dc91398033507b5bb7d54f544c4ce7cd,WEBSITE,WEBSITE,WEBSITE,WEBSITE
affab8e8997ddb5a2b30454aeb8894c7," T-shirts, singlets and other vests",2,No,3
70d7eb327e6ebc8e616e466e139f1bc1," T-shirts, singlets and other vests",2,No,1
c470eaf1989a8acb058a40b517872962,Other footwear,2,No,3
aee977c70cb9411285c874ef0f85a6b2,Other footwear,2,Yes,19
0c3dec24b2fac879988deff84feb5d00,Articles of a kind normally carried in the pocket or in the handbag,2,Yes,32
9157fbe6a8f9a12f93cfefdfbb56996a,,2,Yes,32
28a93f80fb0c2fda5d60262891a3ca9c,"Handbags, whether or not with shoulder strap, including those without handle",2,Yes,3
39e932629fe31214fb0905d2547eb13d,Footwear with outer soles of rubber or plastics,2,No,3
e890fd5ae2f1df38df70149975ce5718,Jackets and blazers,2,Yes,1
1dfd6b77289e18996faa7a04e8e7efa0,"Shawls, scarves, mufflers, mantillas, veils and similar articles",2,No,5
1ed68cfdbabb04b50aed26d9b16533e4,"Shawls, scarves, mufflers, mantillas, veils and similar articles",2,Yes,1
67a7d46839c6fba880d30a232351d40a,WEBSITE,WEBSITE,WEBSITE,WEBSITE
dd8d6ecd14201832feb2189f7b5b5fc8," T-shirts, singlets and other vests",2,No,1
4b867714a88368246f79da77776fb01b,WEBSITE,WEBSITE,WEBSITE,WEBSITE
4921912c41fe2b19b1f300a0eafc79b9,WEBSITE,WEBSITE,WEBSITE,WEBSITE
485e46d3e1ba0786b6cb5cc01b90290a,API,API,API,API
fc39ff49e7c02bdee8a069fcb670799f,Articles of a kind normally carried in the pocket or in the handbag,1,Yes,1
e8dc6c0bbb2edfe0eea46e3643a27f62,Other footwear with outer soles of leather,2,Yes,31
2cbd382e992133534d935104d2a37bca,Other footwear with outer soles of leather,2,Yes,31
459c4adc7b481fa693d7ba5cae65f1e4,Other footwear with outer soles of leather,2,No,1
e8bae72c96f22637d30e55ae1aed3b65,Other footwear,2,No,3
d7fbf5f46bf47d86452532b502097749,Shirts,2,Yes,2
d47d227e6e66f632b493f39cacd0bfc5,Footwear with outer soles of rubber or plastics,2,Yes,1
d5c4a2348cb5e229b0061530dd3a6f65," T-shirts, singlets and other vests",2,Yes,1
2f174213b22e2523101fcfef6586141c," T-shirts, singlets and other vests",2,Yes,1
5b464e1ec0e1a8b032410a97582e57ac," T-shirts, singlets and other vests",2,No,3
b48526ebd9d3806202b2b2f96b6c9972,"Jerseys, pullovers, cardigans, waistcoats and similar articles, knitted or crocheted",2,No,3
dcf6148e17ab456d96ee243ec27e79c3,Of precious metal whether or not plated or clad with precious metal,2,Yes,17
dea6a2ea4357c0a67209d0475f71e6d5,"Of base metal, whether or not plated with precious metal",2,Yes,17
5b968afa16fde148fbdde07b8f22dab2,Skirts,2,No,5
b847154cb8e546320d2869877ca8995a,"Shawls, scarves, mufflers, mantillas, veils and similar articles",2,No,5
6fd1f704fa3e0997a2fa4781f9e7396d,Jackets and blazers,2,No,15
96b8400aa32ae1bccc6cdd97fdde4a7e,Shirts,2,Yes,45
d086a1ec5f1ed6aec363b62c66758cc9,Other footwear,2,Yes,45
062c3d136f11810900e9da441e44fcbe,,2,Yes,19
614bb60ebb99dc9deee647c69e3e6d52,Other footwear,2,No,43
bdfdc2c45d53bbf02c4b82195110bd03,N/D,2,Yes,17
0e1bb0993fecd5424912a21ee267ace3,Other footwear,2,No,1
5e3b3d51e4f3932711dfb3dcbd0a77de,Other footwear,2,No,1
0ea5bd5c6dc50d101d05bc075b1cb814,WEBSITE,WEBSITE,WEBSITE,WEBSITE
c1b0937cc033cc5e1fecdc3ac2449d5c,Other footwear,2,Yes,1
779b216f6aa5d9b600451b68c3da6a25,Articles of a kind normally carried in the pocket or in the handbag,2,No,12
ce3c80b61d6a63e2820381a2b786db12,API,API,API,API
8099958c7da1a5601ba0d562cc08ef1d,,2,No,6
f8d1a1405e29dcedeed83064336ebac0,Other footwear,2,No,19
714cc36bbb252ffdd7e92e2d35f24a72," T-shirts, singlets and other vests",2,Yes,7
15e864639a3fdc2395329a29f515763f," T-shirts, singlets and other vests",2,Yes,7
73d1c2f7c7a22c2a07119e6edffb20b0,Other footwear,2,No,43
3d29e62847af88909f368d17d06ac326,N/D,2,No,5
d784c80287fcef243d1da364e8eb4d0a,"Coats: overcoats, raincoat, cape, cloak, ski jackets, windcheaters, wind-jackets and similar articles",2,Yes,2
4e63a87508458fa4a5ad2accab18bf9f,Footwear with outer soles of rubber or plastics,2,Yes,17
927556eb38511f1b28e08b029191d92f,Articles of a kind normally carried in the pocket or in the handbag,2,No,17
1e87b2dbfad3d28b8811910e05a35092,"Jerseys, pullovers, cardigans, waistcoats and similar articles, knitted or crocheted",2,Yes,12
e34ee8251e54ea3b29d43093fb88043c,,2,No,1
8d7b8b80c10344478917cf27c0174221,Jackets and blazers,2,Yes,4
5391fc165ec50f416583bce050feb77c,Other footwear with outer soles of leather,8,No,1
8cf2283105dfde344a21fa635018ccf9,"Hats and other headgear, knitted or crocheted, or made-up from lace, felt or other textile fabric, in the piece (but not in strips), whether or not lined or trimmed",2,Yes,31
5b8e0d2fe18245e75a8d9ac6ce435559,Other footwear with outer soles of leather,2,Yes,2
b0584d90947d5cc19793f8fa4cb21e1e,Other footwear with outer soles of leather,11,Yes,3
424d0e735c143839de1b44229b173abe,"Jerseys, pullovers, cardigans, waistcoats and similar articles, knitted or crocheted",8,Yes,1
2fc756741aee6b811ce5b25939b70a86,"Jerseys, pullovers, cardigans, waistcoats and similar articles, knitted or crocheted",2,No,9
1c3582b070e085ceaa370755b98898a2,Dresses,2,Yes,15
1b61cdee8c0d05cf58e8340b65fb5311,"Jerseys, pullovers, cardigans, waistcoats and similar articles, knitted or crocheted",2,Yes,17
94df2c0623f38a01280990f64817a9ad,"T-shirts, singlets and other vests",2,Yes,17
2d3ac0e92ed984ef603219e0e00695fc,"Jerseys, pullovers, cardigans, waistcoats and similar articles, knitted or crocheted",2,Yes,17
