id,ddpsubcategory,shiptypeid,hasitemsonbag,country
e88e3346c4873a2f7712a65a9fc61460,Jackets and blazers,2,Yes,1
e4b8656d6a87bb4b6c0edfb9b6474396,"Jerseys, pullovers, cardigans, waistcoats and similar articles, knitted or crocheted",2,Yes,1
78445c4a693276991c022278ecb9c5da,"Trousers, overalls, shorts",2,No,5
4a065f3b52503cbd7f3508bfb3e01637,Other footwear,2,No,5
ceb5c8080b6daccd62b479bcc932f9f2,Footwear with outer soles of rubber or plastics,2,Yes,16
42359bfd5918e74edb10966a9bc45db6,"Gloves, mittens and mitts - without fingers",2,No,1
39fe9b9d0a4843caebe94427470c7e51,WEBSITE,WEBSITE,WEBSITE,WEBSITE
a521d52985dfb631ffaafb0cf17a8fdd,"Handbags, whether or not with shoulder strap, including those without handle",2,Yes,5
dba44084470e592079d8f4acd26b3cb9," T-shirts, singlets and other vests",2,No,6
1d1c1b6f47ca7104c9684c150f954c59," T-shirts, singlets and other vests",2,No,6
649efc4eb5f247aa5330cf7c8ee145c8,N/D,2,No,3
e02180981777b3f5691703eaff76fdc8,"Jerseys, pullovers, cardigans, waistcoats and similar articles, knitted or crocheted",1,No,1
3be40abf2aebf19b903bb7bb3d8778e8,,3,Yes,11
8087d9e69b2cd9e90cf06fb26438ca8a,"Hats and other headgear, knitted or crocheted, or made-up from lace, felt or other textile fabric, in the piece (but not in strips), whether or not lined or trimmed",2,Yes,50
c7705552393398afea6e054ed27ba38c,,2,Yes,1
c5c2968b7abfddf48a4cb006e17aaea7,"Blouses, shirts and shirt-blouses",1,Yes,1
c5d63e7d20b5767ea4ca631ccbd7b37c,WEBSITE,WEBSITE,WEBSITE,WEBSITE
2a52c473268cde3a71146443e097af6a,API,API,API,API
f80bb84eb25f3cd64357d35aa50acdc2,Items of leather clothing & accessories,2,Yes,19
421fad2782dd10cf86f63859113dbfe9,"Jerseys, pullovers, cardigans, waistcoats and similar articles, knitted or crocheted",2,No,3
9203c82e85879e01eb9b07fa039c8212,Footwear with outer soles of rubber or plastics,2,No,3
62caf769847ded33a7a086f266104033,Belts,2,Yes,5
cce28807129bc427c3e195792c3cdc3c,"Trousers, overalls, shorts",2,No,11
d0ca3e0efe7e2e256bec533d45b1fc7c," T-shirts, singlets and other vests",2,Yes,5
b3769ae4d49f09f296a11a25b3582ae7,API,API,API,API
12d0bdd1c2dc7ea9db37f5d0b583cdba,"Trousers, overalls, shorts",2,Yes,5
5c7840b77c07133d22f2e2a2e82bb39d,"Trousers, overalls, shorts",2,Yes,5
ae7b6906a2fad6797bd0878b93e85cf1,WEBSITE,WEBSITE,WEBSITE,WEBSITE
2f4dc64950beaa548cf1528a9a110eea,N/D,4,No,7
ccaab67c9ace343c21defc58bfed28f1,Other footwear,5,Yes,11
432e5dae16cd6cbd1e89adbec002b283,Of precious metal whether or not plated or clad with precious metal,3,Yes,11
3fd480772e4f53fcdfb490a45d6232b4,"Handbags, whether or not with shoulder strap, including those without handle",2,Yes,15
52d88e93296615e89444de3fb8acf496,"Babies' Sweaters, pullovers, sweatshirts, waistcoats (vests) and similar articles, except those imported as parts of sets",2,Yes,15
d5e181e9a491bc605c8a84de8c2b0a17,"Babies' Trousers, breeches and shorts, except those imported as parts of sets",2,Yes,15
257bd84d405cdf18ead299bb9ef3bd6e,WEBSITE,WEBSITE,WEBSITE,WEBSITE
f022ffe73dd5a41ba8b20b4ae2d01299,,2,No,5
648bc5e1054521cc1bc76decb3a07707,Articles of apparel and clothing accessories,3,Yes,9
67d214f6a7c67bacdbd57004afedec07,"Handbags, whether or not with shoulder strap, including those without handle",2,Yes,1
b8290e4e7ba57f9b5181dd3cb98aa43d,WEBSITE,WEBSITE,WEBSITE,WEBSITE
d2689063dad06ebaf5d5b91d2175d64a,Other footwear,3,No,4
356aa425d433be9458408078844a5ee8,,2,Yes,19
8c3346eaa74e997b8af33f4fb023ca3e,Other footwear with outer soles of leather,2,Yes,3
cda3f490c7a8e34b769d90f45f4da686,N/D,2,No,15
4e24a8fbc8c9b51f0924b6f26c2996a8,,2,Yes,19
e6262b2299090520359da0c162dd1d4b,Shirts,2,No,15
688d2032c5b519a6b261d23cc720fd48," T-shirts, singlets and other vests",3,No,4
ccd87a71efea367ade33adf3709f2d6a,,2,No,4
b8dd149307d534db6ea200459590500e,Dresses,3,No,4
4c2ce571b35787699063a81b65d92a72,,2,Yes,19
834e447a8d969b1639b69cca1eb50777,"Trousers, overalls, shorts",3,No,9
f76f712803ecbda873187c1d00558685,"Trousers, overalls, shorts",3,No,9
c1ae517a131cb336a73449bb02dba7db,Dresses,2,Yes,29
b65f9a439b2967e2db56bbe1ba47ca89,Other footwear,3,Yes,4
aa1353c956efe5c07b0127dc180cc3d7,Jackets and blazers,2,No,19
484adc4917654f4683d7b8c5294ef900,Other footwear,2,Yes,15
60e82f0bc090db63020d44cb7b5efade,,2,Yes,5
5def39c7607b2cc2a01db123f33cd7fa,WEBSITE,WEBSITE,WEBSITE,WEBSITE
b9300d51996f999a16f0f859ad79bc47," T-shirts, singlets and other vests",2,Yes,5
688dbf95e9bc1897b0a1be2e895fc354,Other footwear with outer soles of leather,3,Yes,4
ce1bef3dc09b66c16f547ba837c3468a,Other footwear,2,No,14
b31b8ac83383163ad424d2104709aec8,"Jerseys, pullovers, cardigans, waistcoats and similar articles, knitted or crocheted",2,No,4
7df655ac70a1c1e4c5a7539c0bf6a217," T-shirts, singlets and other vests",2,No,3
61caf36742308d3a4a04d6e0083aadbf,"Handbags, whether or not with shoulder strap, including those without handle",2,No,3
ca841893f77423188dd3e89d82d0b9fc,Footwear with outer soles of rubber or plastics,1,Yes,1
3c126f5a39f5dfe291773b12c6ea385d,Skirts,2,Yes,1
691c29cf8562f7f000db0857c0ab3664,,2,No,30
48548459e285ad2e7428d2ff3d8e6d9f,Shirts,2,No,4
6e84019910deed80aeec3caa7350df30," T-shirts, singlets and other vests",2,No,3
284b0082d3d80c9fe9cf658998f15f50," T-shirts, singlets and other vests",2,Yes,14
05fad08d35c8aae7e36aea08056f3fa6," T-shirts, singlets and other vests",3,Yes,11
643f0961ed03c212d2b583767eae29fa,Other footwear,2,No,3
cda4d06cb7d463af93e1a5dacb8fc59a,N/D,2,No,35
e672d52f24153fc27c8a6b7237a8a5f2,"Babies' Sweaters, pullovers, sweatshirts, waistcoats (vests) and similar articles, except those imported as parts of sets",2,No,35
79510641ebd89f5312bc4bdc4a99c35b,Other footwear,2,No,35
25c73392e91c924b6cb93a9214851ccd,"Blouses, shirts and shirt-blouses",2,No,4
9896bb83dd4a6781261f0ea48364a350,Footwear with outer soles of rubber or plastics,3,No,4
a729164221bb49abe0006dd4ced6c496,Footwear with outer soles of rubber or plastics,2,Yes,5
e194cbce8349fd54d126c6c2b0965d95,WEBSITE,WEBSITE,WEBSITE,WEBSITE
dc82948cd73ad06b2bd985e30c0e0004,"Pantyhose, tights",2,No,46
406b0a89b958aed24e21ef5f58f6a4f8,,2,No,46
f0bb81b921c80eca072800b3ec46abdc,"Pantyhose, tights",2,No,46
daffb8c0c94186989f8f47fe9b3dc6b2,"Trousers, overalls, shorts",3,No,9
887eff7a958794fdd24c2beb6f85ddae,"Trousers, overalls, shorts",3,No,9
57e510beade6c1e2867cf722e0fbf991,Babies' Blanket Sleepers,2,No,46
f70ec769f41a046b8fde121a45fbfe40,N/D,3,Yes,4
44abc1b7a9c75367508f84864f3aa9f9,Other footwear,2,No,3
ddb10933fd912ebd3a87dfd360ab5f8c,,3,Yes,9
53fd9b7cf373a5de6534eeb730b201ed,Footwear with outer soles of rubber or plastics,2,Yes,5
bb1e127874d8080e5d4d42f27545ceaf,"Shawls, scarves, mufflers, mantillas, veils and similar articles",2,Yes,19
efca05755fb52a23c7ae278151874b0f,"Jerseys, pullovers, cardigans, waistcoats and similar articles, knitted or crocheted",2,Yes,19
8607940fb317d53e4190b138fd8ed379,Shirts,2,No,4
13a68a5eed0d91eb0eb8451497a7ad2f,Shirts,2,No,4
3283fa92cfd673f1deb9f92dff5348d0,,3,No,4
13f5f932d34094ac865159873bd8d8ed,Shirts,2,No,4
e16bf912d600ef0712c2393e9f1e87f3,Shirts,2,No,4
e9ce2ade92b7dbbe4ba51b244ec4b090,Shirts,2,No,4
4195ad44b1d17a9077ea9c54e78d9465," T-shirts, singlets and other vests",2,Yes,5
9895ccafa45901416d2fdca22baf304a,"Handbags, whether or not with shoulder strap, including those without handle",3,No,29
a81dbf46c3cdfe40597115872c325ede,"Of base metal, whether or not plated with precious metal",2,Yes,1
e6f3be98863715c9aea93755231afce1,Other footwear with outer soles of leather,2,Yes,4
214da7db0e2657134a9e6aa66dae9550,"Jerseys, pullovers, cardigans, waistcoats and similar articles, knitted or crocheted",3,No,14
15a0387f67dcb6ccdf585f92c0b3ec59,,2,Yes,39
4df79f25d8b771d188718983c931d0b7," T-shirts, singlets and other vests",2,Yes,39
859a6337c90f47fe0d29e5fffbc6ca8f,"Hats and other headgear, knitted or crocheted, or made-up from lace, felt or other textile fabric, in the piece (but not in strips), whether or not lined or trimmed",2,Yes,39
3a1ede9ac83ab819a71f9058b4938520," T-shirts, singlets and other vests",2,Yes,39
0fd1ad6d7cfce8174ba512cbf8d30796,"Jerseys, pullovers, cardigans, waistcoats and similar articles, knitted or crocheted",2,Yes,39
6c8ca3d17fa55496193c45ba0cf41ebd,"Trunks, suitcases, vanity cases, executive-cases, briefcases, school satchels and similar",2,Yes,39
5aa41cce9d80a4e3dd0c57a03f7e8b93,Shirts,2,No,4
