id,ddpsubcategory,shiptypeid,hasitemsonbag,country
494a1e88bea4e9300c181f7cd3b11c83," T-shirts, singlets and other vests",2,Yes,12
ec4ddc756345aa94e058203f754714f4,Other footwear,2,Yes,12
8411924a40e0cff081509d3b462b9156," T-shirts, singlets and other vests",2,Yes,12
31e7e51b51efa4e2db783edc1c4998e0,"Trousers, overalls, shorts",2,Yes,12
327e53f99d6b6ea67a24d60da94c7f2d,"Jerseys, pullovers, cardigans, waistcoats and similar articles, knitted or crocheted",2,Yes,12
b01432bbce6c12aa73d55cd2082561bf," T-shirts, singlets and other vests",2,Yes,12
340ccaf032a551d222062d756a3ff627,Shirts,2,No,31
d32bdaa704103b4306a0184515f056f5,Shirts,2,No,31
3f2db53dfcc93d4340ab305f1d3e347f,Items of leather clothing & accessories,2,No,31
4ef12439f3504cb04dd5596029dd428c,Shirts,2,No,31
cf79a5336c85b033fa170e5fa33e387d,Jackets and blazers,3,No,9
89d5cb7311c27a196ad6ee286113c2e7,"Handbags, whether or not with shoulder strap, including those without handle",2,No,5
cee4d55c28f6be6f468e968daba17785,"Other headgear, whether or not lined or trimmed",3,No,9
d39e7ffc5f79e725c1537415c19c0bad," T-shirts, singlets and other vests",2,Yes,4
8c238e2a530ef967c947a5d47fa5bcb8,"Hats and other headgear, knitted or crocheted, or made-up from lace, felt or other textile fabric, in the piece (but not in strips), whether or not lined or trimmed",3,Yes,4
4cbda24132f8e907ea53c240646092e7,Footwear with outer soles of rubber or plastics,3,Yes,11
80d1d5eec1e8f87f0a906622e0dd9a05,Other footwear with outer soles of leather,2,Yes,1
406345b9924540fba7fc739df621ebdc,WEBSITE,WEBSITE,WEBSITE,WEBSITE
c290cfbc3de9446da403d67041adb733,Articles of a kind normally carried in the pocket or in the handbag,3,No,9
71842e5e88f5405fa225f580a2a87ff7,"Coats: overcoats, raincoat, cape, cloak, ski jackets, windcheaters, wind-jackets and similar articles",2,Yes,4
ef7ba3d59771eb209a93b64f55198851,WEBSITE,WEBSITE,WEBSITE,WEBSITE
5facbb0b99a94211fd988b65840286fc,WEBSITE,WEBSITE,WEBSITE,WEBSITE
6be111a2290c3e118b5f6e8945eea249,"Jerseys, pullovers, cardigans, waistcoats and similar articles, knitted or crocheted",3,Yes,4
2758f28f4550754eb05d12eda493c9ab,"Other e.g. braces, suspenders, garters and similar articles",2,No,1
cb4abbc9316265b6bfefe8d18d500ac2,"Pantyhose, tights",2,No,1
7d75cc0797c50d4c0184ab2b5e3f1e7b,WEBSITE,WEBSITE,WEBSITE,WEBSITE
c75ffa9c631438e164cb843f364fea68,"Trousers, overalls, shorts",2,Yes,4
34680065c6ce397690d086478bbd5362,"Trousers, overalls, shorts",2,Yes,4
6af366a917913887a2e0febcf80f0554,Other footwear,2,No,1
a44307e7c864d631e9a26b49c25dd23b,Other footwear with outer soles of leather,2,No,3
08db4298428075c3ad5ed28c4d902788,"T-shirts, singlets and other vests",2,Yes,1
0d8fda1402c285921979f5e3f9ec2455,,2,Yes,15
00759c8ecba7565d691cce0d2aa9b652," T-shirts, singlets and other vests",2,Yes,15
965e684e56ba921622eaf6ec143b5581," T-shirts, singlets and other vests",2,Yes,15
f9e5863325bcfe4a4eefe1479c629a8c,Footwear with outer soles of rubber or plastics,2,Yes,12
eaad56c8a45f649c5a9e9b86a8e75193,Other footwear with outer soles of leather,2,Yes,2
9c0442052bb9b81b15125eb4880019ea,WEBSITE,WEBSITE,WEBSITE,WEBSITE
3e87e1a47e81ff19be2c30bf388bdcf3,Articles of a kind normally carried in the pocket or in the handbag,7,No,4
07b5710b4bd77f0a7f2e8e8d7af9ec65,"Jerseys, pullovers, cardigans, waistcoats and similar articles, knitted or crocheted",2,Yes,14
aec17c134a059a7dfa89faa761ffb5e1,Articles of a kind normally carried in the pocket or in the handbag,2,No,54
9fff289978adf76de5061632983239c3,"Handbags, whether or not with shoulder strap, including those without handle",2,No,54
0ea63d88f552d433efbeb7374ed18673,Footwear with outer soles of rubber or plastics,2,Yes,24
df27e10309e05d1359d1b9fbce009c0c,Jackets and blazers,2,Yes,4
254e8970064cf6b0ca424c899d66aa62,"Of base metal, whether or not plated with precious metal",2,No,4
16630b492eeb575816d8b32d5c2549ae,Other footwear with outer soles of leather,4,No,7
5025025aa8ee0719677e8b6f2c6f1af3,Other footwear with outer soles of leather,2,No,1
ad7d1ecff09562f0e9c1d783f4e5c9f1,"Jerseys, pullovers, cardigans, waistcoats and similar articles, knitted or crocheted",1,No,1
d48c1097af78b31964d8de00a4a71ac2,Dresses,2,No,2
f5becb4c1e989c290aa7234462b12aa9,"Jerseys, pullovers, cardigans, waistcoats and similar articles, knitted or crocheted",3,No,9
5853968edbb7ad6196aec7f863dd5302,"Jerseys, pullovers, cardigans, waistcoats and similar articles, knitted or crocheted",2,Yes,1
a5c7cd657b881eea5eb2bf2ea0706db5,,2,Yes,1
ed8d1ca1f9a5e2d58f1638e96b785a3e,"Babies' Dresses or skirts, except those imported as parts of sets",2,Yes,1
a0da06153befcfc31404f18d01fce9ac,"Trousers, overalls, shorts",2,Yes,1
dd9c0cd5e910db1c6379b69007f54467,"Babies' Dresses or skirts, except those imported as parts of sets",2,Yes,1
e40efb1b469ea8f46bc6a5b9ae22e2cc,"Babies' Trousers, breeches and shorts, except those imported as parts of sets",2,Yes,1
59293273cb3da724a3efc237d68420f6,"Babies' Dresses or skirts, except those imported as parts of sets",2,Yes,1
afe6a6d7da46648140ba8753897b7995,"Babies' Trousers, breeches and shorts, except those imported as parts of sets",2,Yes,1
442525abf23682fefb408ff838ceaebd,,2,Yes,1
c829f6b58b98c8df17138bfb589980f9,"Gloves, mittens and mitts",2,No,4
b14834e8468005d5131917e881350387,"Coats: overcoats, raincoat, cape, cloak, ski jackets, windcheaters, wind-jackets and similar articles",3,Yes,9
cc86a24846666cc48ba1955932a743da,Jackets and blazers,2,Yes,1
0d89c8127c00760e514e9c6fe63a42dc,Shirts,2,No,1
d136fd37a757acfcd22b32a4d6ad4329,Belts,2,Yes,1
2357682483ac897450c072d21ae3779d,Other footwear,2,No,1
9f47392bebe6d9603b74add5e1e5a477,Footwear with outer soles of rubber or plastics,2,No,1
82a065e168c8cbe6484224690e52962d,Articles of a kind normally carried in the pocket or in the handbag,8,No,1
e2689e87c408630b8bf4d313e2cfd13d," T-shirts, singlets and other vests",3,Yes,9
b6da931fe8f42475de19df070e5a11ff," T-shirts, singlets and other vests",2,Yes,1
c3edd5776997b18709e1d48032a220e3,"Of base metal, whether or not plated with precious metal",15,No,4
351536281e8449d45425ed7799b08f7e,"Handbags, whether or not with shoulder strap, including those without handle",2,Yes,40
0d2a16dae3fa01434c659a244a40a4ff,,2,Yes,40
e7d5e83e31c832f0d16780e489149e10,Dresses,6,Yes,12
1795d41fb60c4a9efc9f56b89f1f6364,Jackets and blazers,2,Yes,4
9331fafa6daf93d765dcaea854fcdd64,"Trunks, suitcases, vanity cases, executive-cases, briefcases, school satchels and similar",2,No,16
63ddad665dae040af6331e732f42e9c3,"Handbags, whether or not with shoulder strap, including those without handle",2,No,3
0c7adea8e76c4caa786498a5dcd486dd,WEBSITE,WEBSITE,WEBSITE,WEBSITE
d94e7b325487a08664b5931bf27ddb36,N/D,4,No,7
027f19b3acd65ca54d7de7b4ce46a227,Other footwear,2,Yes,1
dc80ca00e6a8ff2fff6b46ef0e2f2e45,Dresses,2,No,1
d1307fb151e57d0ece2a3f98e6e9547b,Footwear with outer soles of rubber or plastics,2,Yes,1
4d272d185004663aa172af37aff3671b,"Handbags, whether or not with shoulder strap, including those without handle",2,No,20
b9d8a3f565e0918374a8940328464f4f,Footwear with outer soles of rubber or plastics,2,Yes,1
1e13222b5b2fbfd1e026a51c34d95135,"Handbags, whether or not with shoulder strap, including those without handle",10,No,1
30fca09a87dbb276005fa32dc7cd2138,WEBSITE,WEBSITE,WEBSITE,WEBSITE
1fb0910000742f7d6b44647216593a7d,Articles of a kind normally carried in the pocket or in the handbag,3,No,4
c14b305d68ca6cd2d23cef067f024b17,Items of leather clothing & accessories,2,Yes,4
74bd00731c2dc3fce81bd03b3df0fb2c,Underpants and briefs,3,Yes,4
5dd0e525749b86ff26a666da1db2b7dd,Underpants and briefs,3,Yes,4
c601cadf36f2da5316ef70386452e42a," T-shirts, singlets and other vests",2,Yes,4
a7a81e5da7a49e61114c6488286b1c0f,Other footwear,2,No,46
063bb0d1b5223d4e44fb453168ea1d4b," T-shirts, singlets and other vests",10,Yes,1
bd441dd71f07d2d35b81357d928b80aa,Footwear with outer soles of rubber or plastics,2,No,1
72ad59fd49890b83647fa76f0c2a410b,Other footwear,2,Yes,5
747621b7e32020ceabe62956b70f3edd,"Trousers, overalls, shorts",2,No,1
22c0bcfbb2cb33d36cf75345916f127a,Nightdresses and Pyjamas,2,Yes,19
5820f01775fc0afe6f6ae3c36985341d,N/D,2,Yes,19
3951aebbce99a1463fdf984692c04093,Jackets and blazers,2,Yes,19
3b65ce01e63d2ac0c7edfcb782747ad7,N/D,2,Yes,19
0c3c3c78e9f353e18a99fc64a43bc031,Jackets and blazers,2,Yes,19
379c0fdcd29ea299ba5bb8b7129a2342,WEBSITE,WEBSITE,WEBSITE,WEBSITE
c1a8dd3d64ed17a2ce3233044a603afa,,2,Yes,19
7d6ff24f97a0f46edac7b9d6def39717,Jackets and blazers,2,Yes,19
9dc843b4b9d8b803066f561db152dfb3,Nightdresses and Pyjamas,2,Yes,19
9d480d61b72353e841dd025bc43b01c4,Jackets and blazers,2,Yes,19
f65ce2eb77c28ce82b60593b5c2aca30,WEBSITE,WEBSITE,WEBSITE,WEBSITE
1dc9a549f885ba6a030d6210b45e02a9,WEBSITE,WEBSITE,WEBSITE,WEBSITE
4a1a88e65e6f3c4c3cac0c03cecb67bc,WEBSITE,WEBSITE,WEBSITE,WEBSITE
c14091d871af6a1842a7b62279cbb358,,3,No,14
