id,ddpsubcategory,shiptypeid,hasitemsonbag,country
0521632efac5e7d0627041f611086d02,"Trousers, overalls, shorts",6,No,1
1ea28bceacdb96fcabb0c439a61cdbfd," T-shirts, singlets and other vests",2,No,15
266d4c509d4ffbb1bdaf6c2bfc0059f4," T-shirts, singlets and other vests",2,No,15
2a0e06a83edeeb56e11ed95241c1bba8,"Trousers, overalls, shorts",2,No,15
75bcc7625487497489b0789b8530f98a,Other footwear,4,No,7
5fc6b4c6e33de96622dbbd0d8889cfed,"Jerseys, pullovers, cardigans, waistcoats and similar articles, knitted or crocheted",2,No,36
2b232cd60f04c954a08bcbf979a8d6fc,Footwear with outer soles of rubber or plastics,2,Yes,12
144e126500d6112408cd9cb22c502759,Other footwear,2,No,5
078b5426689837ee7fe97b5b8c95858c,Footwear with outer soles of rubber or plastics,2,Yes,4
9dcf263d9fd056dd1f99edda9eff4fe8,WEBSITE,WEBSITE,WEBSITE,WEBSITE
17d4f56c8a7b05761061bc17c2d1a31e," T-shirts, singlets and other vests",9,Yes,4
d01d021a8aecb5f88f2f79e049b83886," T-shirts, singlets and other vests",3,Yes,4
700bf456edd9da42b0c85636ef95f877," T-shirts, singlets and other vests",2,Yes,4
31344f34d32c1dd00e755ab298a654e7,"Trousers, overalls, shorts",9,Yes,4
cd1241ee9ec31a6274513957eaf41d2f,N/D,3,Yes,4
5534b196394f3f70926ef5af0d5ed36f,Footwear with outer soles of rubber or plastics,2,Yes,2
104df701445f09a4214a54f4b5c97e27,"Of base metal, whether or not plated with precious metal",1,Yes,1
648265ef64c9a5a993982f1f5a641e7d,API,API,API,API
685a1c8062b128de2755ccba4f9b2c07,Other footwear with outer soles of leather,3,No,14
5457a677fa8a3b16bf4e2eaa3ed982b0,Other footwear,2,No,86
fad64dbab27ab15c8aabe84a682ad382,Footwear with outer soles of rubber or plastics,2,No,86
fda4443bb460458c804c769c92c65e7a," T-shirts, singlets and other vests",2,No,10
eb7abafc865db6c79d0cf747654c9d37,"Jerseys, pullovers, cardigans, waistcoats and similar articles, knitted or crocheted",2,No,3
a29156fce20b43997bd3c156e3e9b946,Other,2,No,3
d83eb42f1477d7cfc7e31c1188d9caf6,,2,No,3
185a665b939ddcabf8f798e23c8e3941,"Coats: overcoats, raincoat, cape, cloaks and similar articles",3,No,13
d1aeeb39cad8ab5abdbd21cc9524581e," T-shirts, singlets and other vests",2,No,9
5e6c0ef3a7dd48d4ae00fda3de24802a,,2,No,9
8005c2273a7bf539ae243f28b7ead281,Other footwear,4,No,7
1c583a400dfe50187c46242fabc40a77,Other footwear,3,No,4
3615eeb30a7a5610bdad54627bd9b201,"Jerseys, pullovers, cardigans, waistcoats and similar articles, knitted or crocheted",3,No,14
847d4b367ebfe93dcfbe75e9e4e2bad2,"Trousers, overalls, shorts",3,No,14
139854e2ce038afc0f539cffbe25db12,Other footwear,2,No,5
efb9ebab38eaf2528897be5d86c20d17,Other footwear,2,No,5
f2e02880ee33e45d888de6461ce7dc01,"Jerseys, pullovers, cardigans, waistcoats and similar articles, knitted or crocheted",2,Yes,29
a169eaa9bcb6c055ddf7af7c7c289cee,"Jerseys, pullovers, cardigans, waistcoats and similar articles, knitted or crocheted",2,Yes,1
41879f50f0638f9c8635e5a8c5a68d2b,Articles of a kind normally carried in the pocket or in the handbag,9,Yes,5
edb99d039113e53691f9ac6ca964efb6,Footwear with outer soles of rubber or plastics,2,Yes,5
f4694132ba4e614a2e017152f2158b77,,2,No,1
223eb46f4f27f02ba7efda6f614047de,"Trousers, overalls, shorts",3,No,9
936ffac87173b18e54e50444fa29076e,Jackets and blazers,3,No,9
1844868f68cc1927d1b2eef28743b9c3,"Trousers, overalls, shorts",2,Yes,5
03e43b30bdb3b21333d33b10fa559910,"Jerseys, pullovers, cardigans, waistcoats and similar articles, knitted or crocheted",2,Yes,5
47cc6d35827c0880597989665c796c15,,2,Yes,54
a736d58b40ab94db8346a56f6620f672,"Blouses, shirts and shirt-blouses",2,Yes,64
c645381acf7b6a11632b08d790d171c7,"Blouses, shirts and shirt-blouses",2,Yes,64
ff93fd06712d305bf48da9346ec62fb5,Sunglasses,2,No,123
9b29db758be159d227f86400d5f9211c,Footwear with outer soles of rubber or plastics,3,No,4
0f47f72ff49da382996e0b6229b314e7,Underpants and briefs,2,No,4
fa562ddc757648ed6d373c0924f833ae,Underpants and briefs,2,No,4
04a50ba02da6b4c994da6dbc6c56e620,"Trousers, overalls, shorts",2,No,4
ce1e1787c62ba69db97479d0d36e6f1b,"Jerseys, pullovers, cardigans, waistcoats and similar articles, knitted or crocheted",2,No,16
769039cd7f9d06e01875f3eedf3a6cc2,"T-shirts, singlets and other vests",2,Yes,16
597931daa093ac508a86a06f57c594a7,"T-shirts, singlets and other vests",2,Yes,16
2f26f641e788c1518250d587cf5675bd,"T-shirts, singlets and other vests",2,Yes,16
18ad90dd69be69b14d071e1a9e8e3171,,2,Yes,16
670e3d4abb9b41b1597f1dc212552c3c,Articles of a kind normally carried in the pocket or in the handbag,2,No,40
86be9aec37964990b0b960136ae52e58,"Trunks, suitcases, vanity cases, executive-cases, briefcases, school satchels and similar",2,No,5
ec60741f90aa1d8666681b2f48ead6b8,,14,Yes,9
547fbfe67bfa429a956da8b4df59d538,Footwear with outer soles of rubber or plastics,14,Yes,9
cfa8d577debdeee36a1a104900398560,WEBSITE,WEBSITE,WEBSITE,WEBSITE
4076341acd09b4f4fae8c8442c5531dd,,2,Yes,5
6d42094418b5546ad3162102a56b83df,"Handbags, whether or not with shoulder strap, including those without handle",2,No,12
535d2203b695116edb30366779ecfb61,N/D,4,No,7
a9b034bed2b0597f556c6c774fbc19fb,N/D,4,No,7
941d2ad190924f299d8c65ff415ab917,"Trousers, overalls, shorts",6,No,1
ce9b40bd8653f5f7efcf62050d8578e1,Belts,7,No,36
c8c796a3702887f8353435e914dfe84f," T-shirts, singlets and other vests",3,No,9
a9c0526c647d219104dbfe703014809d,Footwear with outer soles of rubber or plastics,2,No,36
0ab4365c9e1a4ea83c2c11631f9a50e9,Other footwear with outer soles of leather,2,Yes,19
d4be4fc74462b4d0c5e5b87dc32cbb08,N/D,2,Yes,19
476f64595d9d8d050a71f767669a1770," T-shirts, singlets and other vests",2,No,24
3fdcb7d01c282257ec8e9cc5ae7524a1,"Handbags, whether or not with shoulder strap, including those without handle",2,No,39
340c56a3741ebebb7e0a7ea237872a4f,Footwear with outer soles of rubber or plastics,2,No,16
199011cca1127c8274ff8dd156132a69,"Other e.g. braces, suspenders, garters and similar articles",2,No,7
ef4989d8fcbb744923e839f133bb23c1,N/D,3,No,9
2f507047cf553adaefde592809a1b60d,,3,No,4
72e3605971d8005b7c4e53d9eca6a7da,Footwear with outer soles of rubber or plastics,2,No,69
d44f6bcd05fbc90624b90e2065967884,Belts,2,No,20
f043400ef168371d373b53dab378e939,"Blouses, shirts and shirt-blouses",3,No,20
ce26fb6a1b87995e459900b042b4d5bd," T-shirts, singlets and other vests",2,No,20
6a76f9d9a4a352e3d9d9141256e8a364,Belts,7,No,20
ebb4c3b8905a26324c1cb70796c84b88,Other footwear,2,Yes,17
0a6f800a83b90ccf269fa66fc17ad800,Underpants and briefs,2,Yes,17
ea8609c3b74245a1231db8cd8dbf2d40,Jackets and blazers,2,Yes,17
983f40b5f04bc4de586c81502fab07ca,,2,Yes,17
4550f4d587f5c3d0dd28f7e2e4100cd8,"Pantyhose, tights",2,Yes,17
8d6c4d7d0f3fa8939db579abc3fb8ee1,Footwear with outer soles of rubber or plastics,2,Yes,16
25eaff2332195674190f2db8d2dfe4bd,Swimwear,4,No,7
2a3e34d177cbfef3c91bd480272bdf3d,Swimwear,4,No,7
eb06f493e3e04d743df2a8f9ed4018d8,Swimwear,4,No,7
410cd6e077cde0fcb8f48a9d10dba173,Brassi?res,4,No,7
b3cc464ea3437e992922cfb0bc957fb7,Belts,2,No,19
956168e45707c6a13739f739c2a419c1,Swimwear,2,No,1
4755e9ee62aaa4e0885bec61bc78bf1e,"Trousers, overalls, shorts",2,No,28
59c641e82b4aca63ac4f5484a8d7d21b,Other footwear,2,No,28
fd7112cffa896cb82a189477b2105807,"Trousers, overalls, shorts",2,Yes,17
adf4aa369a3325f0ac04bf5099d01b09,Footwear with outer soles of rubber or plastics,3,No,14
618585c25371a01409e469ec19858356,"Shawls, scarves, mufflers, mantillas, veils and similar articles",7,No,36
2991f6f7ce88b7f3b87a91ab2251c6c3,"Coats: overcoats, raincoat, cape, cloak, ski jackets, windcheaters, wind-jackets and similar articles",2,No,5
f58298e92c760938a0763f7c74908477,Books,3,Yes,60
53fd1d8792f0e47188a0eae03b2c87b7,"Shawls, scarves, mufflers, mantillas, veils and similar articles",1,No,1
1a362d556dd7ecae7dbfb4cd55696d38,WEBSITE,WEBSITE,WEBSITE,WEBSITE
511aa7ecdb27769f1b27a6892a3a8b46,"Trunks, suitcases, vanity cases, executive-cases, briefcases, school satchels and similar",2,No,19
9d623b4191045d8147b6727b01a77eab,"Jerseys, pullovers, cardigans, waistcoats and similar articles, knitted or crocheted",15,Yes,4
f206849597097186fd81a9caeea38505,Dresses,2,No,1
d3d2cadc81a218b6aec786a2dbdf9e09," T-shirts, singlets and other vests",2,No,5
1ed93d1e7420ea670706bd961d7ddfaa,Suits,2,No,5
