id,ddpsubcategory,shiptypeid,hasitemsonbag,country
b52d73c7426679dcf29c1caccedc95dd,"Trousers, overalls, shorts",2,No,1
9a62cb1877bb99870f84178f2d973197,Footwear with outer soles of rubber or plastics,2,Yes,3
2b96b027c3cee1a5793b096bfe97fbe5,"T-shirts, singlets and other vests",2,Yes,3
923175d6b4ddea7c06d1b81e99445815,"Trousers, overalls, shorts",1,Yes,1
e5120b90a52e39fd58666c30afa44f14,"Trousers, overalls, shorts",2,No,1
79495c24babe6905013365a5bdc4c244,"Blouses, shirts and shirt-blouses",2,No,1
70ee532d9e095feeb1f365b119bc4640," T-shirts, singlets and other vests",3,No,27
2f4ba20090e95c5e715118b1f8d776d4,API,API,API,API
d9a8d514c6c14c2b8e30e0e126319bbf,Footwear with outer soles of rubber or plastics,2,Yes,1
6258f10042703feb56a20b589a9624cd,Footwear with outer soles of leather or composition leather,3,Yes,4
1735076f27b86a649f3564f27cac1550,Other footwear with outer soles of leather,3,No,12
999a2455bcaafffa0d32edf55a589920,Footwear with outer soles of rubber or plastics,2,Yes,12
aee78cc945c1760593ad46b3c700f1a9,"Jerseys, pullovers, cardigans, waistcoats and similar articles, knitted or crocheted",3,No,4
f0dd4ff6979207c1473024876b559af2," T-shirts, singlets and other vests",3,No,4
86c3d1f6a8e90081f21acbfe1cddc176," T-shirts, singlets and other vests",3,No,4
45324a46361153104baf4027c6e74a9c,"Other e.g. braces, suspenders, garters and similar articles",2,Yes,1
8d9121565542cfc57eca1b5db1272d3a,"Jerseys, pullovers, cardigans, waistcoats and similar articles, knitted or crocheted",3,No,4
30a32122a81bb9e749795b885e8a3ec2,,2,Yes,4
9eef8126e906fbac23d7435fbc4d60eb,"Jerseys, pullovers, cardigans, waistcoats and similar articles, knitted or crocheted",2,Yes,44
670b2169847b57e89793425ccecaad50,Other footwear,2,Yes,44
822777c0ee9764e0bee5e848018683a1,Other footwear with outer soles of leather,2,No,1
ef66d1e7946c82028054b364d1d0470a,Footwear with outer soles of rubber or plastics,2,Yes,12
eeb14cef83be41b975be269f882f3bce,"Handbags, whether or not with shoulder strap, including those without handle",2,Yes,12
fb1d16aebd8bd2faa20327de4e5b487b," T-shirts, singlets and other vests",2,No,3
5300233518146b26f6eae32f5ef3aff6,WEBSITE,WEBSITE,WEBSITE,WEBSITE
d376c4051a9632d07886f6ac6f0740c1,Footwear with outer soles of rubber or plastics,2,Yes,7
f35af10bca6f5daf5575216c051b1316,,2,No,4
eeb8914732dcc3f126d902b22cd6fb3f," T-shirts, singlets and other vests",2,Yes,3
cb45af1325d68002fa5ca9288e495e21," T-shirts, singlets and other vests",2,Yes,3
722fb658b6316aacb07fcf62991e9f8c,N/D,2,Yes,4
38a95f1803afb1e4c6a3374e478a44c4,"Jerseys, pullovers, cardigans, waistcoats and similar articles, knitted or crocheted",9,No,4
dbf5b875870ea31b1f72659221acc345,Other footwear,2,Yes,5
575f616991ccd0ee6b4795e15e874581,API,API,API,API
c36e3d41a12e30470f882ea65c868b63," T-shirts, singlets and other vests",2,Yes,17
572d02e674890183891e08b7a961cd38,"Jerseys, pullovers, cardigans, waistcoats and similar articles, knitted or crocheted",2,Yes,17
648d8006cefd894cdc5595619cff1946,"Coats: overcoats, raincoat, cape, cloak, ski jackets, windcheaters, wind-jackets and similar articles",2,Yes,1
87300f50565be212d131eeb55a87c231,"Handbags, whether or not with shoulder strap, including those without handle",2,No,3
3a99344807cfe30a85d65d4ad50b5a0a,Footwear with outer soles of rubber or plastics,2,Yes,7
e7831e2ccf94ccab55ea93767fdd4b35,API,API,API,API
ee2020a044f40f029a747ff0f09a5f61,Other footwear with outer soles of leather,14,No,4
afacc9ee2326984223ae531448be5720," T-shirts, singlets and other vests",2,Yes,1
49ef71d788c86b3c871e1783c87dd0e3,"Hats and other headgear, knitted or crocheted, or made-up from lace, felt or other textile fabric, in the piece (but not in strips), whether or not lined or trimmed",1,No,1
f780fa407d8d91f906a0d2d360ca8141,"Trousers, overalls, shorts",2,Yes,4
13395278cecd4a9803d6dff1d28517af,Footwear with outer soles of rubber or plastics,1,Yes,1
38e91796240235efa51525340aba050d,"Trousers, overalls, shorts",2,No,4
fc6590498ef8cd08420f72d048922da4,WEBSITE,WEBSITE,WEBSITE,WEBSITE
53df2dafdf0b27d37fd66506eeba5727,WEBSITE,WEBSITE,WEBSITE,WEBSITE
23be75180f8cfa8d32a4c43857288c17," T-shirts, singlets and other vests",2,No,16
7bb039a304c2a7e36d4e0e96857db42f,"Handbags, whether or not with shoulder strap, including those without handle",2,No,12
1e86457259ab861f91994fd0861c3251,"Pantyhose, tights",2,No,12
cbbc2eaae59176e9592acf3ebf6cf699,WEBSITE,WEBSITE,WEBSITE,WEBSITE
60689435d55927f3e732045ef1a56112,"Other e.g. braces, suspenders, garters and similar articles",2,No,3
733dc0794978ac44bd05576c92c99b21,"Of base metal, whether or not plated with precious metal",2,No,4
9060bb7445a637cf18a90a30f67a92f1,"Of base metal, whether or not plated with precious metal",2,No,4
cbae71872088441fded0a305dd902354,"Trousers, overalls, shorts",2,Yes,1
4797ef781da36598d2c0b047c93bffbe,"Trousers, overalls, shorts",2,Yes,1
066c148732a193d87478e6b8f000e249,Other footwear with outer soles of leather,2,No,48
7295576080c8af198742c23377160099,Other footwear with outer soles of leather,2,No,1
cc9d2c3845f8effe8a6c0dee3922395c,,3,No,4
903b9186bdbb89961eb6b7b1354f9888,"Jerseys, pullovers, cardigans, waistcoats and similar articles, knitted or crocheted",2,Yes,1
5287d765577594a8902471f78402b299,Belts,2,Yes,1
9b4128d9ef56ba8a70f1fb02d7391bf2,Dresses,1,No,1
3bebe030a6ab5093fcdc6dcd35c057a3," T-shirts, singlets and other vests",2,No,3
8e673bc0d9d7d42a0681fb6235ca628d," T-shirts, singlets and other vests",2,No,3
691a66b6f0e7b595b4fc9bb9b50171b4,WEBSITE,WEBSITE,WEBSITE,WEBSITE
545cbc1d681273952d8096e682e78a96,"Other e.g. braces, suspenders, garters and similar articles",2,No,3
af0c330f7318c730f910c47865bdff11,"Hats and other headgear, knitted or crocheted, or made-up from lace, felt or other textile fabric, in the piece (but not in strips), whether or not lined or trimmed",2,No,3
3791e9d3e86fbc03ce4c928d4baa045e,API,API,API,API
5a6cc2c118662058f2f0447c241d9b50,Articles of a kind normally carried in the pocket or in the handbag,11,No,3
a51df9f5b4d61a7a0eadf4ccabc66d36," T-shirts, singlets and other vests",1,Yes,1
7f2b480957cb2e73d62c5853b72413f2," T-shirts, singlets and other vests",2,Yes,1
20a81bc889a335567faf2a4f24a708fa,WEBSITE,WEBSITE,WEBSITE,WEBSITE
a4962f78a6e81d3fbdccf45943ea615d,Shirts,2,No,3
21355420cdb662b311869b0ca508c755,Other footwear,2,No,3
4df65966fbc1d1df98a49febe347f1e7,WEBSITE,WEBSITE,WEBSITE,WEBSITE
ef3ca2af9b35d01ecc7d62803f86f1f3,WEBSITE,WEBSITE,WEBSITE,WEBSITE
7e79b545f7da9d30c01623d3c2369a57,"Jerseys, pullovers, cardigans, waistcoats and similar articles, knitted or crocheted",2,Yes,5
e2d9d1d331f535e2402133b77c24bfd4,"Jerseys, pullovers, cardigans, waistcoats and similar articles, knitted or crocheted",2,Yes,5
49c3878e9d3555d91f59ad2ad10fc80e,"Jerseys, pullovers, cardigans, waistcoats and similar articles, knitted or crocheted",2,Yes,5
849180a5b281fa4077492c18947529d3,"Ties, bow ties and cravats",2,No,4
e456348d85ad3c3b32103f40d1b9e7fb,"Handbags, whether or not with shoulder strap, including those without handle",4,No,7
d269e35baf85051f1a57cc9ac26a5b6d,"Of base metal, whether or not plated with precious metal",4,No,7
f5e4327cc5dce0f93b1cca673e6ad5c1,"Trousers, overalls, shorts",2,No,12
925d76f0a0ff58fa6be5f847b9f68317,"Other e.g. braces, suspenders, garters and similar articles",3,No,4
5a2fe89e6119e5c4d973baacb1b9b2a3,"Trousers, overalls, shorts",1,No,1
421fcdb3460fa76e855ce3e00901c81b,"Of base metal, whether or not plated with precious metal",1,No,48
7ac2aa068f0df7df4386c7d02caed2ca,,2,No,3
e07a6afd090133dbe16ec43c144483be,"Handbags, whether or not with shoulder strap, including those without handle",2,No,5
cfc6bbab52efa5f5c7e80e01ebc047d1,"Handbags, whether or not with shoulder strap, including those without handle",2,No,5
051a770fcbbbcd70ae66e493c9ecdfbf,Jackets and blazers,2,Yes,1
ccb9429ea33806a5679c92685ab5f37b,Footwear with outer soles of rubber or plastics,2,Yes,1
748e6b02a4a3e2dc54e1612932221e14,"Trousers, overalls, shorts",2,No,1
52851bb0a4d030eec9ecdb70834fefde,WEBSITE,WEBSITE,WEBSITE,WEBSITE
56da0d675fc9d2fea439b42e92d88b2a,WEBSITE,WEBSITE,WEBSITE,WEBSITE
5b5ef6994e5f0d765ff4d4ca675d3ed3,,2,Yes,5
c71b51f5883cf3a45d06c7879ed41c8c,Other footwear,2,No,1
4a9ff00562fe1439b560416a649dc13c,N/D,2,No,21
7b5288a5ed020891b9741350c56ea356,Other footwear with outer soles of leather,2,Yes,1
da7f238304e5e123104417a0f7579542,"Hats and other headgear, knitted or crocheted, or made-up from lace, felt or other textile fabric, in the piece (but not in strips), whether or not lined or trimmed",2,No,9
840ad2126966647e0ca22bf49d0a4404,"Jerseys, pullovers, cardigans, waistcoats and similar articles, knitted or crocheted",2,Yes,1
2734f4df439dfd018b3ceffa0c7b8e47,Footwear with outer soles of rubber or plastics,2,Yes,19
4a8753aa73f12cce3a40ddc856271f3f,Other accessories,2,Yes,9
f9af2132201473bb48264434c66a15c9,"Handbags, whether or not with shoulder strap, including those without handle",2,No,41
eaf5bace4008b4d87700aeb2613628d0,WEBSITE,WEBSITE,WEBSITE,WEBSITE
f2354f94d81d25c571359fa80a0a31ff,Articles of a kind normally carried in the pocket or in the handbag,3,Yes,4
0719c94019aec5e55cea4eeff8b74f80,Articles of a kind normally carried in the pocket or in the handbag,3,Yes,4
cdc2f04f78999f7f077dff6da71c86a2,Other footwear,2,No,12
3378dafe69728841e1fd9104b21e182c,"Handbags, whether or not with shoulder strap, including those without handle",2,No,12
