id,ddpsubcategory,shiptypeid,hasitemsonbag,country
b81a841c9495741a6a6e3ab654dbafcf,Other footwear with outer soles of leather,2,No,1
7ffe6001d123d424bb7bd8e9dd41319c,,2,No,1
30c20ff86df4b33502bc2748c9ce41cc,WEBSITE,WEBSITE,WEBSITE,WEBSITE
303aa107aebaed4aec61e0336ba3f09a,"Jerseys, pullovers, cardigans, waistcoats and similar articles, knitted or crocheted",3,No,4
943ffc65b2a32468e4c3799b89f35f4b," T-shirts, singlets and other vests",2,No,24
67d0e0f058072ee4a5f08f28ef41ef25,Footwear with outer soles of rubber or plastics,2,No,12
2ad495025a10a7ffe74f3f4d8b2bb565,"Hats and other headgear, knitted or crocheted, or made-up from lace, felt or other textile fabric, in the piece (but not in strips), whether or not lined or trimmed",2,No,12
b1ffa09948ae7acea04aebd8f8190908,Footwear with outer soles of rubber or plastics,2,No,5
5c4be12e9c0f6d195fcfbcbe41da6187,"Trunks, suitcases, vanity cases, executive-cases, briefcases, school satchels and similar",2,Yes,1
9c1d6b34e13e9d80ac28349f93ed4f55," T-shirts, singlets and other vests",3,No,4
f510a8fdc4b56b3c12be4d31323e792f,API,API,API,API
edfa9aeb8eca86e00bb9a71304d4eccd,Footwear with outer soles of rubber or plastics,2,No,9
c28dd3879b9dfd9d4654a4a2f766b6ff,Footwear with outer soles of rubber or plastics,3,No,9
3fa1e37b057bb9e6edcd3b9fdb7a58e5,"Trunks, suitcases, vanity cases, executive-cases, briefcases, school satchels and similar",2,No,17
cd735d580ce9f47e39f968165da7eee7,WEBSITE,WEBSITE,WEBSITE,WEBSITE
e75fdf298b94516227edbeea892aa8ed,WEBSITE,WEBSITE,WEBSITE,WEBSITE
a109a85241ee5289939fce40182e3307,,2,Yes,1
e38f23bb81eeec03efa762088a9a77c4,N/D,9,Yes,11
fe67446ac6a825390370923bf01a33fd,Other footwear with outer soles of leather,2,Yes,11
cd42cc2435bf9a308e647b1c519029be," T-shirts, singlets and other vests",2,Yes,5
c965cc1a0daf679f8be6adfcb72e6538,Footwear with outer soles of rubber or plastics,2,Yes,5
57a82df2d87645659d60ccefd14ade77," T-shirts, singlets and other vests",2,Yes,5
bf9f0c51566821b7693521b840a498e2,,2,No,1
0d725a41cde6f8bcc0fd17d8595cf673,,2,Yes,50
5d0dfd7af5a17c3028fc17a74a27bdbb,Articles of a kind normally carried in the pocket or in the handbag,2,No,1
4cf48d3bde7920a2a7c86c8853192643,WEBSITE,WEBSITE,WEBSITE,WEBSITE
087266a3702b034151456bcbc865a424,Jackets and blazers,2,No,4
058530314e906906f3ca5296fa26f1a7,WEBSITE,WEBSITE,WEBSITE,WEBSITE
d05c81f3aaa8efeca11078adb0a06e8d,"Babies' Trousers, breeches and shorts, except those imported as parts of sets",2,No,1
23d8bf5fd5c489f1bc313d93a2954ec0,Dresses,2,No,1
445aad39840c23dd9445be4101bd0d4b,API,API,API,API
b4880c93a88871144967d00ad4ea2d88,"Jerseys, pullovers, cardigans, waistcoats and similar articles, knitted or crocheted",3,No,14
070480e8f9364d4a40da4420ac4653ce," T-shirts, singlets and other vests",3,No,14
c22286217f280f4ef8be203648cce9f1,"Trousers, overalls, shorts",2,Yes,4
2368d0dbbfcc0d27c44bdf73c2bcfd33,Belts,7,No,4
f59c09a5ec984ba1f041b02a18c060b7,Footwear with outer soles of rubber or plastics,2,No,12
7eec27b07c512132eb602904bb1146c3,"Jerseys, pullovers, cardigans, waistcoats and similar articles, knitted or crocheted",2,No,12
8b416368142adf709f9aaaea8ab045a7,"Handbags, whether or not with shoulder strap, including those without handle",2,No,46
62848a41035c37da0ac48d475c2d1baf,Articles of a kind normally carried in the pocket or in the handbag,2,No,6
dbd347f8e46d6ca25b48442cbb5b44cb,Footwear with outer soles of rubber or plastics,2,No,9
b551f3e4b58763e5205bbc2c3f069281," T-shirts, singlets and other vests",2,No,15
2741cd939cfda4b02fd22ad6e8c2c350,Other footwear,3,No,11
1ccbe3bf0ce6b28063d74864e70d7aef," T-shirts, singlets and other vests",1,Yes,1
3c676ba8528d03324a65e91cd34158d2,"Trunks, suitcases, vanity cases, executive-cases, briefcases, school satchels and similar",2,Yes,1
24c9918eef2133d8b5e9cad83dc89041," T-shirts, singlets and other vests",3,No,36
72d30a09e6794a0b26a72ec664079fe1,"Jerseys, pullovers, cardigans, waistcoats and similar articles, knitted or crocheted",3,No,36
a6b76c6ede9a1a211f1beed2e7c71d64,Shirts,2,No,1
c9fac4513c782e9da8af101ae564550c,Shirts,2,No,1
12194e2a22be94e0e0c5b6c600f8f2a3,Skirts,3,No,4
f72f4afaa8f0392d8bd9ca450464fc40,Other footwear with outer soles of leather,2,Yes,1
c57723a7d31ab0b6d433bf1308065988,Other footwear with outer soles of leather,2,Yes,1
80f96ce8fa7765295010763c6cba540b,API,API,API,API
df2f55e257e876b6ea275193426ad187,Footwear with outer soles of rubber or plastics,2,Yes,1
c55bae3a76191853eac3791095fa2f40,Other footwear,2,Yes,1
86051b6e14d27c1c49bc19a129e0c263,"Trousers, overalls, shorts",2,No,1
8424ecc533658004a21670123c58be81,"Trunks, suitcases, vanity cases, executive-cases, briefcases, school satchels and similar",2,Yes,2
a579901c92b720e439a91cf29436e231,Articles of apparel and clothing accessories,2,No,85
32eab82b397f83b3f58b6acc81b5c4c5,Articles of a kind normally carried in the pocket or in the handbag,2,No,85
be1d5532f22f9e8b641681b159db30ea,WEBSITE,WEBSITE,WEBSITE,WEBSITE
75d2bf90df84b35538dcf47fe06b0044,WEBSITE,WEBSITE,WEBSITE,WEBSITE
594c1e86e726f63e84245bc16fa6f3a8,Other accessories,7,No,4
35e0a667e413a039753b8c38fc01f5ae,"Other e.g. braces, suspenders, garters and similar articles",2,Yes,15
df64af13f3dd9161526859d0471ff163," T-shirts, singlets and other vests",2,No,5
61739f9d6ec1a13bf558eb361d6d3f1d,Footwear with outer soles of leather or composition leather,2,Yes,1
2e4807659dfd070ab1d7c2873542fe39," T-shirts, singlets and other vests",2,Yes,40
c2b75805cd66b9c87d4854908c9669f7,,2,Yes,40
5f764bd80b8027cf648f1b603f825b49," T-shirts, singlets and other vests",2,Yes,40
c7dc04321b5fb92be1fe960ca52cbdc4," T-shirts, singlets and other vests",2,Yes,40
6f0eeab38ba2eb8e0a3341ffe2bc9150," T-shirts, singlets and other vests",2,Yes,40
3d330fad6155bfdabcfd331dc8d26f86," T-shirts, singlets and other vests",2,Yes,40
dbb9f9178934cb295b71e2e662a154f2,Footwear with outer soles of rubber or plastics,2,Yes,7
fcdd0994793d7620982201732509924c,Other footwear,2,Yes,7
55cbbdc4dea3aef09eca2ec8cc9c78fa,,2,No,1
6ee8d42506ee9381d7e35aea2d47817e,Footwear with outer soles of rubber or plastics,2,No,1
be305205db74badfaf0ada4e499cdb89,WEBSITE,WEBSITE,WEBSITE,WEBSITE
85941ebfb7b82f355a5f8ca213e298fa,"Handbags, whether or not with shoulder strap, including those without handle",2,No,1
75d9da67e8cce1613dd37ee7ced92b49,Footwear with outer soles of rubber or plastics,2,Yes,12
a8e5f7059731aea157b302984df7f52d,"Handbags, whether or not with shoulder strap, including those without handle",3,Yes,4
b9bf429b219996e679e5f9c7eb467ad1,"Jerseys, pullovers, cardigans, waistcoats and similar articles, knitted or crocheted",2,No,1
577a83b94320d838ce6544e4f4e51347,Footwear with outer soles of rubber or plastics,2,No,1
e362620239aeaa62a11b1a063d5e2e8c,Shirts,2,Yes,1
4f73f2cee6f4f47323519ebb6f0489a7,"Trunks, suitcases, vanity cases, executive-cases, briefcases, school satchels and similar",2,No,2
7db41fd6eb5c3a37c123f5484a553261,,2,Yes,177
5f6feda4cec062f9320433241af6bbc5,"Coats: overcoats, raincoat, cape, cloak, ski jackets, windcheaters, wind-jackets and similar articles",2,Yes,177
ade2f5d567692dbc9f80b1e148168684,Babies' Other garments and clothing accessories,2,No,5
dd4d053a12a3d8450166dba9177bac2c,Footwear with outer soles of rubber or plastics,2,No,5
03326467381feceb086b7122772203a1,"Babies' Sweaters, pullovers, sweatshirts, waistcoats (vests) and similar articles, except those imported as parts of sets",2,No,5
946da14ba5730e302ccb81246be9a023,"Babies' Trousers, breeches and shorts, except those imported as parts of sets",2,No,5
5d4bfc5c0cbc8ac583df29eb0651d8eb,"Shawls, scarves, mufflers, mantillas, veils and similar articles",2,No,5
131850f8571aed86dca7cd2a37179970,Underpants and briefs,3,Yes,24
5ed4d7f786fb1e7afb6fbb4ee3a77ee1,Underpants and briefs,3,Yes,24
7a085f84bc1433c6bf650ae43cce77d6,Underpants and briefs,3,Yes,24
775b1c2b8a5b1e50d9b906e13dae1647,Underpants and briefs,3,Yes,24
80ffcb355e24f94d27906ee0df3aec5b,Underpants and briefs,3,Yes,24
17e747931d454c263af73dc37b1cc1da,Footwear with outer soles of rubber or plastics,2,Yes,1
8c9524b5c81fa2ae089e47edbd98190d,N/D,1,Yes,1
4e4b8e1ae8eab53f1edfdaaf0d9dfd52,N/D,2,No,16
ae276ac4cc2dc7e84fd296f415b823b9,Belts,11,Yes,3
72486fbbfb33060ab7a718a9267cb6be,N/D,2,No,5
586c345a1bdd066eab470aec3050ae66,Other footwear,2,No,9
d35850f0d11c02e969193876d59803ef,Footwear with outer soles of rubber or plastics,3,No,50
f2c342a0b68220f23eb89817b532f6b7,Other footwear,3,No,50
ed2df30f568fdfdcb449541cdff6d850,Swimwear,3,No,50
00ba38b7ee536240f609a331f3cedf67,"Pantyhose, tights",3,No,50
3c1b5f50ba945634de589a712be3e9c0,,3,No,50
a57a2e95a2509b478ca954ebcdbe6720,"Pantyhose, tights",3,No,50
0902e137ac319f4b0bd02fea90ce0e34,,3,No,50
523a560c3fd4a17c057bbd1d20080f1a,"Pantyhose, tights",3,No,50
