id,ddpsubcategory,shiptypeid,hasitemsonbag,country
eefc9e10ebdc4a2333b42b2dbb8f27b6,"Babies' Trousers, breeches and shorts, except those imported as parts of sets",2,Yes,3
5807a685d1a9ab3b599035bc566ce2b9,Babies' Outerwear,2,Yes,3
d840cc5d906c3e9c84374c8919d2074e,Footwear with outer soles of rubber or plastics,2,No,1
959a557f5f6beb411fd954f3f34b21c3," T-shirts, singlets and other vests",2,No,1
f2201f5191c4e92cc5af043eebfd0946," T-shirts, singlets and other vests",2,No,1
3a835d3215755c435ef4fe9965a3f2a0,Footwear with outer soles of rubber or plastics,2,Yes,17
288cc0ff022877bd3df94bc9360b9c5d,WEBSITE,WEBSITE,WEBSITE,WEBSITE
4ea06fbc83cdd0a06020c35d50e1e89a,Dresses,2,Yes,3
b7ee6f5f9aa5cd17ca1aea43ce848496,Dresses,2,Yes,3
e57c6b956a6521b28495f2886ca0977a,Dresses,2,Yes,3
86b122d4358357d834a87ce618a55de0,"Jerseys, pullovers, cardigans, waistcoats and similar articles, knitted or crocheted",2,Yes,3
4e0928de075538c593fbdabb0c5ef2c3,"Babies' Dresses or skirts, except those imported as parts of sets",2,Yes,3
c0f168ce8900fa56e57789e2a2f2c9d0,Dresses,2,Yes,3
8c6744c9d42ec2cb9e8885b54ff744d0,"Trousers, overalls, shorts",2,Yes,3
f1c1592588411002af340cbaedd6fc33,"Trousers, overalls, shorts",2,Yes,3
e07413354875be01a996dc560274708e,"Trousers, overalls, shorts",2,Yes,3
67d96d458abdef21792e6d8e590244e7,"Trousers, overalls, shorts",2,Yes,3
a8e864d04c95572d1aece099af852d0a,"Handbags, whether or not with shoulder strap, including those without handle",1,No,1
7143d7fbadfa4693b9eec507d9d37443,"Jerseys, pullovers, cardigans, waistcoats and similar articles, knitted or crocheted",2,Yes,12
72da7fd6d1302c0a159f6436d01e9eb0,"Pantyhose, tights",2,Yes,12
6e0721b2c6977135b916ef286bcb49ec,"Pantyhose, tights",2,Yes,12
fc8001f834f6a5f0561080d134d53d29,"Pantyhose, tights",2,Yes,12
4b04a686b0ad13dce35fa99fa4161c65,"Other e.g. braces, suspenders, garters and similar articles",1,No,1
61b4a64be663682e8cb037d9719ad8cd,"Coats: overcoats, raincoat, cape, cloaks and similar articles",2,Yes,1
3621f1454cacf995530ea53652ddf8fb,"Jerseys, pullovers, cardigans, waistcoats and similar articles, knitted or crocheted",2,Yes,1
c15da1f2b5e5ed6e6837a3802f0d1593,"Trousers, overalls, shorts",2,No,1
68053af2923e00204c3ca7c6a3150cf7," T-shirts, singlets and other vests",2,Yes,12
2dace78f80bc92e6d7493423d729448e,Footwear with outer soles of rubber or plastics,2,Yes,41
df7f28ac89ca37bf1abd2f6c184fe1cf,"Jerseys, pullovers, cardigans, waistcoats and similar articles, knitted or crocheted",2,Yes,41
96ea64f3a1aa2fd00c72faacf0cb8ac9,"Jerseys, pullovers, cardigans, waistcoats and similar articles, knitted or crocheted",2,Yes,41
da8ce53cf0240070ce6c69c48cd588ee,"Trousers, overalls, shorts",2,Yes,41
82489c9737cc245530c7a6ebef3753ec,,2,Yes,41
7c590f01490190db0ed02a5070e20f01,"Blouses, shirts and shirt-blouses",2,Yes,1
35cf8659cfcb13224cbd47863a34fc58,"Trousers, overalls, shorts",2,Yes,1
beb22fb694d513edcf5533cf006dfeae,"Jerseys, pullovers, cardigans, waistcoats and similar articles, knitted or crocheted",2,Yes,1
9e3cfc48eccf81a0d57663e129aef3cb,N/D,2,Yes,1
28267ab848bcf807b2ed53c3a8f8fc8a,Other footwear,1,No,1
7a53928fa4dd31e82c6ef826f341daec,WEBSITE,WEBSITE,WEBSITE,WEBSITE
1905aedab9bf2477edc068a355bba31a,Other footwear,2,Yes,16
1141938ba2c2b13f5505d7c424ebae5f," T-shirts, singlets and other vests",2,Yes,16
1aa48fc4880bb0c9b8a3bf979d3b917e,,2,Yes,16
dc5689792e08eb2e219dce49e64c885b," T-shirts, singlets and other vests",2,Yes,16
846c260d715e5b854ffad5f70a516c88," T-shirts, singlets and other vests",2,No,5
d58072be2820e8682c0a27c0518e805e," T-shirts, singlets and other vests",2,No,5
6e7b33fdea3adc80ebd648fffb665bb8,Candles,2,No,3
a8ecbabae151abacba7dbde04f761c37,Footwear with outer soles of rubber or plastics,2,No,12
32b30a250abd6331e03a2a1f16466346,,2,No,1
b6edc1cd1f36e45daf6d7824d7bb2283,Dresses,2,Yes,4
670e8a43b246801ca1eaca97b3e19189,Dresses,2,Yes,3
81e74d678581a3bb7a720b019f4f1a93,"Jerseys, pullovers, cardigans, waistcoats and similar articles, knitted or crocheted",2,Yes,3
e0cf1f47118daebc5b16269099ad7347,N/D,2,Yes,3
96b9bff013acedfb1d140579e2fbeb63,Other footwear with outer soles of leather,2,Yes,3
71ad16ad2c4d81f348082ff6c4b20768,"Jerseys, pullovers, cardigans, waistcoats and similar articles, knitted or crocheted",2,Yes,3
43fa7f58b7eac7ac872209342e62e8f1,"Jerseys, pullovers, cardigans, waistcoats and similar articles, knitted or crocheted",2,Yes,3
31839b036f63806cba3f47b93af8ccb5,API,API,API,API
f0adc8838f4bdedde4ec2cfad0515589,Other footwear with outer soles of leather,11,Yes,3
3b5dca501ee1e6d8cd7b905f4e1bf723,,2,Yes,3
e2a2dcc36a08a345332c751b2f2e476c,Other footwear with outer soles of leather,2,Yes,3
4558dbb6f6f8bb2e16d03b85bde76e2c,"Jerseys, pullovers, cardigans, waistcoats and similar articles, knitted or crocheted",2,Yes,3
afda332245e2af431fb7b672a68b659d,,2,Yes,3
632cee946db83e7a52ce5e8d6f0fed35,Other footwear with outer soles of leather,11,Yes,3
677e09724f0e2df9b6c000b75b5da10d,Belts,8,No,1
d554f7bb7be44a7267068a7df88ddd20,WEBSITE,WEBSITE,WEBSITE,WEBSITE
795c7a7a5ec6b460ec00c5841019b9e9,,2,Yes,17
fa3a3c407f82377f55c19c5d403335c7,,2,No,1
c2626d850c80ea07e7511bbae4c76f4b,Footwear with outer soles of rubber or plastics,2,Yes,1
ce78d1da254c0843eb23951ae077ff5f," T-shirts, singlets and other vests",2,No,9
8e82ab7243b7c66d768f1b8ce1c967eb,"Jerseys, pullovers, cardigans, waistcoats and similar articles, knitted or crocheted",2,No,9
e0ec453e28e061cc58ac43f91dc2f3f0,WEBSITE,WEBSITE,WEBSITE,WEBSITE
7250eb93b3c18cc9daa29cf58af7a004,WEBSITE,WEBSITE,WEBSITE,WEBSITE
013a006f03dbc5392effeb8f18fda755,Dresses,2,No,19
301ad0e3bd5cb1627a2044908a42fdc2,,2,No,19
4d5b995358e7798bc7e9d9db83c612a5,"Blouses, shirts and shirt-blouses",2,No,19
ab88b15733f543179858600245108dd8,Other footwear with outer soles of leather,2,No,19
b0b183c207f46f0cca7dc63b2604f5cc," T-shirts, singlets and other vests",2,No,19
f9028faec74be6ec9b852b0a542e2f39,Dresses,2,No,19
8f7d807e1f53eff5f9efbe5cb81090fb,"Handbags, whether or not with shoulder strap, including those without handle",2,Yes,44
fa83a11a198d5a7f0bf77a1987bcd006,Other footwear with outer soles of leather,2,Yes,45
02a32ad2669e6fe298e607fe7cc0e1a0,Other footwear with outer soles of leather,2,Yes,45
fc3cf452d3da8402bebb765225ce8c0e,Other footwear with outer soles of leather,2,Yes,45
3d8e28caf901313a554cebc7d32e67e5,Shirts,2,Yes,12
e97ee2054defb209c35fe4dc94599061,"Hats and other headgear, knitted or crocheted, or made-up from lace, felt or other textile fabric, in the piece (but not in strips), whether or not lined or trimmed",2,Yes,12
b86e8d03fe992d1b0e19656875ee557c,,2,Yes,12
84f7e69969dea92a925508f7c1f9579a,Dresses,2,No,19
f4552671f8909587cf485ea990207f3b," T-shirts, singlets and other vests",2,Yes,1
362e80d4df43b03ae6d3f8540cd63626,Briefs and panties,2,Yes,1
fe8c15fed5f808006ce95eddb7366e35,"Blouses, shirts and shirt-blouses",1,Yes,1
1efa39bcaec6f3900149160693694536,"Coats: overcoats, raincoat, cape, cloak, ski jackets, windcheaters, wind-jackets and similar articles",2,Yes,1
92fb0c6d1758261f10d052e6e2c1123c,"Coats: overcoats, raincoat, cape, cloak, ski jackets, windcheaters, wind-jackets and similar articles",12,Yes,1
22ac3c5a5bf0b520d281c122d1490650,"Trousers, overalls, shorts",2,Yes,1
aff1621254f7c1be92f64550478c56e6,Brassi?res,2,Yes,1
f7e9050c92a851b0016442ab604b0488,"Blouses, shirts and shirt-blouses",2,Yes,1
addfa9b7e234254d26e9c7f2af1005cb,"Blouses, shirts and shirt-blouses",2,Yes,1
8c235f89a8143a28a1d6067e959dd858," T-shirts, singlets and other vests",2,Yes,1
847cc55b7032108eee6dd897f3bca8a5,Nightshirts and pyjamas,2,Yes,1
a67f096809415ca1c9f112d96d27689b,"Jerseys, pullovers, cardigans, waistcoats and similar articles, knitted or crocheted",6,Yes,1
2a084e55c87b1ebcdaad1f62fdbbac8e,"Coats: overcoats, raincoat, cape, cloaks and similar articles",2,Yes,1
fc49306d97602c8ed1be1dfbf0835ead,Underpants and briefs,2,Yes,1
f9a40a4780f5e1306c46f1c8daecee3b,Brassi?res,2,Yes,1
5ec91aac30eae62f4140325d09b9afd0,"Blouses, shirts and shirt-blouses",2,Yes,1
19b650660b253761af189682e03501dd,"Other e.g. braces, suspenders, garters and similar articles",2,Yes,1
1fc214004c9481e4c8073e85323bfd4b,Other accessories,1,Yes,1
3b3dbaf68507998acd6a5a5254ab2d76,Dresses,2,Yes,1
ca8155f4d27f205953f9d3d7974bdd70,"Blouses, shirts and shirt-blouses",2,Yes,1
ede7e2b6d13a41ddf9f4bdef84fdc737,Nightshirts and pyjamas,2,Yes,1
dd45045f8c68db9f54e70c67048d32e8,Jackets and blazers,2,Yes,1
49c9adb18e44be0711a94e827042f630,"Blouses, shirts and shirt-blouses",2,Yes,1
22fb0cee7e1f3bde58293de743871417,API,API,API,API
aeb3135b436aa55373822c010763dd54,WEBSITE,WEBSITE,WEBSITE,WEBSITE
