id,ddpsubcategory,shiptypeid,hasitemsonbag,country
4262cbfb74fc8b0fbaf620e3b3321e6b,WEBSITE,WEBSITE,WEBSITE,WEBSITE
16f6bc48da2ef0c419d4faf849fb7329,"Jerseys, pullovers, cardigans, waistcoats and similar articles, knitted or crocheted",2,Yes,19
a6115ed32394915aac1e5502382eaaea,"Trunks, suitcases, vanity cases, executive-cases, briefcases, school satchels and similar",2,No,1
714234ab026fa63f547176d4e8f4099b,Dresses,2,No,19
e34f85db4cf0d3c5369a1b4698b0be87,Other footwear with outer soles of leather,2,Yes,3
d2825822b63de296b2b3de98aaff73f0,Babies' Other garments and clothing accessories,2,No,19
51d3cab6da2603ad816083eb371d13ad,Other footwear,2,No,19
b0d5dfa4cfd8218fe92aabce6b038121,Other footwear with outer soles of leather,2,No,19
b781fa2c2a911b4f7bc266890e468c07,"Babies' Blouses and Shirts, except those imported as parts of sets",2,No,19
8de87767bd3f8718a40f662602ae4fed,Footwear with outer soles of rubber or plastics,2,No,5
8e895696ef7c7fb3b388bf1cbe4b9966,Babies' Other garments and clothing accessories,2,No,19
806cc0fb5aaea4c65be7d2426ee3eeb0,"Babies' Blouses and Shirts, except those imported as parts of sets",2,No,19
a622d08f07d0fb7e9b8e387cc75a2c00,"Babies' Sweaters, pullovers, sweatshirts, waistcoats (vests) and similar articles, except those imported as parts of sets",2,No,19
1f9bf0131d0018ebc668923310bb7161,Other footwear with outer soles of leather,3,Yes,20
f0189453632ac4ced6f0c916bb0cad19,Jackets and blazers,3,Yes,20
c0e920d48d69b4287130bcaf2bca88d6,API,API,API,API
fc0bfa8385651aba8ca764cfbffc1575,Footwear with outer soles of rubber or plastics,2,Yes,19
89202350af983d0e793ea79697accf55,WEBSITE,WEBSITE,WEBSITE,WEBSITE
4ecbaca2cf496340586c77676615d025,"Jerseys, pullovers, cardigans, waistcoats and similar articles, knitted or crocheted",2,No,5
bfaa543c0bd80ed5e567ea123e913430,"Jerseys, pullovers, cardigans, waistcoats and similar articles, knitted or crocheted",2,No,5
aebe157da837d21512b5a1ad0f4e4221,Footwear with outer soles of rubber or plastics,2,Yes,5
1a3f528a7f59019679c74f693310a5e1,"Blouses, shirts and shirt-blouses",2,No,3
2ae8d33bd854abb2635b15214eb3ed1f,Other footwear with outer soles of leather,2,Yes,3
c19dad5c1e3c2a9ff0c90213402d46ad," T-shirts, singlets and other vests",2,Yes,5
097d94c608f53cafc83121891ae9834c,"Trunks, suitcases, vanity cases, executive-cases, briefcases, school satchels and similar",2,Yes,5
c406f51031890dc72c70d4122ad82b11,"Trousers, overalls, shorts",2,Yes,5
5c646320f1b0e3e3975edb7742332640,WEBSITE,WEBSITE,WEBSITE,WEBSITE
e439917608d60fc29ebf139028364072,Dresses,3,Yes,4
e854a9943e3cb196a19532854feb684e,"Handbags, whether or not with shoulder strap, including those without handle",2,Yes,4
2ec2f9f2af88551bd3066e2a9304ee7c,"Hats and other headgear, knitted or crocheted, or made-up from lace, felt or other textile fabric, in the piece (but not in strips), whether or not lined or trimmed",2,Yes,4
1db3ba9a3d958ca08786ad452621efac,WEBSITE,WEBSITE,WEBSITE,WEBSITE
ca89b7b947afed6fd6ad6b5e9f205805,"Coats: overcoats, raincoat, cape, cloak, ski jackets, windcheaters, wind-jackets and similar articles",2,No,17
3592eda3e878dde5bc1bddde6ffabe36,WEBSITE,WEBSITE,WEBSITE,WEBSITE
b8e952992d7dc9bf144a4b1b0f4208e9,WEBSITE,WEBSITE,WEBSITE,WEBSITE
303a276abbf0c67e6c97675b7c1e5690,WEBSITE,WEBSITE,WEBSITE,WEBSITE
4d05095890f17ffc24077a7623dad869,,2,Yes,19
ede79a5ee534f274b5f109567e6c4722,Other footwear,3,No,55
638e4b67a5c863b01bec07ae05253341,Footwear with outer soles of leather or composition leather,2,Yes,21
7f660095e1c004352d07687ea629950b,,2,Yes,21
1b5c032612c95eab017aa71621705f40,,2,Yes,17
709b6839d764651ee36ecdefdb0c486e,"Jerseys, pullovers, cardigans, waistcoats and similar articles, knitted or crocheted",2,Yes,17
ee3da9b304de2f389d9ad1822dbe2dc9,Babies' Other garments and clothing accessories,2,Yes,17
57f2c7573dc33d0b4e43255ec0b01488,"Jerseys, pullovers, cardigans, waistcoats and similar articles, knitted or crocheted",2,Yes,17
a747f844c54b2dc8ccae9a98061ddbb3,"Trousers, overalls, shorts",2,No,41
b24877075cc69ad3634b9b7a5e51de96," T-shirts, singlets and other vests",2,No,41
fb12595fe3e3854389114b43d8cbc620,Dresses,2,Yes,5
4a466e42051f049289f7ad04cd13266c,"Jerseys, pullovers, cardigans, waistcoats and similar articles, knitted or crocheted",2,No,3
9517cb26244e36390b432a48d55591e1,WEBSITE,WEBSITE,WEBSITE,WEBSITE
29b1b86fc7656f13a13d14ba38a29a4f,N/D,2,No,3
136bcf84b2ca75cc88a0925582d3689c,Other footwear,2,No,3
921266c92e912a7646927b2381b08ffc,"Shawls, scarves, mufflers, mantillas, veils and similar articles",3,No,11
1a3185e4781d6aba537d2ed1ff29e265,Footwear with outer soles of rubber or plastics,2,Yes,5
02810ee8240709d91af1cf16144f0e52,WEBSITE,WEBSITE,WEBSITE,WEBSITE
926eefd36e6dc0996191e69c08eb1f96,Other footwear,2,No,5
a11a8602c0bdfa64f344b691f2da4d0f,"Handbags, whether or not with shoulder strap, including those without handle",2,No,5
c2d8e160dd0b0d87ace52cf8289b26d4,Footwear with outer soles of rubber or plastics,2,Yes,15
58abc13c25cee24517947428e362999c,Footwear with outer soles of rubber or plastics,2,Yes,15
8ccdf4b1001867a8dea29e70a7abc3e6,WEBSITE,WEBSITE,WEBSITE,WEBSITE
fb9fcbbdf53a951ad3d7a6dda5ea0f6a," T-shirts, singlets and other vests",3,No,9
7f81920b7c111f949ddf7e629936acae,"Blouses, shirts and shirt-blouses",2,Yes,11
d36c77b99feeb7272809f44f1f0b0fec,Other footwear with outer soles of leather,2,Yes,11
115b73f419693ec19ee708211c80a2ce,Sunglasses,5,No,9
bc524410ff5d6e003e4f9b9714e1a13a,Other footwear with outer soles of leather,14,No,29
3125eef78fe80745d7276bd905527ddd,Other footwear with outer soles of leather,14,No,29
a8b65238c05ab1ca13dd23e3b6fe4167,,2,No,16
a60ced6e3254569ab0812dbf7de00f98,,3,No,24
d4e238509268feb6bacff616f13ab2d7,"Jerseys, pullovers, cardigans, waistcoats and similar articles, knitted or crocheted",2,Yes,12
0d61e032ac22da33acb0db3d54a8f4ec,Shirts,3,No,9
20b02e57f3c1a6b7d540329b76cd61a6,,3,No,9
26be735080c109e08f5081b9adef306f,WEBSITE,WEBSITE,WEBSITE,WEBSITE
2e0633ced7713b71d9ea672e65a708f6,"Handbags, whether or not with shoulder strap, including those without handle",13,Yes,1
f79f86226ad3c54388f0fc63d4299aec,Footwear with outer soles of rubber or plastics,2,No,61
b6aa0417ebf4b5441cad8f5d05d884bd,Footwear with outer soles of rubber or plastics,2,No,61
9884c173cd8bcd36d44eb85ea8acfec2,Other footwear,2,No,61
340038fe3fc275f5a652ed034dcc89ff,Other footwear,2,No,61
55af60d72c920924ad0b6eb4b93e9231,"Blouses, shirts and shirt-blouses",2,Yes,19
3b19a3c579f379423b53cb218ba03baf,"Handbags, whether or not with shoulder strap, including those without handle",2,Yes,16
15c4c5ca59e90c9a2d7c705887eb0c2a,Jackets and blazers,2,Yes,16
28ed3995f95af51f2a41460ed0be12fc,Other footwear with outer soles of leather,2,No,4
9602772d53f84448e1fee3068238405b,Footwear with outer soles of rubber or plastics,3,No,11
d835b8549dd68a4ddd1f1830b863c2f7," T-shirts, singlets and other vests",2,Yes,12
598ef234adb6e3312d67098a4c38c875,"Handbags, whether or not with shoulder strap, including those without handle",3,Yes,9
e441ee64e0aae130223c66e31153cd5e,"Coats: overcoats, raincoat, cape, cloak, ski jackets, windcheaters, wind-jackets and similar articles",2,No,16
7bfe70b9dc9bffecac158f82bf5495a9,Suits,2,No,16
22322c263d37e40f21571c48862aebb5," T-shirts, singlets and other vests",2,Yes,12
2137741e17c2868ead929b32a270f9f6,,2,Yes,12
7bd04c759e572f17540362dd02d2905f,"Trousers, overalls, shorts",2,Yes,19
2281696efe1bb9dce95822a3e4b5c378,"Jerseys, pullovers, cardigans, waistcoats and similar articles, knitted or crocheted",2,No,3
5cc432ca3f54d647b60779a83d2bd101,Dresses,2,No,3
aa9c98d2abfb8b73835ea9994f0f61a8,"Blouses, shirts and shirt-blouses",2,No,3
4e0e02586b05cc6d38f5aa07195dd8da,"Jerseys, pullovers, cardigans, waistcoats and similar articles, knitted or crocheted",2,No,3
c59e2caa751cd45c1174cfc41775d680,"Jerseys, pullovers, cardigans, waistcoats and similar articles, knitted or crocheted",2,No,3
f0489ba0bfdcceb489ec1273f9f7b7a4,"Of base metal, whether or not plated with precious metal",2,No,15
8dc29ff8a2b07fb81b5a3a771b8ef07a,WEBSITE,WEBSITE,WEBSITE,WEBSITE
debb2a090e0a7ab3f9010cf89f282971,"Jerseys, pullovers, cardigans, waistcoats and similar articles, knitted or crocheted",2,No,17
283c53a1a1af3cdff3387c5be4135f6f,Articles of a kind normally carried in the pocket or in the handbag,3,No,60
96d48a79390d3a97b15be93e834ab9a0,Other footwear with outer soles of leather,2,Yes,15
fb5a1f17079eb806a7cfc458950b4f65,WEBSITE,WEBSITE,WEBSITE,WEBSITE
85c8901b589bc4c3c230c43c46164ab3,"Jerseys, pullovers, cardigans, waistcoats and similar articles, knitted or crocheted",2,Yes,17
9cb9aa0ba3c0d66f244cfa4ff5e5ce66,"Coats: overcoats, raincoat, cape, cloaks and similar articles",2,Yes,17
05da04e8d32723e2286a3d5f33eacc5b,,2,Yes,17
25426a9fcea03b93d254bdd1adfd3c01,"Handbags, whether or not with shoulder strap, including those without handle",2,No,5
b8b44ae10ba47f98199b767ca980e448,Of precious metal whether or not plated or clad with precious metal,3,No,29
130007db6a7a425ceaba33cfe89e38da,"Jerseys, pullovers, cardigans, waistcoats and similar articles, knitted or crocheted",2,Yes,3
3017d41f768a232cce8658954cc207fb,"Handbags, whether or not with shoulder strap, including those without handle",2,Yes,17
1f830ae9af248f0738c0feaec2b4cc62,Other footwear with outer soles of leather,2,Yes,3
5782817b02e2903d9c8659e9ee7d6af7,"Jerseys, pullovers, cardigans, waistcoats and similar articles, knitted or crocheted",3,No,12
a8bee037d9eda427bcb9064f6bf84d51,"Blouses, shirts and shirt-blouses",2,No,4
7d95de8348a86db9e09fb991a7163ec4,,2,Yes,19
