id,ddpsubcategory,shiptypeid,hasitemsonbag,country
9ff88c944180fe608980d01443fa2a7f,Footwear with outer soles of rubber or plastics,2,No,22
57e9a08fb3ee57e653238afa09038295,Footwear with outer soles of rubber or plastics,2,No,22
cb8de50798517194aeb83463e608dd74,Footwear with outer soles of rubber or plastics,2,No,22
211a78111e4898ebe8985717e10223a4,Footwear with outer soles of rubber or plastics,2,Yes,17
3e4d20980bad82814414cb12fecc0e18,"Jerseys, pullovers, cardigans, waistcoats and similar articles, knitted or crocheted",2,Yes,17
cc52528758db685566dfe13453a64c38,"Jerseys, pullovers, cardigans, waistcoats and similar articles, knitted or crocheted",2,Yes,17
4b10a31b950d7095afad98c2f9818d42,,3,No,9
b4f77ade23649de1df37e323e0e13a48,Other footwear,2,No,4
2ac6f0dc7b727629fb9bf84786e079a0,"Handbags, whether or not with shoulder strap, including those without handle",2,Yes,36
7d0df59f3c1e5274d617681ecf41276b," T-shirts, singlets and other vests",2,Yes,11
7b66dda1eadecccddc4380c0c3b2a3fb,Other footwear with outer soles of leather,3,No,4
9543ebc8b20de50f7556b08df040509d,Other footwear with outer soles of leather,3,No,20
4150e431ffa6ebd3563270788714a009,Other footwear,2,No,4
e0a172c674ce02d3c3c5be1d20fb5b56,Jackets and blazers,2,Yes,19
c266f36a1a310299adabf8d5ade58421,Footwear with outer soles of rubber or plastics,2,Yes,19
445203d401987acf9bd786874abb0bd8,,2,Yes,19
04bbc62bfaac6dc848314968d4db91af,"Coats: overcoats, raincoat, cape, cloaks and similar articles",2,No,55
a824ba4fc50a020cd3a1d5acf08c5486,"Trousers, overalls, shorts",3,No,55
17c2d18f646f7f21b3228bb15509830f,Shirts,2,No,63
0fb6e518098dc72341a4316b853e6800,Other footwear with outer soles of leather,3,No,55
3615a4e88c023716d77ebb2d29acac8a,,3,No,63
7f5c3cde82e3fb65acb1d9720ea9a81f,"Trousers, overalls, shorts",3,No,55
87dee4d4a9b03cd7524ee48cbab6add1,API,API,API,API
bf904830a053f48181ae8dd960005b89,"Pantyhose, tights",3,No,55
0955b5c20301891c4162e9efd26679d3,"Of base metal, whether or not plated with precious metal",3,No,55
493d3ffccb1afe1937578f99efdc2528,"Pantyhose, tights",3,No,55
5d82f28c280f9bc5ae304300f44b78b7,"Trousers, overalls, shorts",2,Yes,12
a11342bf87f0871946dc4c9f52637158,WEBSITE,WEBSITE,WEBSITE,WEBSITE
91edc2b1a9bc58f9b2201cf9fbc5aada,WEBSITE,WEBSITE,WEBSITE,WEBSITE
ede7ed2adfc0297f6cc68dcd1c211e89,Other footwear,2,Yes,12
b6fdea766737c2a3eb4ef1f92840aefa,"Coats: overcoats, raincoat, cape, cloak, ski jackets, windcheaters, wind-jackets and similar articles",3,Yes,20
8e23b903faded07eac378c95bf2c73e6,"Trousers, overalls, shorts",2,Yes,16
ee5977b14a71a6a84f7406a8749c3eac,"Trousers, overalls, shorts",2,Yes,16
41d08e404a6c3243322e80de92a57edd,"Trousers, overalls, shorts",2,Yes,16
c021702a5772f3a93d594e3918663734,"Handbags, whether or not with shoulder strap, including those without handle",2,No,15
12ed0d9a8fc0d780252dbf4f9dcb6037,"Blouses, shirts and shirt-blouses",2,No,4
f374f606f0ad6246b375ae0cf20a1b5c,"Blouses, shirts and shirt-blouses",3,No,4
96a341ac0f0ad8ec2c2cd0e0d950203a,"Handbags, whether or not with shoulder strap, including those without handle",2,Yes,19
2526a4149093872bf4a291e4f2308a47,"Handbags, whether or not with shoulder strap, including those without handle",2,Yes,19
66740872ee5f52d527a8307f34d426d4,"Handbags, whether or not with shoulder strap, including those without handle",2,Yes,19
44386f4b9dd1e1b54d3934939379c1e9,Footwear with outer soles of rubber or plastics,3,Yes,4
b5a6542105f9cc206d8cbdde0e1e6602,Jackets and blazers,3,Yes,4
a33174c0f1d72b4686ecbf0ff8318c05,Articles of a kind normally carried in the pocket or in the handbag,2,No,3
6a110d07db45b1ace6dcdc0cbea85cf1,Articles of apparel and clothing accessories,2,No,4
6645081859c05aa9e8a19c1404d8e680,Jackets and blazers,3,Yes,9
dad7e851012c3d9c094e3c0702b089d6,,3,Yes,29
5ac249894a3192d1e3d494a91e13de76,"Jerseys, pullovers, cardigans, waistcoats and similar articles, knitted or crocheted",3,Yes,29
2b4aef9238605280ba653a70276d137a,"Jerseys, pullovers, cardigans, waistcoats and similar articles, knitted or crocheted",3,No,9
3db074909c4fab58b25d536fc61e5cb9,Footwear with outer soles of rubber or plastics,2,No,16
4b328b4c003fbc5e8db26382f1b39354,Other footwear with outer soles of leather,2,No,16
ce7de9fe26ec264f69a2f06e81112a20,Sunglasses,2,No,3
cd573c5e74fdf6e572d62e904e0b88ac,Other footwear with outer soles of leather,2,No,5
e5a481a383352690b8993469964f477e,API,API,API,API
7f203fae0ba76d0edffb611c68b20fa2," T-shirts, singlets and other vests",2,Yes,5
29a11e203e67478dc15b92a9b4f0ccfb," T-shirts, singlets and other vests",2,Yes,3
7fead16006fb29a5d5b15c842fe1757f," T-shirts, singlets and other vests",2,Yes,3
cfc94e0878b7f02df6a83efc04573ed3,Shirts,2,Yes,3
5c43c8214da50ad8be043a9f47cc390b,"Trousers, overalls, shorts",2,Yes,3
74208afa67a707e43206c70ed62f5642,Jackets and blazers,2,No,25
fbfd9184d17bd5a70bb3028e9a5bee36,Articles of a kind normally carried in the pocket or in the handbag,2,No,3
48739c99c0d122eaf8bf2ba91eb244e7,Other footwear,2,No,4
c706a254416739a6a0a0d7c73197995d,WEBSITE,WEBSITE,WEBSITE,WEBSITE
135cf0027525868190f530c747d489fd,WEBSITE,WEBSITE,WEBSITE,WEBSITE
8d997859a1c184819b2f37d01b86e852,"Jerseys, pullovers, cardigans, waistcoats and similar articles, knitted or crocheted",2,Yes,4
48e368c26f07b76ce4fbd5f0971e78d5,Footwear with outer soles of rubber or plastics,9,Yes,1
d65541d6015ce2ccfd7b77fdc38cf9c8,API,API,API,API
161596ebc58bde7c4dd0eda081a0a18e," T-shirts, singlets and other vests",2,Yes,3
0df0cf61e83e18bd7bfe09a5b34625d0,API,API,API,API
0959494b92b81147796ce901ea4f9927," T-shirts, singlets and other vests",2,Yes,3
ed3786b1b8047861593a9dc9f79e7147,Slips and petticoats,2,No,5
7a83877e45ac6102b668a10c20258314,API,API,API,API
aaa07817d7cd2a7dce9e0ffac6286dbb,,2,No,17
36e8ce541ad3b87a4c89c0c1d76a7e08,WEBSITE,WEBSITE,WEBSITE,WEBSITE
e86ffb9c42bde2ec9362a2921a9aafad,"Trousers, overalls, shorts",2,No,1
d7938f39968a2923bd4a9d923e3dd150,Dresses,2,Yes,2
44743a737636df7f2224cd59152f3660,"Pantyhose, tights",2,Yes,2
0fd163804ecf11c9cb78f0d7851ac841,"Jerseys, pullovers, cardigans, waistcoats and similar articles, knitted or crocheted",2,Yes,2
1128e9e0f1fc927bb885835e0e7a6e48,Other footwear,2,No,1
f0f037ca00652ac8d5509652c91f1332,"Trunks, suitcases, vanity cases, executive-cases, briefcases, school satchels and similar",2,Yes,5
bb9ec487db356cdb71c445876ef74b2a,"Handbags, whether or not with shoulder strap, including those without handle",2,Yes,39
67d715f964c219c7844d1bedc9bfc6c5,Other clothing accessories,2,Yes,39
c5fe4e81780cbe804ff1b77889e5688f,"Shawls, scarves, mufflers, mantillas, veils and similar articles",2,No,5
9b772f978ab44fc4370a9424485d1ac7,,2,No,5
6e56378061ec42edea778394c32755cf,"Handbags, whether or not with shoulder strap, including those without handle",3,No,30
3648099174dfbd954311cf9899b21d23,"Jerseys, pullovers, cardigans, waistcoats and similar articles, knitted or crocheted",2,Yes,48
9b64b3e5c039af1a762566cff8c1edc5,Other footwear with outer soles of leather,2,Yes,12
188a7c6cb06c5d4e3e618fbc5050eeee,N/D,2,Yes,12
e280347ef979563640e93d8ca1d17054,Babies' Other garments and clothing accessories,2,Yes,45
a2889521192295c8152e61c5764e833c,WEBSITE,WEBSITE,WEBSITE,WEBSITE
1dd6160cd32dd1570d0f1568a8313eaa,Babies' Other garments and clothing accessories,2,Yes,45
5b9c93f7113aa689b172eafa97f86570,"Jerseys, pullovers, cardigans, waistcoats and similar articles, knitted or crocheted",2,Yes,17
f8673f92306b9e9626f0aa177dbf580a,"Coats: overcoats, raincoat, cape, cloak, ski jackets, windcheaters, wind-jackets and similar articles",2,Yes,17
ee6fb1c7e6791031d026fd148e79a7c9,N/D,2,Yes,17
f6c99682c53caa3c1bcb044d16788da4,"Handbags, whether or not with shoulder strap, including those without handle",2,No,12
05fed12a3640637a95ff13096174e1ab,Other footwear,2,Yes,57
83a5a9893a3094eefc15667e13447576,Other footwear,1,No,1
7a7539d744846dbafd1824a15c5687ad,Footwear with outer soles of rubber or plastics,2,Yes,16
043228d2f5bc768f511b77f4c8fe19c4,Shirts,2,Yes,15
96779302c4239dbd3c67cb399313b2fe,"Blouses, shirts and shirt-blouses",2,Yes,9
3e56ec9dee354b5ee40fd91150cab524,N/D,3,Yes,9
45ad2753ed51df889026585e8983e9b8,Jackets and blazers,2,Yes,16
5eeeda8260bbbe4d827864ea94d0a14f,"Jerseys, pullovers, cardigans, waistcoats and similar articles, knitted or crocheted",2,Yes,16
c020186dd35c748fa9be4349ac5f7617,API,API,API,API
231df6a2d4b8dd7c4f2a23f29950c45a,"Trunks, suitcases, vanity cases, executive-cases, briefcases, school satchels and similar",2,No,19
a8f39121177d2284d12ab3d1cf800056,N/D,2,No,1
6b5f9d36aa72ec638d4901ffc9b153fd," T-shirts, singlets and other vests",2,No,1
0419e4886d526a8ea944005a56bff323," T-shirts, singlets and other vests",2,No,1
03bc19ec6e540a6533b138f2160e1f45,N/D,1,No,1
ebdc5b57dadbfdc4f89b2c00e3997391,"Hats and other headgear, knitted or crocheted, or made-up from lace, felt or other textile fabric, in the piece (but not in strips), whether or not lined or trimmed",2,Yes,5
