id,ddpsubcategory,shiptypeid,hasitemsonbag,country
39d6530ef19d55fc98e82cb3907519fa,Other footwear with outer soles of leather,2,No,1
032abcd424b4312e7087f434ef1c0094,"Jerseys, pullovers, cardigans, waistcoats and similar articles, knitted or crocheted",2,Yes,1
da40657c9fece7e48d30af42d31d4350,API,API,API,API
966eaa9527eb956f0dc8788132986707,Skirts,2,Yes,1
7ab6acc5bbf252028d5ffa1b92e6beb1,,2,Yes,1
c862b02975932127779faae44decffb4,Footwear with outer soles of rubber or plastics,2,No,3
d6f84c02e2a54908d96f410083beb6e0,"Jerseys, pullovers, cardigans, waistcoats and similar articles, knitted or crocheted",2,No,3
89b9e0a6f6d1505fe13dea0f18a2dcfa,"Shawls, scarves, mufflers, mantillas, veils and similar articles",2,Yes,12
3b2acfe2e38102074656ed938abf4ac3,Articles of a kind normally carried in the pocket or in the handbag,2,Yes,71
85f66a7cda62391535fa2bd56811b806,Other footwear,2,No,1
5043553b7018eb5255510c3b9d2c8c88,WEBSITE,WEBSITE,WEBSITE,WEBSITE
80a9efd37c62cbdee2351192983a43d6,Skirts,2,No,3
1e6e25d952a0d639b676ee20d0519ee2,"Jerseys, pullovers, cardigans, waistcoats and similar articles, knitted or crocheted",2,Yes,19
502cc2c94be1a7c4ca7ef25b8b50bc04,"Coats: overcoats, raincoat, cape, cloak, ski jackets, windcheaters, wind-jackets and similar articles",2,Yes,97
ae502204564aafbffb712be630e3910b," T-shirts, singlets and other vests",2,Yes,41
52130c418d4f02c74f74a5bc1f8020b2," T-shirts, singlets and other vests",2,Yes,41
23ef5cf238a3b88085d95adf94c24a25," T-shirts, singlets and other vests",2,Yes,41
14b7367a28377d4d513a4d3349861d2f,"Jerseys, pullovers, cardigans, waistcoats and similar articles, knitted or crocheted",2,Yes,41
3c51419c5607de9699da15be1274b4a6," T-shirts, singlets and other vests",2,Yes,41
988f9153ac4fd966ea302dd9ab9bae15,"Jerseys, pullovers, cardigans, waistcoats and similar articles, knitted or crocheted",2,Yes,41
16002f7a455a94aa4e91cc34ebdb9f2d,,2,Yes,41
a35d11c2f995c60b0341a9c777f1ae03,Footwear with outer soles of rubber or plastics,2,No,43
6b1a864b240fc77e3a901e3470b243f9,Of precious metal whether or not plated or clad with precious metal,2,Yes,4
081be9fdff07f3bc808f935906ef70c0,"Handbags, whether or not with shoulder strap, including those without handle",2,Yes,12
d55eaf8506f9046a88b8730781830194,Other clothing accessories,2,No,39
0fd600c953cde8121262e322ef09f70e,WEBSITE,WEBSITE,WEBSITE,WEBSITE
b8002139cdde66b87638f7f91d169d96,Footwear with outer soles of rubber or plastics,2,Yes,1
fa95123aa5f89781ed4e89a55eb2edcc,Other footwear,2,No,3
29c08a4baebd25af6a2acf659cf834e8,Footwear with outer soles of rubber or plastics,2,No,3
c359889a833e7612e0cff1dc69d272bc,WEBSITE,WEBSITE,WEBSITE,WEBSITE
b68c8d589e6268e7283cc8230ae8f908,Footwear with outer soles of rubber or plastics,2,Yes,12
5c48ff18e0a47baaf81d8b8ea51eec92,Dresses,2,Yes,1
1915523773b16865a73a38acc952ccda,Dresses,2,Yes,1
48c8c3963853fff20bd9e8bee9bd4c07,Other footwear with outer soles of leather,2,Yes,1
fa733611ef13bd333ebfbab7eed14b63,"Jerseys, pullovers, cardigans, waistcoats and similar articles, knitted or crocheted",2,No,19
c6663e689b7d1495526d8c7403ccc67f," T-shirts, singlets and other vests",2,No,19
62d90d223cf3e2239113a4963b191d71,WEBSITE,WEBSITE,WEBSITE,WEBSITE
d728587fff2d87201eae0a158507d814,Footwear with outer soles of rubber or plastics,2,No,19
bf4d73f316737b26f1e860da0ea63ec8," T-shirts, singlets and other vests",2,No,19
ab22e28b58c1e3de6bcef48d3f5d8b4a,"Handbags, whether or not with shoulder strap, including those without handle",2,Yes,1
ae95296e27d7f695f891cd26b4f37078,,2,Yes,1
7690dd4db7a92524c684e3191919eb6b,Of precious metal whether or not plated or clad with precious metal,2,No,40
0c5534f554a26f7aeb7c780e12bb1525,,2,No,40
791d3a0048b9c200dceca07f99ddd178,"Of base metal, whether or not plated with precious metal",2,No,40
d4ea5dacfff2d8a35c0952291779290d,Other,2,No,40
f38fef4c0e4988792723c29a0bd3ca98," T-shirts, singlets and other vests",2,Yes,4
5d7009220a974e94404889274d3a9553," T-shirts, singlets and other vests",2,Yes,4
c3cbd51329ff1a0169174e9a78126ee1," T-shirts, singlets and other vests",2,No,3
03793ef7d06ffd63d34ade9d091f1ced," T-shirts, singlets and other vests",3,Yes,9
fea33a31df7d05a276193d32621ecbe4,WEBSITE,WEBSITE,WEBSITE,WEBSITE
be4e02ac094a09d32e3c09b34f3883a2,"Trousers, overalls, shorts",2,No,12
575afbdca5a101e3088b2b6554398b0c,"Jerseys, pullovers, cardigans, waistcoats and similar articles, knitted or crocheted",2,No,12
69961657077e0093ed761aa01916c5ff,Dresses,2,No,12
48b454e539ea33c2028f007fd948336c,WEBSITE,WEBSITE,WEBSITE,WEBSITE
e9bf14a419d77534105016f5ec122d62,Skirts,2,No,12
2669e6395964ace98119e8e86b789dd7,WEBSITE,WEBSITE,WEBSITE,WEBSITE
e551d3ddbf87bddac369765bd58213a5,"Blouses, shirts and shirt-blouses",2,No,12
9399e0b02c73fcc14cd11d9b4e685f2e,Footwear with outer soles of rubber or plastics,2,No,12
34d94cf9ca228a78848313df32d668d1,"Trousers, overalls, shorts",2,No,12
3368986bdca0efedda1eda8d39b3ae6c,"Trousers, overalls, shorts",2,No,12
e21bd8ab999859f3642d2227e682e66f,"Trousers, overalls, shorts",2,No,12
b3ddb7c5b10be95dbc3f9152c58becce,"Jerseys, pullovers, cardigans, waistcoats and similar articles, knitted or crocheted",2,No,12
171ae1bbb81475eb96287dd78565b38b,Other footwear with outer soles of leather,2,No,12
7d38b1e9bd793d3f45e0e212a729a93c," T-shirts, singlets and other vests",2,Yes,3
6a6e3ec7373f2a5d2fdb3e4e5b80debd," T-shirts, singlets and other vests",2,Yes,3
dbd90a665ea6f292f36ebdb3d442826d," T-shirts, singlets and other vests",2,Yes,3
048e2f1447691907b18b2a37e7ed2322,Other footwear,2,No,12
9f319422ca17b1082ea49820353f14ab,Footwear with outer soles of rubber or plastics,2,No,16
7648557e5c7f1ecd407347dde3bd9927,N/D,1,No,1
9cd013fe250ebffc853b386569ab18c0,Of precious metal whether or not plated or clad with precious metal,2,No,1
f7fa6aca028e7ff4ef62d75ed025fe76,"Of base metal, whether or not plated with precious metal",2,No,1
c9bc734c0663a142b7bec265098f8dbf,Footwear with outer soles of rubber or plastics,2,Yes,12
dc91d6e23d859879bbaf0a9d7f27fb77,Babies' Sets,2,Yes,12
4fc7e9c4df30aafd8b7e1ab324f27712,WEBSITE,WEBSITE,WEBSITE,WEBSITE
503e7dbbd6217b9a591f3322f39b5a6c,"Blouses, shirts and shirt-blouses",2,Yes,1
6acb084470c0a8bdf431d5427d1f29bc,Footwear with outer soles of rubber or plastics,2,No,5
e2e5096d574976e8f115a8f1e0ffb52b,"Jerseys, pullovers, cardigans, waistcoats and similar articles, knitted or crocheted",2,No,5
65d90fc6d307590b14e9e1800d4e8eab,"Trousers, overalls, shorts",2,No,5
6a0724f1d3e80fd5f761cacb7efe8593,Dresses,2,No,4
e6051b3bfe716cc4a38c2f39ec199873,"Headbands, ponytail holders and similar articles",2,No,12
7ac52e3f2729d1b3f6d2b7e8f6467226,"Trousers, overalls, shorts",2,Yes,3
97ea3cfb64eeaa1edba65501d0bb3c86,"Coats: overcoats, raincoat, cape, cloaks and similar articles",2,Yes,30
4c92d46d3b1aad8a64eb35d7312d067c,WEBSITE,WEBSITE,WEBSITE,WEBSITE
749b3dec12dee44c9594af615a9de86b,Belts,7,Yes,61
a36adbc35e69b22acbf9f834a0deb286,"Trunks, suitcases, vanity cases, executive-cases, briefcases, school satchels and similar",7,Yes,61
070c425fd005e11aec1a90706dda66f5,Jackets and blazers,2,Yes,61
3f00f874e9837b0ec850a34c85432d66,"Jerseys, pullovers, cardigans, waistcoats and similar articles, knitted or crocheted",2,No,1
c8d3a760ebab631565f8509d84b3b3f1,Swimwear,2,Yes,8
df1a336b7e0b0cb186de6e66800c43a9,,2,Yes,35
f37c4630c796617ace93e19c350c321e,,2,Yes,35
d9bd3e8809c72d9493d84928ab8c4497,N/D,2,Yes,35
3f9e3767ef3b10a0de4c256d7ef9805d,,2,Yes,35
ba3c95c2962d3aab2f6e667932daa3c5,N/D,2,No,7
f90bebdc692f68ebf8f1dee68a01a8e0,Sunglasses,2,Yes,12
1511919f603e917ae2f763b63c5c15b6,N/D,2,Yes,1
71f538c5db462f9bf1c7a8521c622c41,,2,No,55
007202387c4274c570d9cb72943fc873,Footwear with outer soles of rubber or plastics,3,Yes,12
e105b88b3e1ac23ec811a708cd7edebf,N/D,4,Yes,7
7eca143caaf49d9e3dc5c04961a314a0,"Blouses, shirts and shirt-blouses",4,Yes,7
4c07fe24771249c343e70c32289c1192,Jackets and blazers,3,Yes,4
d5ade38a2c9f6f073d69e1bc6b6e64c1,"Coats: overcoats, raincoat, cape, cloak, ski jackets, windcheaters, wind-jackets and similar articles",2,No,19
709d00f20f8a1638608f109597a521a9,"Jerseys, pullovers, cardigans, waistcoats and similar articles, knitted or crocheted",2,No,2
1074cf6dee6fd3a453ea3fa9d190a430,"Trousers, overalls, shorts",2,Yes,1
6c752cebb3e95bbb82cb59c3e19a27bf,WEBSITE,WEBSITE,WEBSITE,WEBSITE
801a089759389ea9fa5f77ecc339f4be,WEBSITE,WEBSITE,WEBSITE,WEBSITE
6524341b411c77cdbd9dbc15f522c7b3,WEBSITE,WEBSITE,WEBSITE,WEBSITE
54f3bc04830d762a3b56a789b6ff62df,"Trousers, overalls, shorts",2,Yes,97
4eb82f891b344474e99cab5955f075d7,Footwear with outer soles of rubber or plastics,2,No,44
0cc6ee01c82fc49c28706e0918f57e2d,Other footwear with outer soles of leather,2,Yes,12
