id,ddpsubcategory,shiptypeid,hasitemsonbag,country
15be3bb5e73e522c790ddab71139be87," T-shirts, singlets and other vests",3,No,24
869aa4e590a3e5ade1653bae36af931f," T-shirts, singlets and other vests",2,No,5
debec436828e096fcdac3818b479e9c5,"Trousers, overalls, shorts",2,No,4
2d31cb28609a0ccb044e798fe73c023a,Other footwear with outer soles of leather,2,Yes,1
9167cc8accc959198587364ce47e85f1,"Jerseys, pullovers, cardigans, waistcoats and similar articles, knitted or crocheted",2,Yes,1
9919b5be1e784220aed3424d2c7d4f92,WEBSITE,WEBSITE,WEBSITE,WEBSITE
42d1c50ae5d16ac87a53c26eba4c0bac,,2,Yes,19
4ded794853244f27260983a94dc0952d,,2,Yes,19
0a8f5b11549f3328567e249fd99ef542,Footwear with outer soles of rubber or plastics,2,Yes,41
6adc41a67e52a9521321bac23b0d193f,API,API,API,API
4ad8cb70c1c96e29fc4e4f015b7098cf,API,API,API,API
809cae2ef19e36f177e905895934017d,"Handbags, whether or not with shoulder strap, including those without handle",2,Yes,5
d4e7b5bfadf45ce808f878850f4346bd,Footwear with outer soles of rubber or plastics,3,No,14
16182005bd21b9be069cbdab1ab69b97,API,API,API,API
5ebbbe6623e9eff1ecee45c4b5fd6689,Sunglasses,2,No,5
176ed7e7db753ce84127d40491513441,N/D,2,No,5
43a077fcb428261f55a3446ea8a8fd6d,Footwear with outer soles of rubber or plastics,3,Yes,12
ef9e61f40a16debff9e117b3ba400370,Other footwear with outer soles of leather,2,No,16
14c27feb915d73d39a09f471c9ae6e7e,"Coats: overcoats, raincoat, cape, cloak, ski jackets, windcheaters, wind-jackets and similar articles",3,No,9
29a9f10726e82bdc215f4b809e4ee802,WEBSITE,WEBSITE,WEBSITE,WEBSITE
57d152c5c4943c5b0c5bbb33265febe2,"Jerseys, pullovers, cardigans, waistcoats and similar articles, knitted or crocheted",2,No,1
5cf1a7d89988952211e26ee6ff878f35,"Jerseys, pullovers, cardigans, waistcoats and similar articles, knitted or crocheted",2,No,1
893292bd94510dc1d447c3e00afaa2c5,"Jerseys, pullovers, cardigans, waistcoats and similar articles, knitted or crocheted",3,No,14
66075d445a7b98ee0306cd3fdfa59af4,"Trousers, overalls, shorts",3,No,14
10ceadfa10eb9e86a3a466f800fe7220,Skirts,2,No,19
9f0fbe2d01a47e6e652d84e4f1fd0b89,API,API,API,API
f7680f89e664c51a80e0b887bd541bac,,2,No,5
38953413b87b8c82cd2fa9e01912605c,"Trousers, overalls, shorts",3,Yes,50
2f0ff22127c1d5766c577a5b7e60d131,"Pantyhose, tights",3,Yes,50
8a66e27259babb08e6d05f95212c2d9d,Footwear with outer soles of rubber or plastics,3,Yes,50
5eca4b8725ad6c88fd76c8fff7ea7b6c,Footwear with outer soles of rubber or plastics,2,No,5
6c2a60785d1be4ad1e88e1cc69175b27,Other footwear with outer soles of leather,2,No,5
6f7c86134145de311a7f1b8e133ea9fc,N/D,2,Yes,41
a44a8f0274cb4f31902b2b01dc478a00,Dresses,2,Yes,41
0c036d41b0ecc6fe6278c05ac1c64f1b,"Jerseys, pullovers, cardigans, waistcoats and similar articles, knitted or crocheted",2,Yes,41
3495a68015fbfb794d6389b8a9b84b30,Footwear with outer soles of rubber or plastics,2,No,4
46a4fdb48319e07300a68ecd20f2bd94,Dresses,9,No,20
f87db57f4e63f5720c522f459fe94e63,"Blouses, shirts and shirt-blouses",2,No,20
4b8427719270eabd77fa7bb17e07c5a6,"Blouses, shirts and shirt-blouses",2,Yes,5
67941a7854c8f77e4e18d2953737308e,Dresses,2,Yes,5
9fcedc2a2f50d38a6e202493a14021dc,"Blouses, shirts and shirt-blouses",2,Yes,5
9f9ab38b1809e382c9ec0e93d85668bf,"Handbags, whether or not with shoulder strap, including those without handle",2,Yes,3
0a5d02ba53d7c6d5d15cb6d95afcf0a2,Other footwear,2,No,5
1935652b5eb49521a98addc236582be6,Other footwear with outer soles of leather,2,No,5
d5f0cf1c24947d48253de8fe1409c5ec,Dresses,2,No,5
36125352638845f5a20223ba6a55e522,Other footwear,2,No,5
8923d70c1cfa2fb0690ca3b912600332,Footwear with outer soles of rubber or plastics,2,No,5
c945e7759bc4be450b3288c28dc46393,Dresses,2,Yes,1
89208ae97021c41fcef657cf29ebb014,"Hats and other headgear, knitted or crocheted, or made-up from lace, felt or other textile fabric, in the piece (but not in strips), whether or not lined or trimmed",2,No,5
8412563220e0cd9cab237d8760b88820,,2,No,5
f49e83655b804ba2c8f0c309463cafe7,Items of leather clothing & accessories,2,No,5
423bc747421ee0d43ec8db423f5f82dd,Footwear with outer soles of rubber or plastics,2,Yes,17
e7d11614e80b824a79f77f57934255dc,N/D,2,Yes,17
65a3312ce06e73e0e3ab0554110df684,Swimwear,2,No,5
ccf6d01f210f93a8601a9946e445d1ea,"Handbags, whether or not with shoulder strap, including those without handle",2,No,5
045d15245e5284c32f464332f09a99f2,"Handbags, whether or not with shoulder strap, including those without handle",3,No,9
6fbc4c256d7058de80017981b2253c78," T-shirts, singlets and other vests",2,No,4
8cf6517690fea7c336e6bb5c99f41c15,Dresses,3,No,55
775b15dcd80d6b67223627218123edd7,"Trousers, overalls, shorts",2,Yes,56
e4bd04c70ceb80c8c6d544d75d235c8a,"Jerseys, pullovers, cardigans, waistcoats and similar articles, knitted or crocheted",2,Yes,56
caa3d0f8578cca5d7e5daf5d1ffd1425,"Blouses, shirts and shirt-blouses",2,Yes,17
d5510b2e793187ba82840ef35588cd10,API,API,API,API
1f3435c7390fbc03bdc3621c420c7ebe,"Blouses, shirts and shirt-blouses",2,Yes,17
63ad5ea7af9f1c89c67341462e4ba9cd,Dresses,2,Yes,17
56537e95d7b284e349468c25a97ac9b7,N/D,2,Yes,16
3c965b7c5ab792d1e5ea0ad33e2959a0,Footwear with outer soles of leather or composition leather,2,No,19
b58d60916e2916392e997a6a1d78225e,,2,Yes,5
80e026bcd09f75afdeadb5effc5ea9da,"Trousers, overalls, shorts",2,Yes,5
5b3cba6b0094238aed7a3dd8e2ef7fd8,"Trunks, suitcases, vanity cases, executive-cases, briefcases, school satchels and similar",2,Yes,5
5db64e62cd0745d584ec813f10deb223,"Trousers, overalls, shorts",2,Yes,5
d58b87277b4c279fccb3dde7c545f27c,"Trousers, overalls, shorts",2,No,3
de5656630437a7bdb8edbd098fcf9ba4," T-shirts, singlets and other vests",3,No,4
78b65d185f7a0f243ea918c4262d9df2,"Blouses, shirts and shirt-blouses",2,Yes,16
1b5bba6d709e8a8d69e854b0643d1298,"Jerseys, pullovers, cardigans, waistcoats and similar articles, knitted or crocheted",2,Yes,16
3ad96b6f6313cfbac453056010b01a88,API,API,API,API
ecb8ba45005a41152433214976c56736,"Pantyhose, tights",2,Yes,16
0ca9d7e107eb21fe03a304ce3ca49d0f,Skirts,2,Yes,16
49a73033903c2eb9369d51cdf2fac591,Jackets and blazers,2,Yes,19
b942759fa2d68cec4f1c8efd4e38d56f,Shirts,2,Yes,19
00c9157a614a13927382c42cc26dbfd4,"Blouses, shirts and shirt-blouses",2,Yes,19
05eeb7e3a9da1d8c9337cfcd2cc9ebe6,Dresses,2,Yes,19
67794c5983045ac9b88a013b14240abf,Skirts,2,Yes,19
57f6bcf008fdf5d34788ba175cb1501b,Footwear with outer soles of rubber or plastics,2,Yes,4
a54ddb402bd6590aa27965e4c34901e3,Jackets and blazers,3,Yes,11
1e42f92c7b51ca334ac4d4a7b2810ea5,Dresses,3,Yes,11
b2ad6b3f8e9ecf45af1dd9f1cac68191,"Coats: overcoats, raincoat, cape, cloaks and similar articles",3,Yes,11
2e8465a4b7312d8967b9c10f277e86fc,"Handbags, whether or not with shoulder strap, including those without handle",2,No,12
22947f7b314bdab94a01ca0657babeb7,"Jerseys, pullovers, cardigans, waistcoats and similar articles, knitted or crocheted",2,Yes,12
15ee68a742f185d424f83a1825215eec," T-shirts, singlets and other vests",2,Yes,12
494dd6a5a5cbae03607435ddd8e2b514," T-shirts, singlets and other vests",2,No,30
d0356ed1d4f504cdf7b2110e099be9da,N/D,2,No,3
dd4683d340788634bed273ead9dc181b,Shirts,2,No,3
a65b4d7b5b945e1e2e9ab24926a58754,Footwear with outer soles of rubber or plastics,2,No,7
a355762fdef10d04c1be03f647d7884e,"Shawls, scarves, mufflers, mantillas, veils and similar articles",2,No,4
85e5cc8dd7c008d1322c828ca56bb5bf,Suits,2,No,4
5fac42e0f78f0a61ea68ebbc40966cca,WEBSITE,WEBSITE,WEBSITE,WEBSITE
5dc869708f170898b1c50bb49a852ad6,"Jerseys, pullovers, cardigans, waistcoats and similar articles, knitted or crocheted",3,Yes,20
ad2fac73376c59d115b480e89608e9ee,"Handbags, whether or not with shoulder strap, including those without handle",2,No,3
38a978f88b70aa7322c6f2f7eb59751b,"Handbags, whether or not with shoulder strap, including those without handle",2,Yes,1
c7c2098386c011dcd149faabe8f97e1f,Other footwear with outer soles of leather,2,Yes,4
f6afe246a4ee1b3d401a9c6c5be55434,Other footwear,4,Yes,7
867d32b10a8193535342987ac1d48756," T-shirts, singlets and other vests",4,Yes,7
4010a395fab832d509d7759419f2c481,Shirts,2,No,16
4bddbdf08c3f717afcfd5f56ef91433a," T-shirts, singlets and other vests",9,Yes,24
7d0b47d2db08b84009fcfef037f5896e," T-shirts, singlets and other vests",3,Yes,24
f4e3fb498442499bc8b2f27d233ca293," T-shirts, singlets and other vests",2,Yes,24
236c8d2149e8b843b7a5c9a554b27c88,WEBSITE,WEBSITE,WEBSITE,WEBSITE
be8122a3d793d8cc0a09b7febb8ed0ae,Articles of apparel and clothing accessories,2,Yes,1
19150097978a3d831dff0be05f58236e,"Jerseys, pullovers, cardigans, waistcoats and similar articles, knitted or crocheted",2,Yes,1
